dataset,station,sim,template,n_all,n_mod,n_high,max_r,mean_r
ingv,ECPN,sim1,template1,4106,4087,19,0.598,0.293
ingv,ECPN,sim1,template2,4148,4129,19,0.568,0.296
ingv,ECPN,sim1,template3,4787,4707,80,0.676,0.322
ingv,ECPN,sim1,template4,715,715,0,0.342,0.23
ingv,ECPN,sim2,template1,4238,4144,94,0.656,0.316
ingv,ECPN,sim2,template2,3878,3807,71,0.641,0.312
ingv,ECPN,sim2,template3,3621,3553,68,0.6,0.309
ingv,ECPN,sim2,template4,1120,1120,0,0.403,0.242
ingv,ECPN,sim3,template1,4254,4142,112,0.695,0.321
ingv,ECPN,sim3,template2,3743,3600,143,0.701,0.322
ingv,ECPN,sim3,template3,3781,3621,160,0.739,0.322
ingv,ECPN,sim3,template4,1293,1293,0,0.482,0.249
ingv,ECPN,sim4,template1,4371,4181,190,0.726,0.334
ingv,ECPN,sim4,template2,3990,3850,140,0.739,0.322
ingv,ECPN,sim4,template3,3942,3746,196,0.698,0.326
ingv,ECPN,sim4,template4,1273,1273,0,0.469,0.249
ingv,EEC1,sim1,template1,3849,3835,14,0.545,0.297
ingv,EEC1,sim1,template2,3493,3484,9,0.584,0.289
ingv,EEC1,sim1,template3,4159,4082,77,0.687,0.313
ingv,EEC1,sim1,template4,793,793,0,0.438,0.228
ingv,EEC1,sim2,template1,3248,3166,82,0.697,0.3
ingv,EEC1,sim2,template2,3139,3127,12,0.565,0.289
ingv,EEC1,sim2,template3,2738,2731,7,0.538,0.284
ingv,EEC1,sim2,template4,697,697,0,0.366,0.232
ingv,EEC1,sim3,template1,3216,3170,46,0.606,0.294
ingv,EEC1,sim3,template2,3069,3044,25,0.586,0.292
ingv,EEC1,sim3,template3,3225,3183,42,0.618,0.293
ingv,EEC1,sim3,template4,881,881,0,0.383,0.235
ingv,EEC1,sim4,template1,3216,3141,75,0.693,0.297
ingv,EEC1,sim4,template2,2727,2708,19,0.588,0.288
ingv,EEC1,sim4,template3,2603,2585,18,0.557,0.289
ingv,EEC1,sim4,template4,529,529,0,0.389,0.24
experiment,EC1,sim1,template1,482,481,1,0.548,0.296
experiment,EC1,sim1,template2,426,424,2,0.565,0.289
experiment,EC1,sim1,template3,515,503,12,0.618,0.313
experiment,EC1,sim1,template4,99,99,0,0.335,0.227
experiment,EC1,sim2,template1,429,417,12,0.647,0.303
experiment,EC1,sim2,template2,364,359,5,0.515,0.292
experiment,EC1,sim2,template3,330,329,1,0.541,0.293
experiment,EC1,sim2,template4,92,92,0,0.36,0.239
experiment,EC1,sim3,template1,393,387,6,0.566,0.294
experiment,EC1,sim3,template2,399,395,4,0.555,0.294
experiment,EC1,sim3,template3,405,397,8,0.551,0.296
experiment,EC1,sim3,template4,115,115,0,0.363,0.238
experiment,EC1,sim4,template1,379,367,12,0.626,0.305
experiment,EC1,sim4,template2,357,354,3,0.522,0.292
experiment,EC1,sim4,template3,335,332,3,0.56,0.29
experiment,EC1,sim4,template4,73,73,0,0.353,0.243
experiment,EC10,sim1,template1,397,397,0,0.474,0.293
experiment,EC10,sim1,template2,352,350,2,0.507,0.291
experiment,EC10,sim1,template3,449,441,8,0.582,0.319
experiment,EC10,sim1,template4,73,73,0,0.307,0.227
experiment,EC10,sim2,template1,384,376,8,0.676,0.3
experiment,EC10,sim2,template2,333,331,2,0.57,0.291
experiment,EC10,sim2,template3,307,305,2,0.59,0.291
experiment,EC10,sim2,template4,66,66,0,0.317,0.225
experiment,EC10,sim3,template1,379,375,4,0.563,0.296
experiment,EC10,sim3,template2,277,277,0,0.485,0.284
experiment,EC10,sim3,template3,275,275,0,0.49,0.282
experiment,EC10,sim3,template4,41,41,0,0.315,0.235
experiment,EC10,sim4,template1,361,356,5,0.61,0.301
experiment,EC10,sim4,template2,286,286,0,0.482,0.287
experiment,EC10,sim4,template3,263,262,1,0.562,0.286
experiment,EC10,sim4,template4,38,38,0,0.306,0.235
experiment,ECIT,sim1,template1,521,518,3,0.584,0.306
experiment,ECIT,sim1,template2,441,439,2,0.554,0.291
experiment,ECIT,sim1,template3,512,506,6,0.565,0.312
experiment,ECIT,sim1,template4,121,121,0,0.391,0.233
experiment,ECIT,sim2,template1,506,503,3,0.565,0.309
experiment,ECIT,sim2,template2,386,383,3,0.568,0.291
experiment,ECIT,sim2,template3,334,330,4,0.545,0.288
experiment,ECIT,sim2,template4,69,69,0,0.338,0.236
experiment,ECIT,sim3,template1,509,501,8,0.592,0.316
experiment,ECIT,sim3,template2,314,311,3,0.534,0.295
experiment,ECIT,sim3,template3,305,303,2,0.524,0.292
experiment,ECIT,sim3,template4,58,58,0,0.394,0.244
experiment,ECIT,sim4,template1,403,397,6,0.668,0.299
experiment,ECIT,sim4,template2,314,312,2,0.503,0.29
experiment,ECIT,sim4,template3,314,313,1,0.527,0.288
experiment,ECIT,sim4,template4,68,68,0,0.374,0.234
experiment,ECOR,sim1,template1,448,445,3,0.714,0.286
experiment,ECOR,sim1,template2,479,475,4,0.727,0.281
experiment,ECOR,sim1,template3,515,515,0,0.469,0.29
experiment,ECOR,sim1,template4,77,77,0,0.395,0.227
experiment,ECOR,sim2,template1,520,513,7,0.67,0.326
experiment,ECOR,sim2,template2,361,357,4,0.581,0.285
experiment,ECOR,sim2,template3,324,321,3,0.565,0.279
experiment,ECOR,sim2,template4,50,50,0,0.34,0.231
experiment,ECOR,sim3,template1,518,511,7,0.771,0.317
experiment,ECOR,sim3,template2,344,342,2,0.515,0.28
experiment,ECOR,sim3,template3,266,265,1,0.501,0.275
experiment,ECOR,sim3,template4,26,26,0,0.311,0.234
experiment,ECOR,sim4,template1,396,393,3,0.691,0.291
experiment,ECOR,sim4,template2,300,299,1,0.507,0.28
experiment,ECOR,sim4,template3,329,327,2,0.578,0.278
experiment,ECOR,sim4,template4,45,45,0,0.327,0.231
experiment,EMAS,sim1,template1,535,533,2,0.526,0.313
experiment,EMAS,sim1,template2,544,542,2,0.53,0.309
experiment,EMAS,sim1,template3,469,452,17,0.839,0.301
experiment,EMAS,sim1,template4,182,182,0,0.34,0.226
experiment,EMAS,sim2,template1,440,420,20,0.87,0.303
experiment,EMAS,sim2,template2,457,440,17,0.81,0.296
experiment,EMAS,sim2,template3,516,515,1,0.559,0.302
experiment,EMAS,sim2,template4,104,98,6,0.674,0.269
experiment,EMAS,sim3,template1,435,417,18,0.868,0.3
experiment,EMAS,sim3,template2,431,419,12,0.636,0.309
experiment,EMAS,sim3,template3,396,383,13,0.663,0.31
experiment,EMAS,sim3,template4,115,115,0,0.484,0.26
experiment,EMAS,sim4,template1,438,421,17,0.833,0.308
experiment,EMAS,sim4,template2,374,365,9,0.575,0.304
experiment,EMAS,sim4,template3,354,342,12,0.613,0.315
experiment,EMAS,sim4,template4,99,99,0,0.404,0.258
