dataset,kind,rho,chisq
ingv,real signal,0.9246339435865318,0.2792269062518042
ingv,real signal,0.8676425043215797,0.5060102850670509
ingv,real signal,0.9011497759220191,0.3653620815411584
ingv,real signal,0.912473585182212,0.2945082009138967
ingv,real signal,0.8846550954131484,0.2052320344078822
ingv,real signal,0.8853060226806616,0.5407765206579862
ingv,real signal,0.9187481958223946,0.14598046557660513
ingv,real signal,0.9312759343380511,0.20795381915334898
ingv,real signal,0.9213038255073881,0.3161280639471978
ingv,real signal,0.9136072152181554,0.10305291443547866
ingv,real signal,0.9163731574558017,0.28521033252232036
ingv,real signal,0.8722935032208793,0.2645445906142526
ingv,real signal,0.9333498370237779,0.14695069729457852
ingv,real signal,0.9409503509612606,0.021704191245664924
ingv,real signal,0.8702538690362386,0.40360759314064193
ingv,real signal,0.8474987620381859,0.2998525285326709
ingv,real signal,0.8985105186862865,0.091700970661933
ingv,real signal,0.9238091659297928,0.12050293389389084
ingv,real signal,0.8748576906063632,0.21601403336156308
ingv,real signal,0.9143857164003183,0.21340988350094825
ingv,real signal,0.927748946118798,0.18556114889382036
ingv,real signal,0.9304740582994154,0.2086203136501169
ingv,real signal,0.8721652455227397,0.24474402296405967
ingv,real signal,0.8860266806790023,0.27147799370829845
ingv,real signal,0.9053740900377069,0.31610366721882566
ingv,real signal,0.8587113537343755,0.6729206313442777
ingv,real signal,0.9059075874467122,0.6207857283852353
ingv,real signal,0.8896678289379227,0.08180902854681393
ingv,real signal,0.9054989012982104,0.21994355026020257
ingv,real signal,0.8807454056472379,0.2104738028278895
ingv,real signal,0.8710413273945457,0.6280364429131439
ingv,real signal,0.9253997739137623,0.11809721526356039
ingv,real signal,0.9346043266519694,0.18792645522645018
ingv,real signal,0.9330952231355581,0.27767577012673833
ingv,real signal,0.9085045230550054,0.05862812618763676
ingv,real signal,0.8958072801286653,0.26373970272206165
ingv,real signal,0.9070625918207081,0.2903527355556801
ingv,real signal,0.9090951529652466,0.27604344817535287
ingv,real signal,0.9283875733112792,0.11705240807288056
ingv,real signal,0.9152028084181765,0.1219445194388095
ingv,real signal,0.8832525670812832,0.3566522539480677
ingv,real signal,0.9196448248701387,0.16991900652444508
ingv,real signal,0.9091274955960299,0.07536403931684095
ingv,real signal,0.8816235158865673,0.24461686045178196
ingv,real signal,0.89444227801109,0.19322924088020002
ingv,real signal,0.9008463238645921,0.1319604273661469
ingv,real signal,0.9151316253623064,0.19032205911073327
ingv,real signal,0.8866834799740001,0.07897586263321947
ingv,real signal,0.9457928067028268,0.09786265365923048
ingv,real signal,0.9265945218057274,0.16548710253711368
ingv,real signal,0.8885927697373655,0.14255828474834975
ingv,real signal,0.8815814217190042,0.3764104195542222
ingv,real signal,0.9355116454803157,0.21276886217231247
ingv,real signal,0.9109638505879016,0.11662218487953625
ingv,real signal,0.8917782596412064,0.18108984677103868
ingv,real signal,0.8779374847212165,0.3063463096692052
ingv,real signal,0.9251797567266563,0.21810667190033625
ingv,real signal,0.8947106252249788,0.23928898606721236
ingv,real signal,0.9140544682630857,0.23043485369520061
ingv,real signal,0.8922062730181893,0.10743030172048477
ingv,real signal,0.9026180139408471,0.19082360350125285
ingv,real signal,0.9028315719920756,0.2147137159706629
ingv,real signal,0.8992295874506341,0.368368026389898
ingv,real signal,0.8913852193617534,0.5039903533768065
ingv,real signal,0.9207279333837096,0.12498019155552173
ingv,real signal,0.9002651259907379,0.29371746683636624
ingv,real signal,0.8868853819862815,0.26429776084634027
ingv,real signal,0.9237543492821805,0.19270417898388295
ingv,real signal,0.9086384286755075,0.11682663776875968
ingv,real signal,0.9255934028091005,0.23413063275380283
ingv,real signal,0.8933512666578143,0.5048988056863726
ingv,real signal,0.9111776501670187,0.1305617150191477
ingv,real signal,0.9251415321537418,0.18237182175639366
ingv,real signal,0.9177902763921875,0.14305082626396207
ingv,real signal,0.9363972577103802,0.08892707775152839
ingv,real signal,0.9108107911438729,0.5457877165919434
ingv,real signal,0.9015658745780847,0.13026592993896385
ingv,real signal,0.852828637317921,0.3577086978513905
ingv,real signal,0.9322685389034765,0.08204577092788326
ingv,real signal,0.8721983969932948,0.17302550974412367
ingv,real signal,0.9001206012516226,0.39724054997785185
ingv,real signal,0.8700249506341632,0.13766435381297398
ingv,real signal,0.8766003434457036,0.21003365446370922
ingv,real signal,0.8936871143618567,0.055449168581250596
ingv,real signal,0.8652762902364118,0.37458165916759345
ingv,real signal,0.9141799559288616,0.0763918614926644
ingv,real signal,0.9196248641968666,0.06870343099212571
ingv,real signal,0.918489412385572,0.09990427105647952
ingv,real signal,0.931291541820958,0.23526719963660214
ingv,real signal,0.9138753889764076,0.28775863533218987
ingv,real signal,0.9095632842367699,0.45701766714436454
ingv,real signal,0.9079891060655135,0.19058880496901467
ingv,real signal,0.8671895016189927,0.25748309524847013
ingv,real signal,0.8884460185037043,0.14428611914107495
ingv,real signal,0.8855323711004935,0.2727170656297642
ingv,real signal,0.891546802002956,0.3440352968661471
ingv,real signal,0.8805635546047795,0.34421725966295325
ingv,real signal,0.879618918395381,0.3894017916397049
ingv,real signal,0.9414705492427624,0.10220332292471168
ingv,real signal,0.829755550842349,0.10789448895207618
ingv,real signal,0.9308998367703137,0.3399248802258843
ingv,real signal,0.8746809045632468,0.06760896620525876
ingv,real signal,0.8813972602432408,0.27848806813787635
ingv,real signal,0.8732581266190046,0.3062011051665721
ingv,real signal,0.9110884064421655,0.07330070752586523
ingv,real signal,0.891784154322523,0.23401260237192498
ingv,real signal,0.89986498544649,0.061743904149309636
ingv,real signal,0.9415303160960086,0.06541395258421757
ingv,real signal,0.8552820656906185,0.4039839073676369
ingv,real signal,0.9257630124174913,0.0910529368801037
ingv,real signal,0.919946457352681,0.14562522076210754
ingv,real signal,0.8577825213522116,0.37112865660068917
ingv,real signal,0.8860227458715816,0.06588774963093202
ingv,real signal,0.9243018918020612,0.1710762929641113
ingv,real signal,0.857260175992799,0.5321080171116586
ingv,real signal,0.9500619148836754,0.07805714571020028
ingv,real signal,0.9234533536869122,0.32868541455451894
ingv,real signal,0.921289978316472,0.22326136625641643
ingv,real signal,0.8861532809294579,0.24872359648366826
ingv,real signal,0.913097223208949,0.11806808730188366
ingv,spike glitch,0.30606692682514897,2.844787136847761
ingv,spike glitch,-0.3518659583175521,2.284511502465204
ingv,spike glitch,-0.3025637365185034,1.9571051560357342
ingv,spike glitch,-0.41553773263817245,1.6520348774254052
ingv,spike glitch,0.3455404974036511,1.1032170873003098
ingv,spike glitch,-0.4248375699542341,3.9166254391931195
ingv,spike glitch,0.509083418563147,1.692473705073373
ingv,spike glitch,0.2910684258345935,3.9359926855146368
ingv,spike glitch,0.3493301657196002,4.316874373053002
ingv,spike glitch,-0.38700383226225815,3.2090944928579725
ingv,spike glitch,-0.40542429283171766,5.332061595275924
ingv,spike glitch,-0.41743066164371984,2.0816137655050104
ingv,spike glitch,0.335980933623554,3.4266087799673
ingv,spike glitch,-0.3925488815968605,2.9135269362112166
ingv,spike glitch,-0.27952511965174137,3.607326770370097
ingv,spike glitch,-0.41250961887653537,1.3795030897625913
ingv,spike glitch,-0.33720000427073826,2.4527236525872183
ingv,spike glitch,-0.35405284652445584,4.31234603246023
ingv,spike glitch,0.3435366444631767,3.0935246869112816
ingv,spike glitch,0.40149676260822786,3.76326588456628
ingv,spike glitch,-0.3729413230220474,7.518469464826094
ingv,spike glitch,0.34276502085842775,2.31082018362846
ingv,spike glitch,0.38095212253771893,5.67961433125044
ingv,spike glitch,0.39734016743352696,1.3784595465487819
ingv,spike glitch,0.44886147935544646,1.6916133031396803
ingv,spike glitch,0.49076908520886203,1.6388134763766062
ingv,spike glitch,-0.2710681091377067,6.462007675703363
ingv,spike glitch,0.38204940531784365,2.897212289397995
ingv,spike glitch,-0.3010710167975239,1.7561226938845576
ingv,spike glitch,-0.3489323313311269,3.018338448490241
ingv,spike glitch,-0.44349631997818745,2.506423326341354
ingv,spike glitch,0.44686306959403543,4.197508459792338
ingv,spike glitch,0.34634285012520116,4.313440736649508
ingv,spike glitch,-0.5677176869331101,1.6277796030195455
ingv,spike glitch,0.3958457968800701,1.6621674119952974
ingv,spike glitch,-0.4247519935182187,0.871909296709127
ingv,spike glitch,0.38041230727691144,1.7915342954473485
ingv,spike glitch,0.34187124163659716,1.113583232289233
ingv,spike glitch,-0.3793335435154982,1.504276059019782
ingv,spike glitch,-0.4639481281981556,2.3787205107766622
ingv,spike glitch,-0.39225048191710316,0.9406750362204495
ingv,spike glitch,-0.33622405194566685,2.1413791999779415
ingv,spike glitch,-0.34868324678661866,1.9309925602584683
ingv,spike glitch,0.339684983991733,1.5576467595335193
ingv,spike glitch,-0.2794295537178132,4.913118263423252
ingv,spike glitch,0.4245839293463379,2.807419962698498
ingv,spike glitch,-0.5190320001880939,1.0795145809516675
ingv,spike glitch,-0.30671357822731016,5.016682435272991
ingv,spike glitch,-0.3711485201480779,1.5504064248639366
ingv,spike glitch,-0.33980706292263524,6.235837597146132
ingv,spike glitch,-0.2964364344584581,1.8686492199211246
ingv,spike glitch,0.4412355097719228,0.7658000514541845
ingv,spike glitch,-0.5687805911913111,1.5581749752800833
ingv,spike glitch,0.3501528685186044,4.064297826801818
ingv,spike glitch,-0.42161352416278675,2.7826936406979925
ingv,spike glitch,0.26617271951192617,1.8946512757232017
ingv,spike glitch,0.4933544478487221,1.1667560218857236
ingv,spike glitch,0.31292081294855023,2.4827324309242034
ingv,spike glitch,-0.33528598645181623,4.93216962162766
ingv,spike glitch,0.38752149142021197,1.5089333913201128
ingv,spike glitch,0.49281916246941315,0.4967106713968783
ingv,spike glitch,0.6225777489736731,1.819508641788429
ingv,spike glitch,-0.3025637365185036,1.9571051560357342
ingv,spike glitch,-0.3047028107233324,3.023064688298395
ingv,spike glitch,0.42225810353046966,1.7968445804483277
ingv,spike glitch,-0.4330277107575187,2.2900680903782242
ingv,spike glitch,0.4636850632626759,2.8267346698723386
ingv,spike glitch,-0.5490535717126606,1.9923588700110024
ingv,spike glitch,0.35467947146511036,2.629463034480849
ingv,spike glitch,0.3680426686718026,1.8798938600604997
ingv,spike glitch,0.38442753846899946,1.6700049652363202
ingv,spike glitch,0.3736971662184832,4.4165490895775115
ingv,spike glitch,0.3688666868748709,4.090252971153142
ingv,spike glitch,0.40553968814372415,1.2183130412072873
ingv,spike glitch,-0.3458558918516021,2.8483105897531282
ingv,spike glitch,-0.4459881618106127,1.9622115676641922
ingv,spike glitch,0.3215383201805663,3.5375400129379093
ingv,spike glitch,-0.36290141038254603,1.4332073927630362
ingv,spike glitch,-0.33906736473104154,4.038923044073195
ingv,spike glitch,0.44952957199921234,1.6991972199888223
ingv,spike glitch,0.4153933161078156,1.1332397716670473
ingv,spike glitch,0.3830768461273294,1.2266072640580419
ingv,spike glitch,0.33261853810656544,2.2684518024428986
ingv,spike glitch,0.3085119604947585,1.6257264076667974
ingv,spike glitch,0.5116098750427134,0.3189561712024143
ingv,spike glitch,0.41654128337495233,2.2936544186809225
ingv,spike glitch,-0.4431689799071923,1.3099777933682286
ingv,spike glitch,-0.38188929751495965,1.6119110877670888
ingv,spike glitch,-0.41038402570951826,3.152343499393714
ingv,spike glitch,-0.3505387152619655,2.3933056008769364
ingv,spike glitch,-0.459635875784597,3.2817873665553807
ingv,spike glitch,0.41565422473784847,2.497555452711148
ingv,spike glitch,-0.5047645772610895,2.465660879666102
ingv,spike glitch,0.4324491175864839,2.431708481417806
ingv,spike glitch,-0.379032145458665,3.2525417926511557
ingv,spike glitch,0.4442199902823209,3.2395675018236827
ingv,spike glitch,-0.4747517551205928,2.7887616970115494
ingv,spike glitch,-0.3746059468492987,0.6614466300271634
ingv,spike glitch,0.38432048508592853,6.728659399979888
ingv,spike glitch,-0.4183716741428702,3.0995606935292686
ingv,spike glitch,0.44425708981146755,3.329681148772778
ingv,spike glitch,-0.38217532827899564,2.5448016022800015
ingv,spike glitch,0.4389019589287887,2.152125711099638
ingv,spike glitch,-0.34268787314552496,1.4742391153624705
ingv,spike glitch,-0.4395480048046652,4.802137186070955
ingv,spike glitch,0.4597737145100868,0.8069087733374115
ingv,spike glitch,-0.5423516164702126,3.1112753813567835
ingv,spike glitch,-0.6161010390458445,2.339977040183324
ingv,spike glitch,0.3464375959420194,2.3859264361801378
ingv,spike glitch,-0.489456273976692,1.30111620923958
ingv,spike glitch,-0.32513567865599335,1.5027429131857786
ingv,spike glitch,-0.4950686177890608,0.6299140432518839
ingv,spike glitch,-0.3590384189852245,4.8547837644132095
ingv,spike glitch,0.33448497701540764,2.895464881246332
ingv,spike glitch,-0.2782585758594676,4.691412386551268
ingv,spike glitch,-0.4210061388165938,7.58593795593773
ingv,spike glitch,-0.5000260971824056,1.8942112428251958
ingv,spike glitch,-0.5052475544617926,3.176849586943848
ingv,spike glitch,-0.40976919629079545,2.3656150897479837
ingv,spike glitch,0.35441337636150266,0.4279569738039504
ingv,noise,0.34383266848963223,2.5147493322208474
ingv,noise,0.37506215135650195,1.3039032164507522
ingv,noise,-0.30256373651850327,1.9571051560357342
ingv,noise,-0.41553773263817245,1.6520348774254052
ingv,noise,0.41672077882305475,1.6091245884756045
ingv,noise,-0.35500227602980905,2.7115124409046856
ingv,noise,0.509083418563147,1.692473705073373
ingv,noise,0.3627241581010436,3.6478295369097937
ingv,noise,0.29963304538234153,4.871609000533948
ingv,noise,-0.38700383226225826,3.2090944928579725
ingv,noise,-0.33733888845188487,2.8040297422260614
ingv,noise,-0.4302261386530332,3.0576453910521675
ingv,noise,0.3616409296924132,2.0584593525343426
ingv,noise,0.3960008777544913,1.2755653761943864
ingv,noise,-0.3301210630438929,0.9629738717221559
ingv,noise,-0.41250961887653625,1.3795030897625913
ingv,noise,-0.40401688252202034,3.31454985491055
ingv,noise,0.3265045572860939,4.744121748875571
ingv,noise,-0.4184009915138123,3.5298179521583988
ingv,noise,-0.4331429636097473,2.8010626626320168
ingv,noise,-0.3947789214416178,4.603553491354363
ingv,noise,0.3202201725429701,5.091611197863885
ingv,noise,0.3613292579125914,0.6651171048131322
ingv,noise,0.4776143309828219,1.1221716073254782
ingv,noise,0.5038407791017097,2.5247022633254748
ingv,noise,-0.454292981044818,1.1777176009085242
ingv,noise,0.32927361894101376,2.852196426193049
ingv,noise,-0.31328524638234756,3.400746210368167
ingv,noise,0.3021724992291246,1.3371911712998688
ingv,noise,-0.34893233133112694,3.018338448490241
ingv,noise,0.4265420022340208,4.136860451596677
ingv,noise,0.4321324058979933,0.6617561802897872
ingv,noise,0.34634285012520116,4.313440736649508
ingv,noise,-0.5677176869331101,1.6277796030195455
ingv,noise,0.39584579688007016,1.6621674119952974
ingv,noise,-0.42475199351821874,0.871909296709127
ingv,noise,0.3931603175041019,3.033351360464154
ingv,noise,0.3418712416365982,1.113583232289233
ingv,noise,0.34537592979930026,4.346212404114165
ingv,noise,-0.4639481281981556,2.3787205107766622
ingv,noise,-0.39225048191710316,0.9406750362204495
ingv,noise,-0.3782702055310924,2.4945512892500856
ingv,noise,0.4756675490304457,0.8363037301903468
ingv,noise,0.33968498399173336,1.5576467595335193
ingv,noise,0.31368698122302574,4.1574921820655195
ingv,noise,0.4428168801002422,2.5440508569710936
ingv,noise,-0.5190320001880928,1.0795145809516675
ingv,noise,-0.2752507611593409,1.3597814843436975
ingv,noise,0.4169213444970523,1.8002786526788317
ingv,noise,0.32841469503386855,1.3426957335134226
ingv,noise,-0.296436434458458,1.8686492199211246
ingv,noise,0.48576217841101804,1.5704351381962303
ingv,noise,-0.5679090104289392,1.0937461940456625
ingv,noise,0.35015286851860555,4.064297826801818
ingv,noise,-0.5101840754309638,2.135101481291333
ingv,noise,-0.3342469066713939,3.014890754477878
ingv,noise,0.4357337213741348,1.082636977744657
ingv,noise,-0.2742574130737175,2.7117145136591603
ingv,noise,-0.33528598645181723,4.93216962162766
ingv,noise,-0.3960044267009252,3.8325536389698898
ingv,noise,0.49281916246941293,0.4967106713968783
ingv,noise,0.6225777489736732,1.819508641788429
ingv,noise,-0.3025637365185037,1.9571051560357342
ingv,noise,-0.30470281072333105,3.023064688298395
ingv,noise,0.4222581035304703,1.7968445804483277
ingv,noise,-0.44175892322509136,1.5835023687018441
ingv,noise,0.4802612475235789,2.666412420570361
ingv,noise,-0.36178255274749926,1.9864537858746154
ingv,noise,0.3918176338876464,5.96029842709357
ingv,noise,0.46893972329877726,1.8699954141682043
ingv,noise,0.3844384797561181,1.6700747564754763
ingv,noise,0.3736971662184841,4.4165490895775115
ingv,noise,0.3688666868748708,4.090252971153142
ingv,noise,0.40553968814372415,1.2183130412072873
ingv,noise,-0.31274150123100586,1.206820091972885
ingv,noise,-0.4459881618106127,1.9622115676641922
ingv,noise,0.3215383201805662,3.5375400129379093
ingv,noise,-0.362901410382546,1.4332073927630362
ingv,noise,-0.3390673647310416,4.038923044073195
ingv,noise,0.496622738475744,1.8359969493935615
ingv,noise,0.4153933161078148,1.1332397716670473
ingv,noise,0.46132661461614133,1.4342920765397966
ingv,noise,-0.3951222670490744,4.150896750838691
ingv,noise,-0.3498567424067941,2.279617325175259
ingv,noise,0.5116109484818352,0.31891338815929454
ingv,noise,0.41654128337495233,2.2936544186809225
ingv,noise,-0.44392284120810965,1.3103105022513524
ingv,noise,-0.38188929751495954,1.6119110877670888
ingv,noise,-0.3429703164077753,2.048026053086789
ingv,noise,0.39275621280653117,1.2852638125004765
ingv,noise,-0.44094314217813385,1.1397397468861963
ingv,noise,0.4219784034808017,2.2947901983552965
ingv,noise,-0.4616248911322259,1.8512593909899258
ingv,noise,0.5277147928743576,2.854774628829827
ingv,noise,0.5315483492727489,1.3592210387364267
ingv,noise,0.43543665532335646,2.3933497374428137
ingv,noise,-0.4747517551205928,2.7887616970115494
ingv,noise,-0.37119808327400017,1.031593386082976
ingv,noise,-0.3980405207354844,2.1687495711930884
ingv,noise,-0.3732925749036675,2.289973835777539
ingv,noise,0.44425708981146755,3.329681148772778
ingv,noise,-0.38217532827899564,2.5448016022800015
ingv,noise,0.520953850636596,2.7626565568605845
ingv,noise,-0.34268787314552496,1.4742391153624705
ingv,noise,-0.4000925017214402,3.707444137525775
ingv,noise,0.4597737145100868,0.8069087733374115
ingv,noise,-0.38054250337671225,0.6620915434437316
ingv,noise,0.6093714354673487,0.5293598869166598
ingv,noise,0.3464375959420194,2.3859264361801378
ingv,noise,-0.489456273976692,1.30111620923958
ingv,noise,-0.3251356786559942,1.5027429131857786
ingv,noise,-0.6164614412775696,0.4830852635594343
ingv,noise,0.34243724805027764,4.6014641726706405
ingv,noise,-0.38866381039776415,1.9842631708093847
ingv,noise,0.24205332292940945,5.257768199449059
ingv,noise,0.4516172491644587,0.9280435348877991
ingv,noise,0.43838477688033,1.4115737997161104
ingv,noise,-0.461201614213669,0.7435734710325204
ingv,noise,-0.4097691962907954,2.3656150897479837
ingv,noise,0.3126494351461027,1.6455352010243158
experiment,real signal,0.8996547077012265,0.16860081548848338
experiment,real signal,0.9527306811729144,0.023364201762659673
experiment,real signal,0.8468548908794744,0.06805580671949
experiment,real signal,0.9539080480623207,0.06529175133410497
experiment,real signal,0.8773367299942887,0.27032374854698954
experiment,real signal,0.8898033490718178,0.3285005808968761
experiment,real signal,0.9090694464381261,0.2843380919136051
experiment,real signal,0.9189848780355369,0.07988819796366217
experiment,real signal,0.8819239719084477,0.02737381593908561
experiment,real signal,0.8961636276024949,0.21126251144427144
experiment,real signal,0.8956093740145803,0.2549116004297854
experiment,real signal,0.88249529659155,0.21371938873285154
experiment,real signal,0.8557704625100321,0.3980377821659258
experiment,real signal,0.9129047921094593,0.06321336863416639
experiment,real signal,0.8933767594611731,0.12175366946440493
experiment,real signal,0.9045157016002381,0.08700250993971262
experiment,real signal,0.8863346697244933,0.18788716256897173
experiment,real signal,0.9239134262720247,0.15575247227786265
experiment,real signal,0.9095695494792473,0.5672395973502048
experiment,real signal,0.8875650821542156,0.3033660282589223
experiment,real signal,0.896331758131423,0.05560172253141514
experiment,real signal,0.7616886057187482,0.2745186817487342
experiment,real signal,0.8876281741598273,0.3413371412403227
experiment,real signal,0.9074956766035543,0.2979956331867125
experiment,real signal,0.8757103399675183,0.11155648010590001
experiment,real signal,0.9492347546348251,0.1223780762750868
experiment,real signal,0.9629819992705009,0.06014332307005398
experiment,real signal,0.8807110882951253,0.46879168017972167
experiment,real signal,0.8498663650281806,0.131411637549946
experiment,real signal,0.8947147809062653,0.2178778826117182
experiment,real signal,0.9057533147957534,0.3307092734082495
experiment,real signal,0.9003977738578198,0.08539255384008226
experiment,real signal,0.8994853593803855,0.2859257615820271
experiment,real signal,0.8879035689907594,0.2084218125207029
experiment,real signal,0.8683626836953799,0.1423472985886079
experiment,real signal,0.8917726152922287,0.2878391922152647
experiment,real signal,0.892411737244471,0.24456938119473137
experiment,real signal,0.9173030665211882,0.1444222833047214
experiment,real signal,0.9075218908102289,0.12110745317220385
experiment,real signal,0.8346922862389524,0.12554264872543874
experiment,real signal,0.8871869215172312,0.20681805182865526
experiment,real signal,0.9104994807387959,0.2961085635068633
experiment,real signal,0.8803372470444191,0.149041856903409
experiment,real signal,0.8918402075642934,0.4804334515892374
experiment,real signal,0.8901509977053642,0.27844149209068236
experiment,real signal,0.9036056217688787,0.21427495372491462
experiment,real signal,0.9280172978195692,0.09465825654904902
experiment,real signal,0.8655487093760476,0.2552601431447875
experiment,real signal,0.8906441570079273,0.23866891601442194
experiment,real signal,0.8376463459607717,0.4138901490644147
experiment,real signal,0.9124191459189446,0.1652131852633862
experiment,real signal,0.8187501676408185,0.1530426340940853
experiment,real signal,0.9534849934949088,0.02103214303502304
experiment,real signal,0.9064521101699335,0.15400597493746568
experiment,real signal,0.8849885999404961,0.13423910851486448
experiment,real signal,0.8937916596573021,0.1703124507942314
experiment,real signal,0.9107317221595709,0.0682604372642334
experiment,real signal,0.9065701668345235,0.3367030334732321
experiment,real signal,0.8988870645933864,0.26011205532591947
experiment,real signal,0.8794736927058915,0.12325619958639619
experiment,real signal,0.9026263449467506,0.07674685911433367
experiment,real signal,0.8875602581730726,0.0762479129578661
experiment,real signal,0.9152416635307111,0.15610434437974421
experiment,real signal,0.9391805058569371,0.16088313522911962
experiment,real signal,0.8621413775205379,0.22367726797501308
experiment,real signal,0.8794444819033078,0.05879049609471184
experiment,real signal,0.875008403979463,0.24383134549381166
experiment,real signal,0.9166677001898074,0.1697130610925147
experiment,real signal,0.9020127489066648,0.2608583724067427
experiment,real signal,0.8985026156225885,0.32260516022123814
experiment,real signal,0.8826465635456963,0.3746296526507598
experiment,real signal,0.9079430783667087,0.24702737853606507
experiment,real signal,0.9638509199216921,0.0377685297110616
experiment,real signal,0.8989325746406364,0.28495515797936033
experiment,real signal,0.8964239860941189,0.17039930643094486
experiment,real signal,0.8984535718889711,0.13001538341991747
experiment,real signal,0.8982112271601093,0.19046193457289873
experiment,real signal,0.9123017208412681,0.06706728701856557
experiment,real signal,0.9683350467060549,0.1367602944931193
experiment,real signal,0.8913775727012319,0.18985917718819056
experiment,real signal,0.9069467277260578,0.19377309915257218
experiment,real signal,0.8563857374319399,0.2859419021135842
experiment,real signal,0.9474032357005704,0.06085736598132016
experiment,real signal,0.8758765789371662,0.03302233332339269
experiment,real signal,0.8911383511136526,0.04099016478744006
experiment,real signal,0.8640540911663964,0.22614900984935968
experiment,real signal,0.8955947914842677,0.20625881561811213
experiment,real signal,0.8406011972441263,0.45360624693720136
experiment,real signal,0.8883734972888297,0.24338603926362679
experiment,real signal,0.8934297913471215,0.22026652111120135
experiment,real signal,0.922406631580678,0.09792751562708991
experiment,real signal,0.8800380445780991,0.06765839031914847
experiment,real signal,0.8795249333633147,0.17004208430988207
experiment,real signal,0.8891539668616828,0.44156467216107337
experiment,real signal,-0.8941035731147022,0.20563828338870943
experiment,real signal,0.882651099021674,0.39959158710713516
experiment,real signal,0.9470391699321642,0.10437253510517695
experiment,real signal,0.8728095340088257,0.21980556460304593
experiment,real signal,0.9604646774261927,0.038234036280985366
experiment,real signal,0.9071141417191884,0.1810095669832032
experiment,real signal,0.8608760968991631,0.4984359493777201
experiment,real signal,0.8874081259298346,0.22086059992235157
experiment,real signal,0.9233625728487779,0.1901407878612792
experiment,real signal,0.9379991118858264,0.102402604272686
experiment,real signal,0.9245687097708222,0.056761248142371816
experiment,real signal,0.8645126880573725,0.1940306523369022
experiment,real signal,0.9297608636745615,0.07217409158839339
experiment,real signal,0.9515972033195289,0.04194964081373558
experiment,real signal,0.8742742666521729,0.1254884742992848
experiment,real signal,0.8924782899890698,0.16176605156650448
experiment,real signal,0.9410366156893765,0.293344874613158
experiment,real signal,0.9192519395449344,0.21507126499034787
experiment,real signal,0.8144868260612161,0.1744317694464574
experiment,real signal,0.8796569966032349,0.1408185608426373
experiment,real signal,0.9703755613643795,0.010061650578753566
experiment,real signal,0.9295851175831737,0.22757332699868094
experiment,real signal,0.9055323688300443,0.1350739743148679
experiment,real signal,0.9065525696316507,0.12456048962183876
experiment,real signal,0.9132672577099001,0.16914385836093904
experiment,real signal,0.7504547527399725,0.2788129340052913
experiment,spike glitch,0.4199944862100223,1.0586015522267171
experiment,spike glitch,0.39978929369956856,2.1942917241632007
experiment,spike glitch,0.40544677594979045,2.8631279115860324
experiment,spike glitch,0.40499105254594586,6.734213656779048
experiment,spike glitch,0.3477703243109993,1.8575351123166313
experiment,spike glitch,-0.34502461814100327,4.846794418283951
experiment,spike glitch,0.3304708187239566,4.726090650888014
experiment,spike glitch,0.47380887981660075,0.4616057987315646
experiment,spike glitch,-0.26323835887783276,0.7721705767845267
experiment,spike glitch,-0.3069640541340908,2.1361876220758087
experiment,spike glitch,-0.32025375266721207,0.8809346620819105
experiment,spike glitch,0.3710080240184069,3.2012166901706696
experiment,spike glitch,-0.28640022670015347,5.4763676227275315
experiment,spike glitch,-0.439720006990753,0.7777403741975221
experiment,spike glitch,-0.3853165138520506,2.1488768479728315
experiment,spike glitch,0.4940131659541897,5.005950176192878
experiment,spike glitch,-0.3678898524245015,3.4100322531825924
experiment,spike glitch,0.4243718030505057,0.805108329613412
experiment,spike glitch,-0.3068553427865497,3.5853793296477434
experiment,spike glitch,-0.36014087525673494,1.521556453805381
experiment,spike glitch,0.4356293748287951,3.587321500781408
experiment,spike glitch,0.43636064036661154,1.2644395997621556
experiment,spike glitch,0.32217910706873604,4.106066605091275
experiment,spike glitch,-0.3581240689908192,2.5296417893096526
experiment,spike glitch,0.31667315759432985,2.4921686348476397
experiment,spike glitch,-0.4221860791663663,2.1033676189296333
experiment,spike glitch,-0.3029533111155633,5.627369647127431
experiment,spike glitch,-0.2632148497047729,4.196797615711928
experiment,spike glitch,0.3716776994480041,4.172919678408229
experiment,spike glitch,-0.28800760125430375,3.1866614215457965
experiment,spike glitch,0.37163186410096904,3.9142155844074407
experiment,spike glitch,-0.2928216000041876,3.3909237899080558
experiment,spike glitch,-0.3667945176314436,4.262128888830145
experiment,spike glitch,0.28376631825331505,3.5776953196715677
experiment,spike glitch,-0.4179957508205008,0.6804226481710619
experiment,spike glitch,-0.45257208176271096,1.0196503171092999
experiment,spike glitch,0.39702805708065336,2.382640998804718
experiment,spike glitch,-0.3503102469749181,4.086153134629156
experiment,spike glitch,0.29194101313547544,2.954487438233269
experiment,spike glitch,0.350408320568638,2.501346845428682
experiment,spike glitch,0.5369759583130245,2.180973750570285
experiment,spike glitch,-0.2860658749772853,2.668701438079065
experiment,spike glitch,-0.31627254109626984,4.11809784545701
experiment,spike glitch,0.4062142375580347,4.963223157610925
experiment,spike glitch,-0.33848369413375856,5.28851580967381
experiment,spike glitch,0.33934345260026944,1.5697375108319123
experiment,spike glitch,0.34330954658853413,2.5771491474447408
experiment,spike glitch,-0.3465697270452576,3.0812579515215264
experiment,spike glitch,-0.40987780429739523,1.615310077688784
experiment,spike glitch,-0.573012681371514,0.7784645215430385
experiment,spike glitch,-0.343479085588917,3.4388414075339826
experiment,spike glitch,-0.288621244054354,1.8732888118511772
experiment,spike glitch,0.3017948356870559,8.92708265885318
experiment,spike glitch,-0.40501255408719194,2.7116674394896876
experiment,spike glitch,0.3133292151440628,1.9923472857350981
experiment,spike glitch,0.4308090642798098,1.6527877327637877
experiment,spike glitch,0.4738088798166,0.4616057987315646
experiment,spike glitch,0.46004419604400437,5.805561166209759
experiment,spike glitch,-0.43144213367380096,2.9856956968883925
experiment,spike glitch,0.33188129359936835,3.639445825244718
experiment,spike glitch,-0.4323995216548909,0.9344100104647182
experiment,spike glitch,-0.3956811275766046,2.0437151282106845
experiment,spike glitch,-0.4110060702567537,1.8935111226421162
experiment,spike glitch,0.36347983244010423,1.1198415027517146
experiment,spike glitch,-0.2853200175257713,5.2689398973320545
experiment,spike glitch,0.32621893186031936,1.2998249085498763
experiment,spike glitch,0.3846354297891576,1.7103852965225603
experiment,spike glitch,-0.3742577595344901,3.8839479461162947
experiment,spike glitch,-0.3245685430839723,1.1926715031378996
experiment,spike glitch,-0.287449785161001,1.4857763462620082
experiment,spike glitch,0.3940756734393841,2.4057567907562385
experiment,spike glitch,0.22685601875652633,6.402306258596393
experiment,spike glitch,0.30869853702114114,5.056232784070802
experiment,spike glitch,0.3307303800957232,7.421738152016531
experiment,spike glitch,-0.2500354401974669,4.619801090846771
experiment,spike glitch,-0.19277226752460563,8.83383088155896
experiment,spike glitch,0.27779147254396813,3.301988970573483
experiment,spike glitch,-0.15402433091492712,7.6782317282989645
experiment,spike glitch,0.45901736148273226,5.03727954477756
experiment,spike glitch,-0.2797574517967379,1.8651047417548168
experiment,spike glitch,-0.28224661980154997,2.8445822320060823
experiment,spike glitch,-0.35085437892891735,5.021575542313221
experiment,spike glitch,-0.35972902622893754,2.612925866475915
experiment,spike glitch,0.37312873415356274,2.791549457951023
experiment,spike glitch,-0.2668026195051064,1.9139238959891094
experiment,spike glitch,-0.3179758001080116,2.2773487328622934
experiment,spike glitch,0.42545880920974266,3.531200703337978
experiment,spike glitch,0.3900378736707306,1.2061407812226885
experiment,spike glitch,0.38604682921111166,1.8273003625293494
experiment,spike glitch,0.3028615212441628,1.7935090005819718
experiment,spike glitch,-0.42514551472123574,0.4443145238077249
experiment,spike glitch,0.39717675196971,0.6871917121564073
experiment,spike glitch,0.3134625514718713,2.62540826016635
experiment,spike glitch,-0.4160071453577164,2.526295815957028
experiment,spike glitch,0.2626662459934083,4.9677756581698045
experiment,spike glitch,0.3911760545553148,1.9900590373853027
experiment,spike glitch,0.31518929873151813,0.7498899934148742
experiment,spike glitch,-0.40987780429739534,1.615310077688784
experiment,spike glitch,-0.4172497377423671,2.009514693167239
experiment,spike glitch,0.2570570746972418,5.763042174098498
experiment,spike glitch,0.4275483470813384,1.311144099820686
experiment,spike glitch,-0.35801504976651444,3.5667157741503273
experiment,spike glitch,0.35282742462113914,0.9124116897259907
experiment,spike glitch,0.3973900293834991,1.6304923145277956
experiment,spike glitch,0.3838310195119308,3.73825805354695
experiment,spike glitch,0.3657853390834783,1.591172867589031
experiment,spike glitch,0.3642307833549196,4.6600414562787
experiment,spike glitch,0.4901383798459034,2.2635551028309573
experiment,spike glitch,0.273958889544762,4.456611589321276
experiment,spike glitch,-0.2634538687416742,2.374969219163154
experiment,spike glitch,-0.24901605825033019,2.4060589530862697
experiment,spike glitch,-0.4079430377670867,3.424732513971069
experiment,spike glitch,0.44056545061943686,2.3590568080380905
experiment,spike glitch,-0.33205719462988703,2.9477796915871872
experiment,spike glitch,0.32032930210039956,3.6957530598381028
experiment,spike glitch,-0.49564705525210134,2.0251971292845687
experiment,spike glitch,0.33939088375554205,1.8698645981961846
experiment,spike glitch,-0.20941204247279668,2.095608080055513
experiment,spike glitch,-0.3503102469749182,4.086153134629156
experiment,spike glitch,-0.2825126413046338,2.9578355969628456
experiment,noise,0.4199944862100209,1.0586015522267171
experiment,noise,-0.3887000736283831,1.7509056721462917
experiment,noise,0.40544677594979045,2.8631279115860324
experiment,noise,-0.37244152602316893,1.5276950856074225
experiment,noise,-0.28842152384631814,1.118658451604779
experiment,noise,-0.34502461814100327,4.846794418283951
experiment,noise,0.33047081872395606,4.726090650888014
experiment,noise,0.47380887981660075,0.4616057987315646
experiment,noise,-0.24975348822454552,1.420138732871281
experiment,noise,0.2825565050758087,2.2199756967022184
experiment,noise,-0.320253752667212,0.8809346620819105
experiment,noise,0.329758001367789,1.9629991171690637
experiment,noise,0.2410020138650644,1.4500100290615434
experiment,noise,-0.43972000699075314,0.7777403741975221
experiment,noise,-0.3853165138520498,2.1488768479728315
experiment,noise,-0.3952833634229248,3.2234136595023735
experiment,noise,-0.3678898524245015,3.4100322531825924
experiment,noise,0.4243718030505057,0.805108329613412
experiment,noise,-0.3068553427865497,3.5853793296477434
experiment,noise,-0.36014087525673494,1.521556453805381
experiment,noise,0.3972263073212021,2.437645581031302
experiment,noise,0.43636064036661737,1.2644395997621556
experiment,noise,0.2972293754297664,5.286282344380645
experiment,noise,-0.35812406899081983,2.5296417893096526
experiment,noise,-0.30566477132813386,1.341016128499614
experiment,noise,-0.4474490500878723,0.4602446460323128
experiment,noise,-0.2453647968886099,7.739770617122017
experiment,noise,-0.37070912892833824,1.8016516791157244
experiment,noise,0.49013837984590364,2.2635551028309573
experiment,noise,-0.28800760125430364,3.1866614215457965
experiment,noise,0.3348277208952331,3.3053117493762514
experiment,noise,-0.2860268540784531,0.6466774249167331
experiment,noise,-0.2852802093649283,4.451416308242772
experiment,noise,-0.33819036600203417,3.1561201461365997
experiment,noise,-0.41799575082050083,0.6804226481710619
experiment,noise,-0.3591766427565793,2.152782998359728
experiment,noise,0.3970280570806532,2.382640998804718
experiment,noise,-0.35031024697491703,4.086153134629156
experiment,noise,0.33482772089523194,3.3053117493762514
experiment,noise,0.40752864846160125,2.444650991000569
experiment,noise,-0.34656972704525724,3.0812579515215264
experiment,noise,-0.28606587497728436,2.668701438079065
experiment,noise,-0.3162725410962707,4.11809784545701
experiment,noise,-0.451632006928272,3.1915786407387743
experiment,noise,0.32167258120439224,4.088955343235068
experiment,noise,0.33934345260026766,1.5697375108319123
experiment,noise,0.34330954658853413,2.5771491474447408
experiment,noise,-0.3465697270452576,3.0812579515215264
experiment,noise,-0.4098778042973954,1.615310077688784
experiment,noise,-0.5730126813714943,0.7784645215430385
experiment,noise,-0.336162907087528,4.64881298017904
experiment,noise,-0.2886212440543537,1.8732888118511772
experiment,noise,0.34655050127018794,1.7418996172959673
experiment,noise,-0.37070912892833546,1.8016516791157244
experiment,noise,0.2683817755148211,2.5644034056905505
experiment,noise,0.4308090642798092,1.6527877327637877
experiment,noise,0.4738088798166,0.4616057987315646
experiment,noise,0.3824746857420731,4.198479551258423
experiment,noise,-0.4314421336738009,2.9856956968883925
experiment,noise,-0.277780656864098,3.047368625816334
experiment,noise,-0.4323995216548917,0.9344100104647182
experiment,noise,-0.39568112757660473,2.0437151282106845
experiment,noise,-0.4110060702567515,1.8935111226421162
experiment,noise,0.40715917580491506,1.1699308603640022
experiment,noise,-0.28532001752577135,5.2689398973320545
experiment,noise,0.33470056163245376,1.2478504872382312
experiment,noise,-0.40072717498576255,0.7003814694164648
experiment,noise,-0.3742577595344901,3.8839479461162947
experiment,noise,-0.32456854308397204,1.1926715031378996
experiment,noise,-0.2874497851610011,1.4857763462620082
experiment,noise,0.35729077435867723,2.3271473045041304
experiment,noise,0.22685601875652633,6.402306258596393
experiment,noise,0.30869853702114114,5.056232784070802
experiment,noise,-0.27039938006574754,1.821656011041957
experiment,noise,0.2923261472993168,5.446584275315023
experiment,noise,-0.19277226752460558,8.83383088155896
experiment,noise,0.27779147254396813,3.301988970573483
experiment,noise,-0.15402433091492687,7.6782317282989645
experiment,noise,0.3234011323919732,2.074109408055495
experiment,noise,-0.2797574517967379,1.8651047417548168
experiment,noise,0.20725532073080785,5.585677772442497
experiment,noise,-0.35085437892891486,5.021575542313221
experiment,noise,-0.35972902622893743,2.612925866475915
experiment,noise,0.37312873415356274,2.791549457951023
experiment,noise,0.2464927729304345,3.1519738634012695
experiment,noise,-0.3179758001080117,2.2773487328622934
experiment,noise,0.44792369237522645,3.345302430754527
experiment,noise,0.390872446293286,3.4179465301525362
experiment,noise,0.38604682921111166,1.8273003625293494
experiment,noise,0.3028615212441628,1.7935090005819718
experiment,noise,-0.4578304002748915,0.4058083832158164
experiment,noise,0.39717675196971014,0.6871917121564073
experiment,noise,0.3134625514718713,2.62540826016635
experiment,noise,-0.3610007568763825,2.5800726822371263
experiment,noise,0.2626662459934083,4.9677756581698045
experiment,noise,0.36904316672459503,1.4877792137347274
experiment,noise,0.3225563798131447,2.2977135115448606
experiment,noise,-0.40987780429739534,1.615310077688784
experiment,noise,-0.42480760383971794,2.830484672268767
experiment,noise,-0.28671877579960287,2.7361917970428555
experiment,noise,0.37130596264159577,2.636609221488583
experiment,noise,-0.29843222147600273,2.972299581420347
experiment,noise,-0.33979185353191105,2.4360881092700475
experiment,noise,0.517681554691588,1.4446875758806001
experiment,noise,0.36269713508961915,1.2797142835374682
experiment,noise,0.3657853390834773,1.591172867589031
experiment,noise,0.3206694492588233,0.9373470486391129
experiment,noise,0.4901383798459034,2.2635551028309573
experiment,noise,-0.30512130653288466,4.228512430652214
experiment,noise,-0.2298380332649973,3.2723886820860018
experiment,noise,0.3050770455597997,1.0034187999299176
experiment,noise,0.4015158673736512,2.2923235268477944
experiment,noise,0.4405654506194418,2.3590568080380905
experiment,noise,-0.3579290636180064,2.924985449580841
experiment,noise,0.3203293021003995,3.6957530598381028
experiment,noise,-0.4743440570179161,0.6951562537253251
experiment,noise,0.339390883755542,1.8698645981961846
experiment,noise,-0.20941204247279688,2.095608080055513
experiment,noise,-0.35031024697491736,4.086153134629156
experiment,noise,0.2599192760457443,1.5049594001920803
