dataset,family,label,param,ff
ingv,warp,sim1/template1 x0.5,0.5,0.37029772166624764
ingv,warp,sim1/template1 x0.7,0.7,0.345039052502661
ingv,warp,sim1/template1 x0.85,0.85,0.38535017953648953
ingv,warp,sim1/template1 x1.0,1.0,0.9965323654067024
ingv,warp,sim1/template1 x1.2,1.2,0.7017533339976461
ingv,warp,sim1/template1 x1.5,1.5,0.720835206802654
ingv,warp,sim1/template1 x2.0,2.0,0.8877598026961255
ingv,warp,sim1/template2 x0.5,0.5,0.3971054461814785
ingv,warp,sim1/template2 x0.7,0.7,0.49847265929512075
ingv,warp,sim1/template2 x0.85,0.85,0.7304382354887887
ingv,warp,sim1/template2 x1.0,1.0,0.9970024902311957
ingv,warp,sim1/template2 x1.2,1.2,0.45262163085419305
ingv,warp,sim1/template2 x1.5,1.5,0.5129752931096446
ingv,warp,sim1/template2 x2.0,2.0,0.7893904422807788
ingv,warp,sim1/template3 x0.5,0.5,0.3988280139623615
ingv,warp,sim1/template3 x0.7,0.7,0.457003253060459
ingv,warp,sim1/template3 x0.85,0.85,0.5800411342119599
ingv,warp,sim1/template3 x1.0,1.0,0.9991077806637979
ingv,warp,sim1/template3 x1.2,1.2,0.6012123614519868
ingv,warp,sim1/template3 x1.5,1.5,0.5550833398458896
ingv,warp,sim1/template3 x2.0,2.0,0.7498635683234476
ingv,warp,sim1/template4 x0.5,0.5,0.18677465786275757
ingv,warp,sim1/template4 x0.7,0.7,0.31756838048148617
ingv,warp,sim1/template4 x0.85,0.85,0.7573057726113107
ingv,warp,sim1/template4 x1.0,1.0,0.9966790856413338
ingv,warp,sim1/template4 x1.2,1.2,0.7168386066633868
ingv,warp,sim1/template4 x1.5,1.5,0.7209365714399151
ingv,warp,sim1/template4 x2.0,2.0,0.9348303297941114
ingv,warp,sim2/template1 x0.5,0.5,0.4691998865192291
ingv,warp,sim2/template1 x0.7,0.7,0.7162074253873493
ingv,warp,sim2/template1 x0.85,0.85,0.613880724994686
ingv,warp,sim2/template1 x1.0,1.0,0.9960781400236024
ingv,warp,sim2/template1 x1.2,1.2,0.9401486958010963
ingv,warp,sim2/template1 x1.5,1.5,0.789568695860335
ingv,warp,sim2/template1 x2.0,2.0,0.7629778059763017
ingv,warp,sim2/template2 x0.5,0.5,0.8851044486396198
ingv,warp,sim2/template2 x0.7,0.7,0.761662285957417
ingv,warp,sim2/template2 x0.85,0.85,0.5059465639891997
ingv,warp,sim2/template2 x1.0,1.0,0.9985453260027202
ingv,warp,sim2/template2 x1.2,1.2,0.9378056696641607
ingv,warp,sim2/template2 x1.5,1.5,0.813761915910871
ingv,warp,sim2/template2 x2.0,2.0,0.30993032794423264
ingv,warp,sim2/template3 x0.5,0.5,0.8291537567330012
ingv,warp,sim2/template3 x0.7,0.7,0.7587619026041909
ingv,warp,sim2/template3 x0.85,0.85,0.6049196118805873
ingv,warp,sim2/template3 x1.0,1.0,0.9997341862172195
ingv,warp,sim2/template3 x1.2,1.2,0.9652201876450807
ingv,warp,sim2/template3 x1.5,1.5,0.5665979810846138
ingv,warp,sim2/template3 x2.0,2.0,0.2786246469317065
ingv,warp,sim2/template4 x0.5,0.5,0.7744272128706086
ingv,warp,sim2/template4 x0.7,0.7,0.70184233539237
ingv,warp,sim2/template4 x0.85,0.85,0.916605614414356
ingv,warp,sim2/template4 x1.0,1.0,0.9987982086586141
ingv,warp,sim2/template4 x1.2,1.2,0.9659817993052897
ingv,warp,sim2/template4 x1.5,1.5,0.9119583514844221
ingv,warp,sim2/template4 x2.0,2.0,0.7620323217695008
ingv,warp,sim3/template1 x0.5,0.5,0.5566092299011091
ingv,warp,sim3/template1 x0.7,0.7,0.6767552760045161
ingv,warp,sim3/template1 x0.85,0.85,0.899175067573313
ingv,warp,sim3/template1 x1.0,1.0,0.998094885566415
ingv,warp,sim3/template1 x1.2,1.2,0.856275261894627
ingv,warp,sim3/template1 x1.5,1.5,0.8084565068457037
ingv,warp,sim3/template1 x2.0,2.0,0.6816097966924998
ingv,warp,sim3/template2 x0.5,0.5,0.7789005990295668
ingv,warp,sim3/template2 x0.7,0.7,0.7530388429691716
ingv,warp,sim3/template2 x0.85,0.85,0.9467084980204985
ingv,warp,sim3/template2 x1.0,1.0,0.9965701299603462
ingv,warp,sim3/template2 x1.2,1.2,0.7545998130227942
ingv,warp,sim3/template2 x1.5,1.5,0.2980803773925456
ingv,warp,sim3/template2 x2.0,2.0,0.744890241793306
ingv,warp,sim3/template3 x0.5,0.5,0.7953193756365816
ingv,warp,sim3/template3 x0.7,0.7,0.6505687292504648
ingv,warp,sim3/template3 x0.85,0.85,0.9115543637529245
ingv,warp,sim3/template3 x1.0,1.0,0.9985730751656342
ingv,warp,sim3/template3 x1.2,1.2,0.6019089019676541
ingv,warp,sim3/template3 x1.5,1.5,0.32569185315983934
ingv,warp,sim3/template3 x2.0,2.0,0.824011721578518
ingv,warp,sim3/template4 x0.5,0.5,0.5029995694610526
ingv,warp,sim3/template4 x0.7,0.7,0.7964093469961798
ingv,warp,sim3/template4 x0.85,0.85,0.9577207830483015
ingv,warp,sim3/template4 x1.0,1.0,0.9988849455821699
ingv,warp,sim3/template4 x1.2,1.2,0.8630816654302321
ingv,warp,sim3/template4 x1.5,1.5,0.8109616434424894
ingv,warp,sim3/template4 x2.0,2.0,0.8424197153037174
ingv,warp,sim4/template1 x0.5,0.5,0.7201981015130299
ingv,warp,sim4/template1 x0.7,0.7,0.7202100924713914
ingv,warp,sim4/template1 x0.85,0.85,0.7548286788208503
ingv,warp,sim4/template1 x1.0,1.0,0.9960909510557473
ingv,warp,sim4/template1 x1.2,1.2,0.707390783993509
ingv,warp,sim4/template1 x1.5,1.5,0.7586141622018615
ingv,warp,sim4/template1 x2.0,2.0,0.6357379555491327
ingv,warp,sim4/template2 x0.5,0.5,0.7476926394344119
ingv,warp,sim4/template2 x0.7,0.7,0.6861206906517016
ingv,warp,sim4/template2 x0.85,0.85,0.8583763600033368
ingv,warp,sim4/template2 x1.0,1.0,0.9984143791692791
ingv,warp,sim4/template2 x1.2,1.2,0.8350891498916083
ingv,warp,sim4/template2 x1.5,1.5,0.4386536598066875
ingv,warp,sim4/template2 x2.0,2.0,0.8447009155834978
ingv,warp,sim4/template3 x0.5,0.5,0.7375316467931401
ingv,warp,sim4/template3 x0.7,0.7,0.8305497117571208
ingv,warp,sim4/template3 x0.85,0.85,0.9095273529928228
ingv,warp,sim4/template3 x1.0,1.0,0.9980290897047365
ingv,warp,sim4/template3 x1.2,1.2,0.348281439401383
ingv,warp,sim4/template3 x1.5,1.5,0.6189512347538989
ingv,warp,sim4/template3 x2.0,2.0,0.8674940900368358
ingv,warp,sim4/template4 x0.5,0.5,0.5076484066733574
ingv,warp,sim4/template4 x0.7,0.7,0.7704228250518974
ingv,warp,sim4/template4 x0.85,0.85,0.9005349778491276
ingv,warp,sim4/template4 x1.0,1.0,0.9989830942384831
ingv,warp,sim4/template4 x1.2,1.2,0.8233981434020443
ingv,warp,sim4/template4 x1.5,1.5,0.7206659580756173
ingv,warp,sim4/template4 x2.0,2.0,0.8711338233532856
ingv,step,step τ=200,200.0,0.3850494234898586
ingv,gauss,gauss τ=200,200.0,0.377688556629211
ingv,ramp,ramp τ=200,200.0,0.43079255603790884
ingv,dgauss,dgauss τ=200,200.0,0.43735196906654383
ingv,step,step τ=500,500.0,0.07193518350757008
ingv,gauss,gauss τ=500,500.0,0.12577081019542116
ingv,ramp,ramp τ=500,500.0,0.5983031715110549
ingv,dgauss,dgauss τ=500,500.0,0.07983607846454198
ingv,step,step τ=1000,1000.0,0.28801622918131997
ingv,gauss,gauss τ=1000,1000.0,0.30381640887056327
ingv,ramp,ramp τ=1000,1000.0,0.40628653918234064
ingv,dgauss,dgauss τ=1000,1000.0,0.3044159668054146
ingv,step,step τ=2000,2000.0,0.3267374284953486
ingv,gauss,gauss τ=2000,2000.0,0.33093135496294024
ingv,ramp,ramp τ=2000,2000.0,0.33465029986782296
ingv,dgauss,dgauss τ=2000,2000.0,0.3271920149781649
experiment,warp,sim2/template1 x0.5,0.5,0.35646003898529227
experiment,warp,sim2/template1 x0.7,0.7,0.4484462687783489
experiment,warp,sim2/template1 x0.85,0.85,0.6800649901770213
experiment,warp,sim2/template1 x1.0,1.0,0.994523918428436
experiment,warp,sim2/template1 x1.2,1.2,0.9596499069959833
experiment,warp,sim2/template1 x1.5,1.5,0.9011219930417314
experiment,warp,sim2/template1 x2.0,2.0,0.7916833844185681
experiment,warp,sim2/template2 x0.5,0.5,0.3027546329148579
experiment,warp,sim2/template2 x0.7,0.7,0.7362185634349988
experiment,warp,sim2/template2 x0.85,0.85,0.579494847710495
experiment,warp,sim2/template2 x1.0,1.0,0.9982731796918697
experiment,warp,sim2/template2 x1.2,1.2,0.9349821272356869
experiment,warp,sim2/template2 x1.5,1.5,0.8310520231365165
experiment,warp,sim2/template2 x2.0,2.0,0.2833339178228863
experiment,warp,sim2/template3 x0.5,0.5,0.3533883788510521
experiment,warp,sim2/template3 x0.7,0.7,0.7153148304551067
experiment,warp,sim2/template3 x0.85,0.85,0.6223086804032291
experiment,warp,sim2/template3 x1.0,1.0,0.999573027327227
experiment,warp,sim2/template3 x1.2,1.2,0.9735486793107592
experiment,warp,sim2/template3 x1.5,1.5,0.6204483040007472
experiment,warp,sim2/template3 x2.0,2.0,0.27782614805886313
experiment,warp,sim2/template4 x0.5,0.5,0.11073303061333833
experiment,warp,sim2/template4 x0.7,0.7,0.6942663633025226
experiment,warp,sim2/template4 x0.85,0.85,0.9366826880862895
experiment,warp,sim2/template4 x1.0,1.0,0.998216190980617
experiment,warp,sim2/template4 x1.2,1.2,0.9737400567940513
experiment,warp,sim2/template4 x1.5,1.5,0.9338920661280872
experiment,warp,sim2/template4 x2.0,2.0,0.7890446358554787
experiment,warp,sim3/template1 x0.5,0.5,0.4767230834699686
experiment,warp,sim3/template1 x0.7,0.7,0.7300552434868723
experiment,warp,sim3/template1 x0.85,0.85,0.9280616126588062
experiment,warp,sim3/template1 x1.0,1.0,0.9976768370174377
experiment,warp,sim3/template1 x1.2,1.2,0.9259304686629134
experiment,warp,sim3/template1 x1.5,1.5,0.8950430550435267
experiment,warp,sim3/template1 x2.0,2.0,0.7114628792136864
experiment,warp,sim3/template2 x0.5,0.5,0.8066707877996787
experiment,warp,sim3/template2 x0.7,0.7,0.787623276975554
experiment,warp,sim3/template2 x0.85,0.85,0.9758423699166053
experiment,warp,sim3/template2 x1.0,1.0,0.9960742529720419
experiment,warp,sim3/template2 x1.2,1.2,0.7955209129143809
experiment,warp,sim3/template2 x1.5,1.5,0.35438600767205264
experiment,warp,sim3/template2 x2.0,2.0,0.4455087135156056
experiment,warp,sim3/template3 x0.5,0.5,0.7697318426738678
experiment,warp,sim3/template3 x0.7,0.7,0.634137720296186
experiment,warp,sim3/template3 x0.85,0.85,0.9129749183744738
experiment,warp,sim3/template3 x1.0,1.0,0.9981899765974062
experiment,warp,sim3/template3 x1.2,1.2,0.664854189468152
experiment,warp,sim3/template3 x1.5,1.5,0.3162215941924717
experiment,warp,sim3/template3 x2.0,2.0,0.4282423859578053
experiment,warp,sim3/template4 x0.5,0.5,0.1948584647860035
experiment,warp,sim3/template4 x0.7,0.7,0.856237250512038
experiment,warp,sim3/template4 x0.85,0.85,0.950262337607667
experiment,warp,sim3/template4 x1.0,1.0,0.9981403566980025
experiment,warp,sim3/template4 x1.2,1.2,0.9412638874252467
experiment,warp,sim3/template4 x1.5,1.5,0.8943029660498656
experiment,warp,sim3/template4 x2.0,2.0,0.7131597488759369
experiment,warp,sim4/template1 x0.5,0.5,0.6814402268147159
experiment,warp,sim4/template1 x0.7,0.7,0.8361915328490471
experiment,warp,sim4/template1 x0.85,0.85,0.8275861628899212
experiment,warp,sim4/template1 x1.0,1.0,0.9923690592463633
experiment,warp,sim4/template1 x1.2,1.2,0.8454276052509465
experiment,warp,sim4/template1 x1.5,1.5,0.7263441654986769
experiment,warp,sim4/template1 x2.0,2.0,0.5787903113106008
experiment,warp,sim4/template2 x0.5,0.5,0.786165810952466
experiment,warp,sim4/template2 x0.7,0.7,0.8072056879417037
experiment,warp,sim4/template2 x0.85,0.85,0.9392453838465845
experiment,warp,sim4/template2 x1.0,1.0,0.9975919276537479
experiment,warp,sim4/template2 x1.2,1.2,0.9138256861200874
experiment,warp,sim4/template2 x1.5,1.5,0.374235709402409
experiment,warp,sim4/template2 x2.0,2.0,0.5686329746362776
experiment,warp,sim4/template3 x0.5,0.5,0.7789629946338331
experiment,warp,sim4/template3 x0.7,0.7,0.9108655353046433
experiment,warp,sim4/template3 x0.85,0.85,0.9409779400133317
experiment,warp,sim4/template3 x1.0,1.0,0.9990572433393408
experiment,warp,sim4/template3 x1.2,1.2,0.33295005916188997
experiment,warp,sim4/template3 x1.5,1.5,0.2688391903251426
experiment,warp,sim4/template3 x2.0,2.0,0.6799704246918724
experiment,warp,sim4/template4 x0.5,0.5,0.41942291652252267
experiment,warp,sim4/template4 x0.7,0.7,0.8499157689965543
experiment,warp,sim4/template4 x0.85,0.85,0.9439184268639665
experiment,warp,sim4/template4 x1.0,1.0,0.9979762034216566
experiment,warp,sim4/template4 x1.2,1.2,0.8825454907942542
experiment,warp,sim4/template4 x1.5,1.5,0.7485174868526044
experiment,warp,sim4/template4 x2.0,2.0,0.7180578857387679
experiment,step,step τ=200,200.0,0.40112047803546247
experiment,gauss,gauss τ=200,200.0,0.3731088282359842
experiment,ramp,ramp τ=200,200.0,0.4155453683824622
experiment,dgauss,dgauss τ=200,200.0,0.4735682448243761
experiment,step,step τ=500,500.0,0.08462668091256584
experiment,gauss,gauss τ=500,500.0,0.15330690870827712
experiment,ramp,ramp τ=500,500.0,0.6249322408318831
experiment,dgauss,dgauss τ=500,500.0,0.1303169902646224
experiment,step,step τ=1000,1000.0,0.2704830599222157
experiment,gauss,gauss τ=1000,1000.0,0.2960667285709459
experiment,ramp,ramp τ=1000,1000.0,0.531267590201611
experiment,dgauss,dgauss τ=1000,1000.0,0.26506878649564564
experiment,step,step τ=2000,2000.0,0.2854830129063012
experiment,gauss,gauss τ=2000,2000.0,0.2812358204610537
experiment,ramp,ramp τ=2000,2000.0,0.2779794210506853
experiment,dgauss,dgauss τ=2000,2000.0,0.23821746363881477
