dataset,station,sim,template,floor_signif,obs_detect,exp_detect,enrich_detect,p_detect,obs_signif,exp_signif,enrich_signif,p_signif
experiment,EC1,sim1,template1,0.4958,3,2.0,1.52,0.0,1,0.0,,0.0
experiment,EC1,sim1,template2,0.5194,4,4.0,1.01,0.959,1,2.0,0.51,1.0
experiment,EC1,sim1,template3,0.5278,12,12.0,1.0,0.9507,6,6.0,1.0,0.9848
experiment,EC1,sim1,template4,0.3177,2,1.9,1.03,0.9405,1,0.0,,0.0
experiment,EC1,sim2,template1,0.5157,12,11.9,1.01,0.9345,9,8.0,1.13,0.0
experiment,EC1,sim2,template2,0.5196,7,7.9,0.89,0.964,0,0.0,,1.0
experiment,EC1,sim2,template3,0.5718,1,2.0,0.5,1.0,0,0.0,,1.0
experiment,EC1,sim2,template4,0.3396,6,9.7,0.62,1.0,1,1.9,0.51,0.999
experiment,EC1,sim3,template1,0.5316,6,4.0,1.51,0.0,3,2.0,1.51,0.0
experiment,EC1,sim3,template2,0.5316,3,2.0,1.51,0.0,3,2.0,1.52,0.0
experiment,EC1,sim3,template3,0.5648,1,2.0,0.51,0.9998,0,0.0,,1.0
experiment,EC1,sim3,template4,0.3271,7,7.9,0.88,0.9995,2,2.0,1.0,1.0
experiment,EC1,sim4,template1,0.5716,8,7.9,1.01,0.9273,5,5.9,0.84,0.9992
experiment,EC1,sim4,template2,0.5405,3,2.0,1.51,0.0,0,0.0,,1.0
experiment,EC1,sim4,template3,0.6048,1,0.0,,0.0,0,0.0,,1.0
experiment,EC1,sim4,template4,0.3105,11,6.0,1.85,0.0,7,6.0,1.18,0.0
experiment,EC10,sim1,template1,0.5232,0,0.0,,1.0,0,0.0,,1.0
experiment,EC10,sim1,template2,0.5045,6,5.0,1.21,0.0,1,1.0,1.02,0.9812
experiment,EC10,sim1,template3,0.5303,11,8.0,1.38,0.0,6,4.0,1.51,0.0
experiment,EC10,sim1,template4,0.3099,1,1.0,1.01,0.9905,0,0.0,,1.0
experiment,EC10,sim2,template1,0.5548,7,5.0,1.41,0.0,6,4.0,1.51,0.0
experiment,EC10,sim2,template2,0.5174,2,1.0,2.0,0.0,2,1.0,2.0,0.0
experiment,EC10,sim2,template3,0.5541,1,0.0,,0.0,1,0.0,,0.0
experiment,EC10,sim2,template4,0.315,1,1.0,1.02,0.976,1,1.0,1.02,0.977
experiment,EC10,sim3,template1,0.57,3,2.0,1.51,0.0,0,0.0,,1.0
experiment,EC10,sim3,template2,0.5348,0,0.0,,1.0,0,0.0,,1.0
experiment,EC10,sim3,template3,0.4988,3,4.0,0.75,1.0,0,0.0,,1.0
experiment,EC10,sim3,template4,0.2913,3,0.0,,0.0,3,0.0,,0.0
experiment,EC10,sim4,template1,0.5821,2,1.0,2.0,0.0,2,1.0,2.0,0.0
experiment,EC10,sim4,template2,0.5827,0,0.0,,1.0,0,0.0,,1.0
experiment,EC10,sim4,template3,0.5112,3,2.0,1.51,0.0,1,0.0,,0.0
experiment,EC10,sim4,template4,0.2893,3,0.0,,0.0,3,0.0,,0.0
experiment,ECIT,sim1,template1,0.5216,5,0.0,,0.0,2,0.0,,0.0
experiment,ECIT,sim1,template2,0.4997,10,6.0,1.67,0.0,2,0.0,,0.0
experiment,ECIT,sim1,template3,0.545,6,2.0,3.01,0.0,1,0.0,,0.0
experiment,ECIT,sim1,template4,0.2783,21,11.8,1.78,0.0,11,5.9,1.87,0.0
experiment,ECIT,sim2,template1,0.5555,1,2.0,0.51,0.9995,1,2.0,0.51,0.9995
experiment,ECIT,sim2,template2,0.4728,10,8.0,1.25,0.0,5,8.0,0.63,1.0
experiment,ECIT,sim2,template3,0.4497,15,13.9,1.08,0.0,9,9.9,0.91,0.9985
experiment,ECIT,sim2,template4,0.2322,35,43.1,0.81,0.9985,26,33.4,0.78,0.9995
experiment,ECIT,sim3,template1,0.5468,7,7.9,0.88,0.9985,2,2.0,1.02,0.9613
experiment,ECIT,sim3,template2,0.5673,3,2.0,1.5,0.0,0,0.0,,1.0
experiment,ECIT,sim3,template3,0.5964,0,0.0,,1.0,0,0.0,,1.0
experiment,ECIT,sim3,template4,0.319,4,2.0,2.0,0.0,2,0.0,,0.0
experiment,ECIT,sim4,template1,0.5376,6,2.0,3.02,0.0,4,0.0,,0.0
experiment,ECIT,sim4,template2,0.5416,0,0.0,,1.0,0,0.0,,1.0
experiment,ECIT,sim4,template3,0.5713,0,0.0,,1.0,0,0.0,,1.0
experiment,ECIT,sim4,template4,0.3156,7,3.9,1.78,0.0,4,1.9,2.08,0.0
experiment,ECOR,sim1,template1,0.4885,4,2.0,2.0,0.0,3,2.0,1.5,0.0
experiment,ECOR,sim1,template2,0.4787,7,4.0,1.76,0.0,4,2.0,2.02,0.0
experiment,ECOR,sim1,template3,0.4916,0,0.0,,1.0,0,0.0,,1.0
experiment,ECOR,sim1,template4,0.3127,5,2.0,2.53,0.0,3,2.0,1.52,0.0
experiment,ECOR,sim2,template1,0.5754,6,4.0,1.5,0.0,5,2.0,2.5,0.0
experiment,ECOR,sim2,template2,0.4681,9,6.0,1.5,0.0,7,4.0,1.75,0.0
experiment,ECOR,sim2,template3,0.4311,18,15.9,1.13,0.0,11,8.0,1.38,0.0
experiment,ECOR,sim2,template4,0.2224,47,51.1,0.92,0.9972,24,23.6,1.02,0.7575
experiment,ECOR,sim3,template1,0.5755,4,2.0,2.0,0.0,4,2.0,2.0,0.0
experiment,ECOR,sim3,template2,0.5179,2,2.0,1.01,0.9875,0,0.0,,1.0
experiment,ECOR,sim3,template3,0.5341,0,0.0,,1.0,0,0.0,,1.0
experiment,ECOR,sim3,template4,0.313,1,0.0,,0.0,0,0.0,,1.0
experiment,ECOR,sim4,template1,0.518,3,2.0,1.51,0.0,3,2.0,1.51,0.0
experiment,ECOR,sim4,template2,0.5296,1,0.0,,0.0,0,0.0,,1.0
experiment,ECOR,sim4,template3,0.5546,1,0.0,,0.0,1,0.0,,0.0
experiment,ECOR,sim4,template4,0.3055,2,1.9,1.03,0.9493,1,1.9,0.51,0.999
experiment,EMAS,sim1,template1,0.5383,1,2.0,0.5,1.0,0,0.0,,1.0
experiment,EMAS,sim1,template2,0.5079,4,6.0,0.67,1.0,1,2.0,0.51,0.9995
experiment,EMAS,sim1,template3,0.5909,9,8.0,1.13,0.0,8,8.0,1.0,0.9742
experiment,EMAS,sim1,template4,0.2816,11,5.9,1.85,0.0,7,4.0,1.76,0.0
experiment,EMAS,sim2,template1,0.5913,12,13.9,0.86,0.9992,11,11.9,0.92,0.999
experiment,EMAS,sim2,template2,0.6107,11,11.9,0.92,0.998,6,5.9,1.01,0.9433
experiment,EMAS,sim2,template3,0.5244,3,4.0,0.75,1.0,1,0.0,,0.0
experiment,EMAS,sim2,template4,0.3623,17,19.6,0.87,0.9982,12,15.6,0.77,1.0
experiment,EMAS,sim3,template1,0.6149,11,11.9,0.92,0.9995,8,10.0,0.8,1.0
experiment,EMAS,sim3,template2,0.5645,5,4.0,1.26,0.0,2,2.0,1.01,0.9898
experiment,EMAS,sim3,template3,0.6109,5,7.9,0.63,1.0,2,4.0,0.5,1.0
experiment,EMAS,sim3,template4,0.3562,14,17.6,0.79,1.0,8,13.7,0.58,1.0
experiment,EMAS,sim4,template1,0.6156,10,9.9,1.01,0.918,8,7.9,1.01,0.9223
experiment,EMAS,sim4,template2,0.549,6,7.9,0.76,0.9992,3,2.0,1.52,0.0
experiment,EMAS,sim4,template3,0.6461,1,2.0,0.5,1.0,0,0.0,,1.0
experiment,EMAS,sim4,template4,0.3399,18,23.4,0.77,0.9995,9,11.7,0.77,0.9992
ingv,ECPN,sim1,template1,0.532,26,29.8,0.87,1.0,7,14.9,0.47,1.0
ingv,ECPN,sim1,template2,0.5487,26,0.0,,0.0,4,0.0,,0.0
ingv,ECPN,sim1,template3,0.5813,30,14.8,2.02,0.0,6,0.0,,0.0
ingv,ECPN,sim1,template4,0.304,50,43.2,1.16,0.0,9,0.0,,0.0
ingv,ECPN,sim2,template1,0.5733,42,0.0,,0.0,17,0.0,,0.0
ingv,ECPN,sim2,template2,0.5651,31,15.0,2.07,0.0,8,0.0,,0.0
ingv,ECPN,sim2,template3,0.5279,62,29.9,2.07,0.0,32,14.9,2.14,0.0
ingv,ECPN,sim2,template4,0.3396,75,59.4,1.26,0.0,18,0.0,,0.0
ingv,ECPN,sim3,template1,0.6239,18,0.0,,0.0,5,0.0,,0.0
ingv,ECPN,sim3,template2,0.6584,14,0.0,,0.0,5,0.0,,0.0
ingv,ECPN,sim3,template3,0.664,15,14.9,1.01,0.9265,2,0.0,,0.0
ingv,ECPN,sim3,template4,0.4383,9,0.0,,0.0,3,0.0,,0.0
ingv,ECPN,sim4,template1,0.5988,57,29.9,1.91,0.0,24,15.0,1.6,0.0
ingv,ECPN,sim4,template2,0.6505,11,15.0,0.73,1.0,1,0.0,,0.0
ingv,ECPN,sim4,template3,0.5705,108,44.6,2.42,0.0,43,14.8,2.9,0.0
ingv,ECPN,sim4,template4,0.3965,19,0.0,,0.0,6,0.0,,0.0
ingv,EEC1,sim1,template1,0.4761,70,83.6,0.84,1.0,33,55.7,0.59,1.0
ingv,EEC1,sim1,template2,0.4816,58,55.6,1.04,0.0,20,27.9,0.72,1.0
ingv,EEC1,sim1,template3,0.5391,100,83.6,1.2,0.0,41,0.0,,0.0
ingv,EEC1,sim1,template4,0.3051,39,27.5,1.42,0.0,12,0.0,,0.0
ingv,EEC1,sim2,template1,0.5478,89,27.9,3.19,0.0,41,0.0,,0.0
ingv,EEC1,sim2,template2,0.5402,18,14.0,1.29,0.0,3,0.0,,0.0
ingv,EEC1,sim2,template3,0.4921,15,13.9,1.08,0.0,9,0.0,,0.0
ingv,EEC1,sim2,template4,0.303,47,68.9,0.68,1.0,16,27.4,0.58,1.0
ingv,EEC1,sim3,template1,0.5463,50,14.0,3.57,0.0,12,0.0,,0.0
ingv,EEC1,sim3,template2,0.4554,163,97.4,1.67,0.0,67,13.9,4.81,0.0
ingv,EEC1,sim3,template3,0.4486,196,139.2,1.41,0.0,109,69.6,1.57,0.0
ingv,EEC1,sim3,template4,0.3105,86,27.3,3.15,0.0,26,0.0,,0.0
ingv,EEC1,sim4,template1,0.5029,114,41.5,2.75,0.0,74,13.8,5.37,0.0
ingv,EEC1,sim4,template2,0.4331,180,83.7,2.15,0.0,98,41.7,2.35,0.0
ingv,EEC1,sim4,template3,0.4559,132,41.8,3.16,0.0,62,13.9,4.45,0.0
ingv,EEC1,sim4,template4,0.2446,270,206.2,1.31,0.0,175,96.5,1.81,0.0
