dataset,station,sim,template,rX,rY,rMag,rVec,dAz,passX,passY,passMag,peak_time
ingv,ECPN,sim4,template3,0.30164429886097327,0.5117384728755825,0.503761781705159,0.4528068479631036,44.15612983550642,False,False,False,2022-12-31 18:35:49
ingv,ECPN,sim4,template2,0.2809118124300276,0.35634089691076415,0.397313733461379,0.33737699250732567,49.866575224725814,False,False,False,2023-01-16 19:14:48
ingv,ECPN,sim4,template3,0.22219406906085662,0.6214896234175846,0.5839735247216002,0.37804982225373995,169.68977967515846,False,False,False,2023-02-03 01:53:28
ingv,ECPN,sim2,template3,0.5171111583255967,0.38962103840734663,0.31426404371665584,0.45106248325967446,35.949522759439034,True,False,False,2023-02-21 23:09:22
ingv,ECPN,sim4,template2,0.04926311020207408,0.6537519091246374,0.6372911687387197,0.5042820262694763,4.137513294667142,False,True,False,2023-02-10 19:59:33
ingv,ECPN,sim3,template2,0.40740976315633715,0.6562653509309971,0.6560661723404799,0.515307244496091,127.0777196456587,False,True,True,2023-01-02 14:35:36
ingv,ECPN,sim1,template2,0.5151632206955279,0.07280245938944839,0.0032398898862615617,0.42326158650566753,75.87256735239981,True,False,False,2023-02-15 11:21:58
ingv,ECPN,sim4,template3,0.45641915398172944,0.5991186813844002,0.59821898246242,0.5398853179257953,159.21698297613239,False,False,False,2023-01-10 15:03:02
ingv,ECPN,sim3,template2,0.3056073557078522,0.5840577352952756,0.5952965822025273,0.4124027686830797,48.3364089569929,False,False,False,2023-02-16 23:30:39
ingv,ECPN,sim2,template2,0.4221547000074073,0.46675363363743044,0.4832975048844116,0.45876859934248204,124.23514952746892,False,False,False,2022-12-26 17:58:14
ingv,ECPN,sim4,template3,0.37971701842084077,0.5684344867162416,0.5684809945715467,0.4990618160228425,41.348812852055644,False,False,False,2022-12-10 02:53:02
ingv,ECPN,sim2,template1,0.3026229380092296,0.47307313522126415,0.48398695938628145,0.4312532000698615,4.897362094130597,False,False,False,2022-11-19 12:34:49
ingv,ECPN,sim2,template2,0.5818200281264898,0.515695914198323,0.5158031799874612,0.5394538574091289,152.97993027501508,True,False,False,2022-12-11 10:07:59
ingv,ECPN,sim4,template3,0.1481592506646275,0.6544296410051317,0.6624633789336251,0.4881416932298164,23.4620916031048,False,False,False,2023-02-12 00:56:10
ingv,ECPN,sim2,template3,0.13824468951384108,0.5283848801685842,0.5270069705221426,0.41359118233079556,2.4226135127525947,False,False,False,2022-12-07 21:56:02
ingv,ECPN,sim4,template1,0.30825551578861976,0.3956525296318548,0.4160967240518816,0.3473256619799959,55.73016799600211,False,False,False,2023-02-18 07:12:54
ingv,ECPN,sim4,template1,0.28388677520409844,0.6160552833881323,0.6119944027654414,0.4156422330673706,15.15779073156885,False,False,False,2023-01-07 17:59:36
ingv,ECPN,sim2,template3,0.4323927125581051,0.4849252241958088,0.5032126036087093,0.45906859845552267,122.95295118197122,False,False,False,2022-12-28 03:58:08
ingv,ECPN,sim3,template3,0.21136081594325543,0.6413607588882064,0.627212429949219,0.5038345114174976,151.96507132895823,False,False,False,2023-01-04 01:56:36
ingv,ECPN,sim4,template2,0.3096091429205219,0.48178871912316124,0.43537444755228094,0.4093721906267507,24.055658564361185,False,False,False,2023-01-26 14:27:48
ingv,ECPN,sim4,template1,0.2493346408765175,0.5630038435108417,0.589052404826973,0.4501446393822118,40.77898149065463,False,False,False,2023-01-12 01:38:23
ingv,ECPN,sim4,template1,0.4791943145165564,0.0013038049443046356,0.07260416202906769,0.3927143057304643,74.55190615337284,False,False,False,2023-02-01 01:37:06
ingv,ECPN,sim2,template1,0.5531861506220642,0.4787057289657421,0.481672067060839,0.52394447442351,148.57357794440327,True,False,False,2022-12-11 12:32:41
ingv,ECPN,sim2,template2,0.11410815593443605,0.5987465631280205,0.5994330224357914,0.451925267955301,6.13508644765389,False,False,False,2022-12-25 15:49:30
ingv,ECPN,sim2,template3,0.46179383243642896,0.5095276917285778,0.545308417155936,0.48695782420618794,63.12799619575801,False,False,False,2023-02-21 03:49:39
ingv,ECPN,sim4,template2,0.1201447488967629,0.5997384252287916,0.6039524106929732,0.45417510874625394,153.73989632381912,False,False,False,2023-02-16 12:50:13
ingv,ECPN,sim4,template3,0.4499421606326069,0.18556161089171716,0.20851177958748154,0.3894852418256833,99.33248885668668,False,False,False,2023-01-03 09:22:21
ingv,ECPN,sim3,template1,0.1373486939318018,0.6426540511502573,0.6456794250603738,0.37604099922470163,5.187589998249662,False,True,True,2023-02-11 20:42:11
ingv,ECPN,sim3,template3,0.2233761114371498,0.7015632748381058,0.7186664610482929,0.5763033375967463,149.6431248996811,False,True,True,2023-02-04 07:13:33
ingv,ECPN,sim2,template1,0.3782981738772693,0.3836670167961209,0.43388140734718444,0.3940691541448306,109.92214339700827,False,False,False,2023-02-12 09:22:51
ingv,ECPN,sim4,template2,0.1526777996802262,0.5620795977737162,0.5601622855377736,0.4578834241852586,0.936767547012436,False,False,False,2022-12-02 22:34:36
ingv,ECPN,sim4,template3,0.29895800650526966,0.5262469816225454,0.5427573080159145,0.4537404612413667,30.68072736313366,False,False,False,2023-02-14 17:12:51
ingv,ECPN,sim3,template3,0.3255148819408122,0.6172223555026709,0.6289611189283572,0.47237283935126884,135.23166210216831,False,False,False,2023-01-02 01:25:08
ingv,ECPN,sim3,template1,0.49373633404004025,0.41281951337950396,0.373795020210415,0.4566530389291242,148.69138247976463,False,False,False,2023-02-02 09:59:52
ingv,ECPN,sim3,template1,0.6398365600503845,0.3256055370060684,0.32879237220955737,0.4878333468143016,41.33936417134336,True,False,False,2022-12-03 13:31:47
ingv,ECPN,sim4,template2,0.438250518501839,0.6301012778827962,0.6409406158613766,0.534402329793489,48.39205460528649,False,False,False,2023-01-02 05:39:17
ingv,ECPN,sim3,template2,0.2675574599709343,0.5392445008859468,0.5395968766364191,0.44140750120188277,147.96028912886473,False,False,False,2022-12-15 17:03:53
ingv,ECPN,sim4,template2,0.6098133982521224,0.44435767578393515,0.4448981644143235,0.5332517608924794,62.484038177668666,False,False,False,2022-12-09 10:31:19
ingv,ECPN,sim2,template2,0.18303161301261509,0.613438935844818,0.6217396038613793,0.3983869227567341,141.95919264596526,False,False,True,2023-02-03 03:15:08
ingv,ECPN,sim4,template3,0.4092404983967594,0.5930209856044245,0.5945629236033477,0.5285593153880664,135.20752330275886,False,False,False,2022-12-10 03:02:46
ingv,ECPN,sim2,template3,0.3027844488486358,0.6691686979061982,0.6688516270638931,0.5963850021799535,30.00535053731939,False,True,True,2022-11-26 19:54:04
ingv,ECPN,sim4,template3,0.3663357132295065,0.6120845549125675,0.6051198738962558,0.5258869571104563,21.751962303784968,False,False,False,2022-12-07 16:09:17
ingv,ECPN,sim4,template1,0.1357741016407568,0.6187626892915656,0.6193272023612113,0.5635313377043873,9.895588343742503,False,False,False,2022-11-15 18:34:14
ingv,ECPN,sim4,template1,0.508866650570222,0.45553269340770663,0.503846840042364,0.49521066621759113,105.06753578912085,False,False,False,2023-02-15 21:55:14
ingv,ECPN,sim4,template1,0.10273226484264797,0.6002907135124195,0.6111699719183415,0.37299070366582643,152.72717887952814,False,False,False,2023-01-05 05:27:56
ingv,ECPN,sim4,template1,0.18820027206402104,0.6207261054223132,0.6223685882876344,0.47430733699470623,0.4903665207509969,False,False,False,2023-02-15 01:18:03
ingv,ECPN,sim4,template1,0.05722549334075621,0.561273010681679,0.5556571370122064,0.39201768793979935,24.995544871424794,False,False,False,2022-12-22 21:39:59
ingv,ECPN,sim3,template2,0.0662321367357721,0.6325616988884388,0.6246418008374187,0.37170591921403046,20.726555042496877,False,False,False,2023-01-04 04:12:50
ingv,ECPN,sim4,template3,0.5597431783632925,0.5272676012975375,0.5228315246110369,0.5469401609788964,136.9402355577176,True,False,False,2022-12-07 12:41:18
ingv,ECPN,sim2,template1,0.52713338209737,0.35912631230433395,0.34795282254826065,0.4513266623419757,36.25145707218795,False,False,False,2022-12-02 09:55:46
ingv,ECPN,sim3,template3,0.23771637395178985,0.6541446552707462,0.6541104260811772,0.53952203853892,2.233446694846648,False,False,False,2023-01-10 16:17:07
ingv,ECPN,sim3,template2,0.5330530612636268,0.531191573711857,0.47817790943708094,0.5421754980963805,40.00915054523738,False,False,False,2023-01-27 10:37:06
ingv,ECPN,sim2,template2,0.5542825450107384,0.4082391575235967,0.38899072643654786,0.4669191669566633,148.86890654901993,True,False,False,2023-01-10 10:22:56
ingv,ECPN,sim4,template1,0.26224398625158574,0.46904903666998826,0.46196197303669606,0.3099044298867427,53.19756905355212,False,False,False,2023-01-07 05:38:41
ingv,ECPN,sim3,template3,0.17875668440329504,0.56190135690823,0.5611560206580218,0.43567959774718823,146.6584075626921,False,False,False,2022-12-29 08:58:28
ingv,ECPN,sim4,template2,0.5404731383123487,0.19993452785601717,0.18868347209031186,0.4701761301105408,65.40291023036814,False,False,False,2022-12-18 12:37:03
ingv,ECPN,sim2,template3,0.11807666603501368,0.5322343927028232,0.5315990481422213,0.40478999711567804,175.97242694248231,False,False,False,2023-01-10 21:10:26
ingv,ECPN,sim3,template3,0.03726023559453406,0.587080671434497,0.5724335356775364,0.44383409046386135,166.4994949531591,False,False,False,2023-02-08 07:31:40
ingv,ECPN,sim4,template2,0.35255227598013744,0.5757394953223295,0.5748538037142268,0.4963260637108516,164.74426151884128,False,False,False,2022-12-07 10:44:06
ingv,ECPN,sim3,template1,0.1898468436399041,0.5524135695618847,0.548684719503385,0.376794000917129,136.9190193553943,False,False,False,2022-12-30 16:31:02
ingv,ECPN,sim4,template2,0.496780118457425,0.004071074570941655,0.00043764828187664204,0.38556691129875553,81.22122625441352,False,False,False,2022-12-13 02:28:22
ingv,ECPN,sim2,template3,0.3543080760775715,0.4353503194187697,0.45893566263855834,0.39455850536312403,57.51535706107969,False,False,False,2023-02-21 03:58:07
ingv,ECPN,sim4,template3,0.43675539996011103,0.5954786060250356,0.6270504990777535,0.4535436655941061,60.87194442886208,False,False,False,2023-01-07 07:40:46
ingv,ECPN,sim4,template3,0.10856336267768787,0.6239870599877615,0.6007377943142219,0.4703412316558568,174.99402735852667,False,False,False,2023-02-23 18:25:50
ingv,ECPN,sim3,template2,0.4849493938762652,0.4831847205394262,0.5310006171341967,0.491080869968689,66.58791481926923,False,False,False,2023-02-19 12:18:01
ingv,ECPN,sim4,template3,0.34335380866777354,0.5700718444536645,0.572586668305597,0.48676861866792803,18.04338458029295,False,False,False,2023-01-10 15:37:47
ingv,ECPN,sim4,template3,0.4633238025695985,0.36954354004862067,0.4125627645104824,0.3991892981056425,64.54385394945604,False,False,False,2023-01-27 16:39:31
ingv,ECPN,sim4,template3,0.001769688714501791,0.6858703535392762,0.6759694239698011,0.47162060099825964,6.221611462737017,False,True,True,2023-01-07 04:33:32
ingv,ECPN,sim3,template3,0.005754098506909152,0.6157733791085085,0.6159990138567861,0.41850150753380033,167.07966860116505,False,False,False,2023-01-03 03:07:26
ingv,ECPN,sim2,template3,0.23519315710273883,0.5305643833692565,0.5390702165556548,0.3953568519064809,141.36652984431933,False,False,False,2022-12-25 23:09:59
ingv,ECPN,sim3,template2,0.19139238797014813,0.6441691249034424,0.6362403474169875,0.44895217989015335,7.693557425912146,False,True,True,2023-02-01 13:16:26
ingv,ECPN,sim2,template1,0.1698040142148149,0.5579816028202823,0.5681864244262379,0.43877873634772285,175.2512346120962,False,True,True,2023-02-22 16:28:02
ingv,ECPN,sim4,template1,0.14507711682217533,0.562978278309372,0.5486699866759316,0.36567281908820487,4.799446171343146,False,False,False,2023-01-12 02:37:55
ingv,ECPN,sim2,template2,0.05538424206026485,0.5875933688906955,0.5934170240803079,0.44537433771013935,160.17205366079705,False,False,False,2023-02-19 15:24:45
ingv,ECPN,sim4,template1,0.15895122953819196,0.6333554947553992,0.6295774824968603,0.5710446370387587,155.80875012626257,False,False,False,2022-12-01 02:44:59
ingv,ECPN,sim4,template3,0.6154500849284519,0.1649054797485442,0.273664915622679,0.5414140584409313,89.4302185444694,True,False,False,2023-02-08 09:54:58
ingv,ECPN,sim4,template2,0.14584167098763226,0.5166027608578141,0.5128858522135502,0.4063705761303714,25.368543828498808,False,False,False,2022-12-04 01:25:58
ingv,ECPN,sim4,template3,0.34736426561941297,0.5113276106769057,0.5111339323481313,0.44334246294009466,39.52964981544395,False,False,False,2022-12-24 18:45:11
ingv,ECPN,sim3,template2,0.35113113139304936,0.49105376816118707,0.4927490815005489,0.4472145875222378,45.58876975097474,False,False,False,2023-02-12 03:25:10
ingv,ECPN,sim2,template3,0.35774222601205913,0.6102455323552768,0.6172199644276202,0.5420313667685964,37.275313594418684,False,False,False,2022-12-24 11:37:26
ingv,ECPN,sim3,template3,0.4462669087526713,0.6720916242228844,0.6792583418764183,0.54564605046442,50.53869683672811,False,True,True,2023-01-04 12:07:18
ingv,ECPN,sim4,template2,0.2931046403693633,0.6225861021714596,0.6163198043475944,0.5292470491658464,12.855154495861774,False,False,False,2022-12-23 11:45:23
ingv,ECPN,sim2,template3,0.4048071464209139,0.5542500950224294,0.5423546003896667,0.5023815130092638,163.98565442238976,False,False,False,2023-01-10 17:36:40
ingv,ECPN,sim2,template1,0.5514419917398125,0.6130632358260955,0.5866315630825066,0.5846652203763381,155.8265907917118,True,True,True,2023-01-30 23:15:59
ingv,ECPN,sim3,template3,0.010236804088790798,0.6525331798880907,0.6550266386364658,0.3758644457264798,167.28059024246718,False,False,False,2023-01-03 22:24:17
ingv,ECPN,sim2,template3,0.05857752188430459,0.6593136421646938,0.6581477857227156,0.5292150158674465,168.87753789281527,False,True,True,2023-01-10 20:52:41
ingv,ECPN,sim4,template2,0.34103974407057425,0.6034623784813689,0.6003174606293068,0.5221156935004811,24.299419625897166,False,False,False,2022-12-13 08:00:03
ingv,ECPN,sim4,template2,0.15267779968022618,0.5620795977737162,0.5601622855377734,0.4578834241852586,0.9367675470124293,False,False,False,2022-12-02 22:24:33
ingv,ECPN,sim2,template1,0.02763838324892856,0.6219599608335655,0.6297693406933281,0.4914362433445348,16.52902802632886,False,True,True,2022-11-20 18:04:18
ingv,ECPN,sim4,template3,0.05308961165757758,0.5296351461963543,0.5349936718217135,0.34265314431903193,155.41575538722026,False,False,False,2023-02-03 02:05:06
ingv,ECPN,sim3,template3,0.29701754909613715,0.6511672794808103,0.6218729017303187,0.5154607200840614,168.10236763054036,False,False,False,2023-01-26 14:04:13
ingv,ECPN,sim3,template3,0.40460258966579316,0.45369064858935815,0.4560821452379654,0.43305635939683856,46.55976141009366,False,False,False,2022-12-19 04:59:59
ingv,ECPN,sim1,template3,0.5837298997632616,0.5086208603181512,0.48443094956518284,0.5395320991587327,67.4242199539275,True,False,False,2023-02-09 08:27:54
ingv,ECPN,sim4,template2,0.4605715995805866,0.016886369982262103,0.04186852951987365,0.38950206708031243,82.90367841315262,False,False,False,2022-12-28 03:25:14
ingv,ECPN,sim3,template3,0.15244759702544924,0.6299534476255294,0.6255774309137215,0.5048903911693949,177.01393439027476,False,False,False,2022-12-29 13:50:55
ingv,ECPN,sim4,template3,0.35313048504294425,0.6565442305564353,0.6586121448299741,0.4829339659320087,31.611352467656072,False,False,False,2023-02-18 17:24:57
ingv,ECPN,sim4,template1,0.19504278391250268,0.4532177093580382,0.4836545804958465,0.36787712465435396,146.4238927095206,False,False,False,2023-01-31 06:41:25
ingv,ECPN,sim2,template3,0.050323107086993335,0.5643315960051325,0.5536249828614213,0.4256926331528207,10.015247209913703,False,False,False,2023-02-10 19:50:34
ingv,ECPN,sim2,template3,0.2067511561775035,0.5379589173786168,0.5411155726030888,0.4578151309785629,28.987405412456095,False,False,False,2022-12-24 11:20:17
ingv,ECPN,sim4,template3,0.5455281355914858,0.5396097658621264,0.5060598602913542,0.5711391640422675,38.629951472881,True,False,False,2023-01-10 16:46:14
ingv,ECPN,sim3,template3,0.5445339764172752,0.6148049244103344,0.6231467183690185,0.560632674078358,125.93286969636644,False,False,False,2023-01-04 11:56:19
ingv,ECPN,sim4,template3,0.17930890099092328,0.6097691040003419,0.6316414981194258,0.4699915060565358,29.48372671745304,False,False,False,2023-02-19 14:02:58
ingv,ECPN,sim4,template3,0.285271454840587,0.6226900851567804,0.6537050267681125,0.4917222899264179,144.49140259464303,False,False,False,2023-01-13 15:11:21
ingv,ECPN,sim2,template3,0.5080729623058914,0.5575402529758648,0.569208727870454,0.5249792050461121,63.079959617779885,True,False,False,2023-01-04 07:23:03
ingv,ECPN,sim4,template1,0.6213332041608498,0.2639688774829824,0.22525588555609063,0.4692410923954211,49.57487263293056,True,False,False,2023-01-10 19:43:10
ingv,ECPN,sim3,template3,0.6028856764832493,0.1913241442883652,0.30244415479234,0.5582862406335054,88.71591268225121,False,False,False,2023-02-04 00:00:01
ingv,ECPN,sim3,template3,0.376760167032977,0.5992086594746431,0.6375671301798466,0.5173541798291773,130.22085565754082,False,False,False,2023-01-06 23:04:25
ingv,ECPN,sim4,template3,0.23796970507435566,0.6281915805728622,0.644414856360933,0.47336643067727463,140.71125824909453,False,False,False,2023-02-11 23:55:58
ingv,ECPN,sim4,template3,0.22784106859807035,0.7725316532960627,0.7667020232713218,0.58297360941681,158.81588824211576,False,True,True,2023-01-04 02:21:31
ingv,ECPN,sim2,template3,0.14445681285070658,0.532077429650066,0.5576194166229703,0.3826609320494381,28.73929310663318,False,False,False,2023-01-15 15:48:31
ingv,ECPN,sim2,template2,0.07226242122583822,0.5536713833769535,0.5566790313684097,0.40873397793492494,7.533303132133924,False,False,False,2022-11-27 12:33:46
ingv,ECPN,sim4,template3,0.4928732206180664,0.6158290618242778,0.6020424760609094,0.5689579396519789,27.10806303838249,False,False,False,2023-01-21 12:26:34
ingv,ECPN,sim4,template3,0.5479191835975339,0.12786518365559563,0.22462733400531049,0.47239061180068875,89.36404420014958,True,False,False,2023-02-08 10:05:59
ingv,ECPN,sim4,template1,0.17484297923571654,0.6089482270274875,0.628474673101413,0.4424920349394933,147.34529815398542,False,False,False,2023-01-16 10:30:51
ingv,ECPN,sim4,template2,0.29812712502148236,0.572194990443437,0.5377913637484167,0.41343906048241424,152.5052488949644,False,False,False,2023-01-15 20:08:23
ingv,ECPN,sim2,template1,0.15793820654261242,0.60403247205792,0.626378414218823,0.4400514952467506,36.39149298845406,False,True,True,2023-02-07 14:56:07
ingv,ECPN,sim4,template3,0.07433963639722153,0.5401284605408839,0.5385351531741467,0.3920193273974708,15.989399356160861,False,False,False,2023-01-11 03:03:23
ingv,ECPN,sim3,template3,0.3413267560702901,0.6110802827724447,0.6299577157192993,0.4922196766657748,138.64967740527334,False,False,False,2023-01-01 05:58:47
ingv,ECPN,sim4,template3,0.6674646556709481,0.21092855211622213,0.11716548848583297,0.6101268889148266,70.49430253667212,True,False,False,2023-01-20 06:44:59
ingv,ECPN,sim2,template2,0.1747329960256486,0.6183408862017782,0.6158527685981754,0.4547266074300156,0.2040171039119578,False,False,False,2023-01-31 14:08:27
ingv,EEC1,sim2,template3,0.24188791194502793,0.4709379096338659,0.22476109124366098,0.37555668282067645,89.23796322777429,False,True,False,2022-12-09 03:41:44
ingv,EEC1,sim4,template1,0.4000224395449488,0.30961794045455787,0.5394354389152008,0.35680198738761515,27.40496138424071,False,False,True,2022-11-29 00:25:05
ingv,EEC1,sim3,template1,0.3191212324429726,0.2671151601139382,0.08082465065301694,0.29283388822688855,71.68051134439624,False,False,False,2022-12-01 16:03:11
ingv,EEC1,sim1,template1,0.09870670402263224,0.4263583018355038,0.17941598069917206,0.3951800609371616,49.032087692614205,False,False,False,2023-02-12 22:00:49
ingv,EEC1,sim1,template1,0.27330543043091254,0.13608553752859248,0.4259610018844217,0.3188832418405131,116.08208966012442,False,False,False,2022-12-13 00:25:13
ingv,EEC1,sim4,template1,0.20694421484835782,0.4520281502896153,0.09027183661037298,0.3464334047030354,130.7363485783532,False,False,False,2022-11-29 07:36:44
ingv,EEC1,sim2,template2,0.5631001039405498,0.1931346216189183,0.38373832795378093,0.4669955190183111,137.5580018925155,True,False,False,2022-12-30 18:33:52
ingv,EEC1,sim2,template1,0.30130591092308906,0.3550883539373996,0.026131777738165544,0.331132534474995,99.75423780654165,False,False,False,2023-01-03 04:53:34
ingv,EEC1,sim4,template1,0.4411612629280122,0.28842849414327904,0.13231752877573336,0.3975958435482203,83.9261168016683,False,False,False,2023-01-28 05:28:39
ingv,EEC1,sim2,template3,0.22598419318808313,0.5596062809381245,0.27014749322253784,0.4411774353006141,83.31707346147219,False,True,False,2022-12-10 04:33:57
ingv,EEC1,sim1,template3,0.44239895403223084,0.3297448021785783,0.02376549406555563,0.49900095813878653,102.10339295200635,False,False,False,2023-02-12 12:28:49
ingv,EEC1,sim1,template3,0.40262163617280783,0.12974061152348523,0.4099239947497058,0.4116938348972359,111.75768326401847,False,False,False,2023-01-01 02:11:52
ingv,EEC1,sim1,template1,0.34357048092173903,0.3130281124910328,0.05560737128256186,0.3278791404802422,66.52469940924917,False,False,False,2023-01-30 13:13:00
ingv,EEC1,sim3,template3,0.30395236159494476,0.40670895417867226,0.2100590579951654,0.3892318891160863,103.54081907728421,False,False,False,2023-02-07 23:28:40
ingv,EEC1,sim4,template3,0.3567563346660804,0.290484559866756,0.5053837909914697,0.33507331298492166,142.09097363214198,False,False,True,2023-02-10 08:57:26
ingv,EEC1,sim1,template3,0.3228353051485092,0.015213710239000268,0.03537578414674815,0.4387268959192501,81.13050176648936,False,False,False,2023-01-16 12:20:00
ingv,EEC1,sim4,template1,0.35816648017161296,0.2724537366278536,0.5040715518120439,0.3212360213982757,147.67152786651005,False,False,True,2023-02-12 06:17:11
ingv,EEC1,sim3,template1,0.35526023528632367,0.47978328482382887,0.05169703552175632,0.4144047540923915,80.67475312853136,False,True,False,2022-12-05 14:07:18
ingv,EEC1,sim2,template3,0.42475926582807166,0.11921182481002819,0.24219616145057662,0.33934910924422257,39.37896064751561,False,False,False,2023-01-17 01:54:03
ingv,EEC1,sim1,template3,0.36728059666683593,0.4323014212546606,0.04546299757122186,0.4074142900914823,127.59137654530234,False,False,False,2022-11-18 06:10:39
ingv,EEC1,sim2,template3,0.46332435070732325,0.21413292825495892,0.19443057366002017,0.40425338234260705,135.3545127295977,False,False,False,2023-01-13 07:06:55
ingv,EEC1,sim4,template2,0.18486127081267553,0.5292475632674206,0.22735145645951624,0.40080097540495896,155.32233398191943,False,True,False,2022-11-16 20:11:59
ingv,EEC1,sim4,template1,0.4469448171040399,0.20270476642249152,0.5641186466883403,0.32749606972382805,141.97994602768122,False,False,True,2022-12-15 10:41:54
ingv,EEC1,sim4,template2,0.45287801289055757,0.15864120215114255,0.5425663429831944,0.3343203623541142,123.69734198905277,True,False,True,2022-12-15 10:48:42
ingv,EEC1,sim4,template2,0.2557019726433106,0.49718400347562164,0.49292962487910896,0.3800518058877274,162.5706497507678,False,True,True,2022-12-26 22:20:57
ingv,EEC1,sim3,template2,0.04231634047559495,0.5758700789366356,0.3690130549305715,0.43657225124508486,68.61909709802741,False,True,False,2022-11-27 05:39:31
ingv,EEC1,sim3,template1,0.4291841480894576,0.21752637479663053,0.5373765337347247,0.37807088265372124,12.581606028210786,False,False,True,2023-01-04 19:02:10
ingv,EEC1,sim2,template2,0.07182361886560047,0.4938287929573383,0.24808464851816556,0.34430847518248636,69.0682686968018,False,True,False,2023-01-27 14:03:54
ingv,EEC1,sim3,template1,0.4263752387299584,0.20883607700282125,0.3136224582534318,0.3482935929327495,54.72728770226551,False,False,False,2022-12-19 05:51:37
ingv,EEC1,sim4,template2,0.06927239748022919,0.49751183866195203,0.34993581851938316,0.3837483468480637,8.802640026641111,False,True,False,2022-11-16 20:22:06
ingv,EEC1,sim4,template2,0.28639849683496915,0.6011229623828396,0.29065168584996837,0.46519114574899356,167.37392819181846,False,True,False,2023-01-23 15:12:38
ingv,EEC1,sim2,template2,0.01534727053340469,0.473085113300776,0.24736167427945654,0.3190607903597482,57.99034340608428,False,True,False,2022-11-19 12:45:36
ingv,EEC1,sim1,template3,0.060283255053496146,0.4643154253403974,0.32200757851678996,0.3498023767864604,160.748753330229,False,False,False,2023-01-17 09:49:42
ingv,EEC1,sim1,template1,0.22430291843972097,0.33212924266398214,0.06665429211195274,0.3121643685124227,129.71220343969821,False,False,False,2022-11-19 19:02:08
ingv,EEC1,sim1,template3,0.3456215737468944,0.4337762801365035,0.38918885883750526,0.4941732365555972,128.5181197260212,False,False,False,2023-01-06 19:50:10
ingv,EEC1,sim3,template1,0.42495003016063093,0.32318795841004655,0.2852992838574654,0.39081995956728427,61.27377493059501,False,False,False,2022-12-12 06:32:50
ingv,EEC1,sim1,template2,0.23508703278509285,0.2535002587133906,0.05209937754942447,0.298764663059802,69.94438803095504,False,False,False,2023-01-20 04:50:47
ingv,EEC1,sim4,template1,0.293129555837883,0.45669932112822137,0.07535407921238825,0.3837674227799234,120.48201138988624,False,False,False,2022-12-02 21:46:07
ingv,EEC1,sim4,template1,0.18630314120569438,0.42929310321468195,0.344294024712234,0.3610203858355431,134.70860637730374,False,False,False,2023-01-15 07:35:20
ingv,EEC1,sim4,template2,0.37939746169723293,0.029676092019313757,0.26620621291017177,0.3487188356491725,104.49607974775336,False,False,False,2023-02-12 19:02:44
ingv,EEC1,sim1,template1,0.364431460978154,0.11120810096766182,0.21664448853644996,0.3788701417734648,95.52789378775209,False,False,False,2023-01-07 03:37:32
ingv,EEC1,sim3,template2,0.4375056082514597,0.11059609869629873,0.4300705828713019,0.39394886733682,20.483133607742207,True,False,True,2023-01-04 19:41:05
ingv,EEC1,sim1,template2,0.4506348854967811,0.2308147413722968,0.05155424955687006,0.42450602769908946,95.60743163291313,False,False,False,2023-01-25 22:06:43
ingv,EEC1,sim2,template1,0.4470847350935764,0.3988363336078289,0.14731004144993196,0.43694711154747107,61.21480330461085,False,False,False,2022-12-07 14:28:49
ingv,EEC1,sim1,template3,0.4804003439848473,0.051055204093345935,0.25998532111075917,0.3600774203210797,78.56262569704535,False,False,False,2023-01-19 11:38:30
ingv,EEC1,sim3,template2,0.38866640927956847,0.5086925714630706,0.5798271622283383,0.44067803481378637,22.414154639415763,False,True,True,2022-12-26 22:31:40
ingv,EEC1,sim2,template2,0.2952764013642212,0.1513597522140315,0.02841703407749277,0.24701726977271418,125.29505063591095,False,False,False,2022-12-10 20:39:18
ingv,EEC1,sim4,template2,0.4938203170121275,0.019207209542579512,0.39078325398408414,0.3270412710553955,99.71177536495782,True,False,False,2023-01-10 18:51:44
ingv,EEC1,sim4,template1,0.47537743129496735,0.18575305168813042,0.33619559424071455,0.41038020081701276,100.31570596692579,True,False,False,2022-11-15 11:18:58
ingv,EEC1,sim4,template2,0.27480258264205454,0.5115618993397275,0.10473849944294827,0.38912685783200673,127.23949913845341,False,True,False,2023-02-12 12:12:46
ingv,EEC1,sim3,template1,0.36506821995734406,0.44454978208521695,0.012352637946534552,0.4036789154903657,80.54434188969815,False,False,False,2022-12-07 02:33:28
ingv,EEC1,sim3,template1,0.4693058931822776,0.016979300611520354,0.4272766146141792,0.39250152316533565,32.36497217350109,False,False,False,2022-12-30 18:06:51
ingv,EEC1,sim3,template2,0.3419029932239381,0.46884094663554765,0.027112872622498573,0.3962834455739704,104.77359409247359,False,True,False,2022-12-29 00:58:11
ingv,EEC1,sim2,template2,0.25970627484892916,0.3762692543480849,0.5185814865064644,0.3441756218576875,144.1877877767487,False,False,True,2022-11-16 12:36:33
ingv,EEC1,sim4,template2,0.1962702153071519,0.601143164735797,0.2902501420416066,0.44635053165922023,150.9237234094725,False,True,False,2022-12-09 17:23:39
ingv,EEC1,sim3,template1,0.5595371546448912,0.18506244138431022,0.45806650313091385,0.4110910514649132,50.04121919454142,True,False,False,2022-11-18 04:10:30
ingv,EEC1,sim1,template2,0.4929016887014162,0.23125370381769272,0.08967433190733244,0.3829685562858212,77.16033987368738,True,False,False,2023-01-21 09:07:01
ingv,EEC1,sim2,template1,0.3965615091787381,0.5869053784429973,0.10803875429949894,0.4411619486186995,66.98871949940545,False,True,False,2022-12-27 18:21:59
ingv,EEC1,sim3,template1,0.4286261044273714,0.22226363684631611,0.25439949915191673,0.32993092069271923,60.892120701358806,False,False,False,2022-11-15 04:46:34
ingv,EEC1,sim1,template2,0.3814316474295295,0.4205141061437106,0.045286817887090075,0.38202708658698015,114.84574317730332,False,False,False,2023-01-26 07:53:02
ingv,EEC1,sim4,template1,0.42558782847718096,0.33526369413726875,0.5726692497348876,0.39754926544612385,33.44124610726983,False,False,True,2022-12-04 04:34:59
ingv,EEC1,sim2,template3,0.35217783025223165,0.3803803378850056,0.02271150886135076,0.3687852079679849,114.01209654362549,False,False,False,2023-01-28 01:19:59
ingv,EEC1,sim2,template1,0.5099038408911744,0.37530346256167396,0.34150342003809564,0.4685250858726585,57.57341464704938,True,False,False,2022-11-30 02:38:47
ingv,EEC1,sim1,template3,0.40606255650555656,0.26095507391215184,0.2759665029375836,0.3946985642573131,108.35484573470664,False,False,False,2022-12-12 15:37:31
ingv,EEC1,sim3,template1,0.2611454604592821,0.4315981304051451,0.4924095961632772,0.3536725405599277,152.94746944490564,False,False,True,2023-02-11 20:43:19
ingv,EEC1,sim4,template1,0.20625262699129146,0.4675655085508255,0.4104937660004909,0.3300484913545433,175.0174623537623,False,True,False,2022-12-30 02:20:34
ingv,EEC1,sim2,template1,0.16561062218009823,0.4207400264001955,0.14552955812170756,0.3268558098291959,99.9927818565658,False,False,False,2022-12-14 03:12:15
ingv,EEC1,sim3,template1,0.5183444311069186,0.049985076747886985,0.08653741321097438,0.45921084211071256,146.00719269737297,True,False,False,2022-12-31 22:32:48
ingv,EEC1,sim2,template1,0.5731667356860748,0.07633439331869005,0.413098039986088,0.46170518849270625,25.001303611896724,True,False,False,2023-01-02 05:00:52
ingv,EEC1,sim1,template3,0.27951356733380894,0.30229315287676095,0.5439374824652952,0.3636451668076623,121.46403734110237,False,False,True,2023-01-07 18:53:50
ingv,EEC1,sim4,template1,0.36752746142793685,0.2380153972166405,0.08148872299059383,0.32193463433506175,89.68260997373793,False,False,False,2023-01-02 14:15:37
ingv,EEC1,sim4,template1,0.326260351212894,0.3672103213411958,0.1274870484027744,0.38463427129234323,68.21564955421866,False,False,False,2022-11-24 05:05:08
ingv,EEC1,sim2,template1,0.3071528314194045,0.4155017945948706,0.11829260835871835,0.36504516721552455,84.86981764475975,False,False,False,2023-01-14 03:27:57
ingv,EEC1,sim3,template1,0.46081884932225775,0.09067793546505697,0.4971421442712831,0.3293835449784325,160.44655867315873,False,False,True,2022-12-10 01:40:19
ingv,EEC1,sim4,template3,0.5124240378163794,0.4724870838448398,0.40078300429516095,0.5201216328423325,102.35985518579547,True,True,False,2022-12-12 13:39:21
ingv,EEC1,sim2,template1,0.286848748023978,0.3626170050313481,0.1920557754031905,0.3197028054859676,104.70490884173545,False,False,False,2023-02-08 05:10:21
ingv,EEC1,sim4,template1,0.5156462065323403,0.2069782584883182,0.43522774086390625,0.4012716711296588,93.93206920998308,True,False,False,2022-11-18 04:19:51
ingv,EEC1,sim3,template3,0.46457707225927036,0.2346711737849157,0.5577137728555377,0.3994959385132751,175.11908822215347,True,False,True,2022-12-11 10:56:11
ingv,EEC1,sim1,template1,0.40272131636101044,0.12616154772604693,0.4104699549484564,0.3685627076291833,90.54196990964886,False,False,False,2022-12-23 22:48:31
ingv,EEC1,sim1,template2,0.32098779642579117,0.1487666282329341,0.2686614987964069,0.3252612418888484,97.55254816374205,False,False,False,2022-12-14 15:41:19
ingv,EEC1,sim1,template3,0.48029285388185966,0.0561933476607963,0.41632750017835823,0.32133969966024345,113.07363817314716,False,False,False,2022-11-25 01:09:23
ingv,EEC1,sim4,template1,0.5611947850280147,0.3632068900907098,0.09853105069524856,0.48825317636367865,86.64968319629094,True,False,False,2023-01-28 00:53:27
ingv,EEC1,sim4,template2,0.4156189011248754,0.1902402667896256,7.953287277543204e-05,0.39682862272002006,91.61083131959266,False,False,False,2023-01-16 17:45:38
ingv,EEC1,sim4,template2,0.5773595090655663,0.15598768832361018,0.5927504151209487,0.5148444217513336,94.65755545896351,True,False,True,2022-12-12 14:13:51
ingv,EEC1,sim4,template1,0.09537064776514244,0.4935790152938725,0.3255454534566952,0.3554339096189858,12.154660718580162,False,True,False,2022-11-15 12:25:25
ingv,EEC1,sim4,template1,0.20486052262515955,0.5890664401323649,0.4838641143927627,0.4858331059092239,8.371001733667427,False,True,True,2022-12-14 16:43:43
ingv,EEC1,sim4,template2,0.46460919158369185,0.274545792976404,0.28641651486781644,0.39672327412677566,72.0695608702574,True,False,False,2022-11-23 17:01:58
ingv,EEC1,sim4,template1,0.5782054107122777,0.5025247714769682,0.2898004622568742,0.5443709438629137,106.1687495314644,True,True,False,2022-12-12 13:13:06
ingv,EEC1,sim2,template1,0.1089090394582458,0.5354179962679447,0.2797622662754841,0.38933644316662686,109.32816839986926,False,True,False,2022-12-12 09:34:17
ingv,EEC1,sim1,template1,0.32380652740400206,0.12540366533158334,0.4239072903018094,0.3152302789839589,63.357994286859935,False,False,False,2022-11-30 23:20:38
ingv,EEC1,sim1,template3,0.23042692215469623,0.3850225692325083,0.5487972813419881,0.3216816852128572,15.88727841681277,False,False,True,2022-12-24 13:33:45
ingv,EEC1,sim2,template1,0.3053736577243375,0.35647758208985636,0.1827782433689271,0.32585140198449114,106.18502832890667,False,False,False,2023-01-06 00:45:34
ingv,EEC1,sim3,template1,0.5041689427049301,0.07941138455717021,0.4785710977587287,0.36005087854838275,21.909331446200937,True,False,True,2022-11-20 17:31:18
ingv,EEC1,sim1,template2,0.16371864644262638,0.47797162657010045,0.07875320874627252,0.3154767761519947,138.39398354357607,False,True,False,2023-01-06 10:16:51
ingv,EEC1,sim4,template2,0.5206179335626822,0.18535518468379514,0.42028559830603374,0.3715109028373485,54.78290765350078,True,False,True,2023-01-28 03:30:21
ingv,EEC1,sim3,template1,0.4011744665751198,0.4043643446738017,0.1466210161399854,0.4036560707334023,110.66381745291305,False,False,False,2022-12-27 08:17:59
ingv,EEC1,sim1,template3,0.2731239486762109,0.36245756588474864,0.009487667287264932,0.3411643797944433,118.7660963447691,False,False,False,2023-01-13 05:39:38
ingv,EEC1,sim2,template2,0.44846389570629375,0.1390640064352353,0.41298930378948656,0.35791689423446227,165.15869777359927,False,False,False,2023-02-07 23:19:13
ingv,EEC1,sim3,template3,0.08836572617613281,0.4109390787451609,0.329817941487975,0.33013815170680955,124.36295205165574,False,False,False,2023-01-29 15:34:25
ingv,EEC1,sim4,template1,0.19299671267260457,0.41452383523038594,0.07599844840933258,0.3255502319281697,135.67982203257904,False,False,False,2022-11-18 07:11:17
ingv,EEC1,sim2,template1,0.40729043401435716,0.16640398010674173,0.2191432619555559,0.31818719339743873,170.6638193710182,False,False,False,2022-11-17 17:18:14
ingv,EEC1,sim2,template3,0.2237889297706767,0.45128140501009745,0.09422680183886313,0.3495270950178146,90.74808070427656,False,False,False,2022-12-09 17:48:00
ingv,EEC1,sim1,template1,0.1516321551977578,0.4032442178958045,0.1545089067254569,0.3483614843902675,127.59814590738164,False,False,False,2023-01-13 14:02:53
ingv,EEC1,sim4,template1,0.4479944806426829,0.3605715620990039,0.6116931696207497,0.40998661891509214,146.94145654338632,False,False,True,2023-02-10 08:20:32
ingv,EEC1,sim4,template3,0.3879567752983415,0.4371112595550047,0.35587780399782837,0.41584721451546797,158.5819506750975,False,False,False,2022-11-25 11:31:54
ingv,EEC1,sim4,template2,0.35233337362427397,0.32624483102341406,0.077007955227248,0.3281813738395518,54.97608839050196,False,False,False,2023-01-01 12:19:43
ingv,EEC1,sim4,template2,0.4057577906585914,0.0625483144963307,0.291494146093074,0.37366986362836596,83.08214615444956,False,False,False,2023-01-24 12:22:17
ingv,EEC1,sim2,template2,0.27752556189473004,0.33841865213982264,0.026252386431823798,0.31900256625301154,100.63066226730406,False,False,False,2022-12-18 19:35:54
ingv,EEC1,sim3,template1,0.48829552133787796,0.2536083580706597,0.47905908419404253,0.4247727383343435,169.27560003529672,False,False,True,2023-01-29 05:02:12
ingv,EEC1,sim4,template1,0.1992954483202616,0.46574682030242787,0.21000312175754124,0.40523745422054686,40.84682958725881,False,False,False,2022-11-24 15:14:10
ingv,EEC1,sim3,template3,0.36351965187693613,0.41069158699401986,0.5829136579875928,0.38841483329088683,25.95320040126447,False,False,True,2022-12-04 13:59:34
ingv,EEC1,sim3,template1,0.33985732711056515,0.43438049782961996,0.14232342717680865,0.38571704882772734,79.23114424576978,False,False,False,2023-02-09 04:01:21
ingv,EEC1,sim4,template3,0.11527885778999464,0.4850937439920382,0.13237407311507662,0.2887003137709961,36.378958965602166,False,True,False,2023-01-02 09:17:36
ingv,EEC1,sim2,template2,0.3055065824256398,0.35980362286683193,0.5361936685307362,0.33582190078130664,22.095585406361625,False,False,True,2023-02-09 23:43:18
ingv,EEC1,sim3,template2,0.01028165443010293,0.4639310433075065,0.4051735668480057,0.34583609968439283,64.42790724141629,False,True,False,2023-01-01 04:34:30
ingv,EEC1,sim1,template3,0.39243687130663696,0.02309523163507569,0.466527876113891,0.3736795708562156,99.59190877466592,False,False,False,2022-12-17 08:30:50
ingv,EEC1,sim3,template1,0.14860567883064263,0.5052818580961763,0.24194199284491957,0.3710017701080074,75.5517516281319,False,True,False,2022-12-10 15:51:57
ingv,EEC1,sim4,template2,0.049861054782055776,0.41474417336990815,0.26953048469837315,0.39161101916810637,16.364494864408236,False,False,False,2023-01-29 13:35:20
ingv,EEC1,sim1,template3,0.43624120641594805,0.45270692362151393,0.3610478676615178,0.4879267198464918,121.63865571329116,False,False,False,2022-11-16 08:55:16
ingv,EEC1,sim1,template2,0.29839348127433674,0.23690499277945484,0.2511194339589097,0.28284080748536505,78.60190837599308,False,False,False,2023-01-23 07:27:30
experiment,EC1,sim4,template1,0.5285994323066914,0.3705821973139161,0.09395216730484421,0.4912842759372041,56.997782703990744,True,False,False,2023-07-24 16:24:34
experiment,EC1,sim3,template2,0.5387652650090237,0.2075322461620902,0.3086219527702032,0.43013253841572,135.67191807248898,True,False,False,2023-07-24 17:22:15
experiment,EC1,sim3,template1,0.5369511095141367,0.03301348212425714,0.14076055409217303,0.44026881490532477,114.5197702911229,True,False,False,2023-07-25 20:51:40
experiment,EC1,sim4,template3,0.2667989607385178,0.6898258515177528,0.6963655395014169,0.6276432249457847,2.536601719286496,False,True,True,2023-07-27 10:44:19
experiment,EC1,sim4,template2,0.23039791894134304,0.6928570166864723,0.6517674106487493,0.6107360267115416,177.528090126081,False,True,True,2023-07-27 12:05:16
experiment,EC1,sim4,template3,0.36552951926519683,0.6588315207588245,0.640257054381326,0.5993074750478642,176.9374912633416,False,True,True,2023-07-27 13:22:24
experiment,EC1,sim4,template2,0.4864991933617671,0.44463132061869554,0.35293121541069167,0.47080876372175234,154.87539625638615,False,False,False,2023-07-27 14:25:44
experiment,EC1,sim3,template3,0.48089556794588956,0.33119661896063246,0.028217680933394648,0.46285821413660144,98.76532202819942,False,False,False,2023-07-28 13:44:59
experiment,EC1,sim3,template1,0.3262997294748634,0.603485622977638,0.5085882567212363,0.4917137440488524,125.1648433659444,False,True,True,2023-07-29 07:25:23
experiment,EC1,sim2,template2,0.3016140943457076,0.5405059089379509,0.4414974594219094,0.44790007023168604,123.2501114726622,False,True,False,2023-07-29 08:07:31
experiment,EC1,sim4,template3,0.18748688315174708,0.614602829297166,0.4643014546848186,0.414184059644343,2.9425790829880154,False,False,False,2023-07-30 06:24:56
experiment,EC1,sim2,template1,0.5179369196455805,0.24465784575622448,0.36400615280419135,0.4621008821200604,133.35156043642544,True,False,False,2023-07-31 19:39:53
experiment,EC1,sim4,template1,0.5085946463502544,0.26128775816829414,0.3809746348841617,0.42302263784398864,75.15483655734097,False,False,False,2023-07-31 20:40:23
experiment,EC1,sim2,template1,0.47717686170608736,0.5933386825388347,0.4662593037289566,0.527941949174937,70.09093095182091,False,True,False,2023-08-01 01:15:31
experiment,EC1,sim2,template2,0.2654276988317347,0.5896365598715718,0.5516697248792821,0.44025952888705255,2.4757919461478393,False,True,True,2023-08-01 06:01:26
experiment,EC1,sim4,template1,0.4362688187722883,0.43776901504749194,0.37466191338441757,0.44697780161217554,39.828312742139595,False,False,False,2023-08-01 08:05:26
experiment,EC1,sim3,template2,0.3491975393911183,0.5090829161672518,0.35679637142715326,0.46280404320148905,68.53708102541628,False,False,False,2023-08-01 08:31:52
experiment,EC10,sim2,template1,0.08833867505421224,0.06207360686911911,0.533727785212965,0.45578447038414055,55.04423778276468,False,False,True,2023-07-29 06:40:07
experiment,EC10,sim1,template3,0.41898971788755024,0.5401869400951598,0.4979115128663654,0.5235266084991202,23.276736211460083,False,True,True,2023-07-29 09:28:14
experiment,EC10,sim1,template3,0.3161348182284948,0.030495134779814824,0.5093044815620624,0.4993577012446755,115.41568829603409,False,False,True,2023-07-29 17:35:24
experiment,EC10,sim1,template3,0.0260876997061958,0.6369893108856217,0.330107621257497,0.4590179855553856,162.56064988126414,False,True,False,2023-07-29 20:42:12
experiment,EC10,sim1,template3,0.49407914798028857,0.07557183821204602,0.45399143432165406,0.46233357059151475,76.2222035355117,False,False,False,2023-07-30 04:02:26
experiment,EC10,sim4,template2,0.09446485615130151,0.6354670163191809,0.4617488160434533,0.4632356264182333,170.72280863386075,False,True,False,2023-07-31 02:19:14
experiment,EC10,sim4,template3,0.4160407332182222,0.5858592744973656,0.5556106376558405,0.48645890900459204,2.596063439383076,False,True,True,2023-07-31 12:50:51
experiment,EC10,sim2,template3,0.47921898689729625,0.28768229143340857,0.528894275352713,0.4643477616374389,122.08352848332726,False,False,True,2023-07-31 23:11:49
experiment,EC10,sim2,template2,0.558175327349147,0.3352962792828589,0.5946053952128445,0.49580521142470785,53.8284782554965,True,False,True,2023-08-02 07:53:50
experiment,ECIT,sim4,template3,0.4513300809061407,0.5157546940869837,0.6562559900168473,0.5847225429312248,,False,True,True,2023-07-25 03:08:29
experiment,ECIT,sim3,template3,0.25792214913380085,0.5360781196513393,0.5442421346169729,0.46943874749509085,,False,True,True,2023-07-25 14:28:40
experiment,ECIT,sim1,template3,0.05883530095243798,0.2723555781494617,0.2988426354932527,0.5057555083894767,,False,False,False,2023-07-28 14:52:54
experiment,ECIT,sim3,template1,0.0235900862403826,0.30303644871813035,0.14315982428416632,0.5164892156475371,,False,False,False,2023-07-31 11:51:08
experiment,ECIT,sim4,template1,0.1039273347088733,0.6194631226292635,0.22304605188095125,0.42284229559073205,,False,True,False,2023-07-31 12:02:58
experiment,ECOR,sim4,template2,0.3002761757114446,0.5767287055056404,0.3632174089753911,0.4691581080621764,,False,True,False,2023-07-24 11:33:48
experiment,ECOR,sim3,template1,0.14428292762023825,0.49134771930541893,0.4133963281549696,0.36959081512467323,,False,False,False,2023-07-27 18:06:59
experiment,ECOR,sim2,template1,0.661559885974583,0.27233158446466926,0.4894400701463322,0.5746106848329776,,True,False,False,2023-07-28 03:22:34
experiment,ECOR,sim4,template3,0.2026967088261265,0.6563295880536859,0.29700665364435735,0.5407951515368674,,False,True,False,2023-07-28 12:19:48
experiment,ECOR,sim2,template1,0.6334399180401458,0.07731538411328387,0.5328780235745516,0.45935591686263755,,False,False,False,2023-07-30 06:53:41
experiment,ECOR,sim2,template1,0.6325193615805901,0.17644081323335006,0.34248578239390176,0.4884678730707041,,False,False,False,2023-07-31 06:28:39
experiment,ECOR,sim2,template1,0.6468648619585063,0.18631161233842622,0.1973687344783125,0.44112606102223917,,True,False,False,2023-07-31 10:29:20
experiment,ECOR,sim3,template1,0.24416458274180852,0.5663514697270003,0.48374196259112445,0.48303709601450956,,False,True,False,2023-07-31 11:08:38
experiment,ECOR,sim4,template3,0.3441901611657622,0.5752886050685978,0.4066105117392764,0.49062001370459873,,False,True,False,2023-07-31 15:32:52
experiment,ECOR,sim4,template2,0.46132332549593474,0.5874622313160486,0.3040500473291048,0.5398349088979681,,False,True,False,2023-08-01 11:10:37
experiment,ECOR,sim4,template2,0.29283165632942326,0.5768213727515021,0.09525173392186394,0.5041885650773205,,False,True,False,2023-08-01 12:08:45
experiment,ECOR,sim3,template2,0.11660851679324966,0.6654191530692682,0.49275091738587085,0.5336624402011485,,False,True,False,2023-08-02 07:06:39
experiment,ECOR,sim2,template1,0.6142674026857848,0.43507052450043926,0.05023706125984627,0.4971668423147888,,False,False,False,2023-08-02 07:16:11
experiment,ECOR,sim4,template2,0.02393362699619241,0.6028213516046794,0.6176717988212017,0.4627851347709006,,False,True,True,2023-08-02 10:41:52
experiment,EMAS,sim3,template1,0.6015642192362103,0.42233245891349513,0.08629312946333252,0.5336914558997853,61.147874865982935,True,False,False,2023-07-26 04:16:21
experiment,EMAS,sim3,template3,0.7072996987838251,0.13537096794116996,0.5235057291450057,0.5702444131453078,155.78462972993802,True,False,False,2023-07-30 07:49:30
experiment,EMAS,sim3,template3,0.6861933531197763,0.3051752953040707,0.42866788274366197,0.5863071448231336,164.9766250018387,True,False,False,2023-07-30 07:59:53
