dataset,station,sim,template,rX,rY,rMag,rVec,dAz,passX,passY,passMag
ingv,ECPN,sim1,template3,0.2925162633680251,0.3241440316529883,0.3050491197237657,0.3657295413227231,67.56305670339573,False,False,False
ingv,ECPN,sim3,template1,0.3711182117660689,0.1797744570767419,0.23305287147934842,0.3061141774139111,95.29798628521556,False,False,False
ingv,ECPN,sim2,template2,0.053128278710474104,0.4084212761676015,0.40972974920642263,0.3427647902305991,11.667750098383747,False,False,False
ingv,ECPN,sim4,template3,0.33715021776335674,0.30837400304116763,0.3611259463757013,0.35270667896923236,116.93058044988337,False,False,False
ingv,ECPN,sim1,template2,0.3804570164281885,0.2924642810657008,0.32454455359558415,0.34188040640875983,143.79492407886104,False,False,False
ingv,ECPN,sim4,template3,0.2950022727207948,0.41439096868629555,0.43003136371371864,0.33497316861596904,136.11468777375651,False,False,False
ingv,ECPN,sim4,template3,0.009799796810872306,0.49270224731543083,0.5036844241886324,0.37178112063099406,3.857264270589471,False,False,False
ingv,ECPN,sim4,template2,0.14969265964529627,0.4173482107123931,0.4158349555756335,0.2977650587694272,155.75175787065254,False,False,False
ingv,ECPN,sim4,template1,0.1562587667976619,0.4396037515725652,0.42508833146844927,0.32376408423273445,176.68542122855902,False,False,False
ingv,ECPN,sim4,template3,0.48726046660422206,0.3574950805785618,0.35503299724444626,0.4036039668071052,55.507363791786055,False,False,False
ingv,ECPN,sim4,template2,0.13833672055649338,0.5355187947684634,0.5337002864889013,0.4004355466350269,3.9282977513712476,False,False,False
ingv,ECPN,sim3,template1,0.37162249075335685,0.169278622267084,0.1646181515264641,0.27962524436554953,135.34181162201816,False,False,False
ingv,ECPN,sim4,template1,0.2798775682803368,0.4640841448085438,0.4616018045138021,0.33886311205504693,159.10848484262692,False,False,False
ingv,ECPN,sim2,template2,0.4836409381408862,0.1768187114843278,0.16662616838122465,0.3694726395047121,55.19138125479254,False,False,False
ingv,ECPN,sim3,template3,0.41543531958184216,0.17642269313125375,0.1791598918195458,0.2968785398794351,50.085312321500396,False,False,False
ingv,ECPN,sim2,template2,0.11580168591485936,0.4295982827275742,0.42933975900024546,0.37434381529217614,157.47676563073347,False,False,False
ingv,ECPN,sim4,template3,0.06356535498120969,0.47736825411010964,0.4694088807725541,0.38825144587399785,163.05154420347856,False,False,False
ingv,ECPN,sim1,template2,0.4292383590638944,0.3649569523663034,0.3627609719698341,0.3905262811101182,157.08172408302275,False,False,False
ingv,ECPN,sim3,template1,0.20796539775645012,0.41407301102913435,0.40443642407225444,0.38377988758040055,147.2944743448995,False,False,False
ingv,ECPN,sim4,template3,0.1148744681753291,0.6250540609540385,0.6142933248595506,0.4604874464325384,13.260431122886013,False,False,False
ingv,ECPN,sim1,template3,0.2563190006595549,0.431702783748585,0.4337370136830062,0.4030226812359634,46.490052564048156,False,False,False
ingv,ECPN,sim2,template1,0.2600782748910898,0.4409920477000351,0.45220690616085213,0.37034337157189307,49.38106915011558,False,False,False
ingv,ECPN,sim3,template1,0.341929341847852,0.43732629344191026,0.39726254636947195,0.38903233243173746,23.267038516625536,False,False,False
ingv,ECPN,sim4,template3,0.3772452816691121,0.08669823660614534,0.09019577032708818,0.316892490179441,88.65112811879187,False,False,False
ingv,ECPN,sim2,template1,0.22041424634880866,0.4585757301113148,0.4616915920262601,0.37340481523109287,5.599629774078608,False,False,False
ingv,ECPN,sim4,template2,0.37281475333942826,0.5558524917027445,0.548375252417077,0.47729566969152304,21.72962909537807,False,False,False
ingv,ECPN,sim1,template3,0.38195768829186794,0.1888742515316811,0.18855844168025615,0.34448813462815875,131.5411107910959,False,False,False
ingv,ECPN,sim4,template2,0.2743049580895947,0.3606092859166332,0.33318692134620354,0.301187310576616,152.4942894585779,False,False,False
ingv,ECPN,sim4,template2,0.019821007422007157,0.45580498081662646,0.45090825270313883,0.3720879207990017,173.70154305191235,False,False,False
ingv,ECPN,sim4,template2,0.01778774436766304,0.4195227229985014,0.4148938509762748,0.33730531069224556,169.40886475446706,False,False,False
ingv,ECPN,sim1,template3,0.41540537199434074,0.10489528153804292,0.04003207794771916,0.35050692743983053,102.95345582552123,False,False,False
ingv,ECPN,sim2,template2,0.11602395103057402,0.44067311259940073,0.4563638077780252,0.3717206163033956,25.77212710880462,False,False,False
ingv,ECPN,sim3,template1,0.21901476022279545,0.28468143760033626,0.2884723242540448,0.26800098773003833,8.584640938644673,False,False,False
ingv,ECPN,sim4,template2,0.1911840885195081,0.4529321074869373,0.45121250311512046,0.3918968087974765,11.033125011506366,False,False,False
ingv,ECPN,sim1,template1,0.5114706328566765,0.005436791379269968,0.00541820989203962,0.3590516146310989,112.88969540300263,True,False,False
ingv,ECPN,sim2,template3,0.4045240588231892,0.40163392344153176,0.42066141459787376,0.4052581968895862,113.54600784298594,False,False,False
ingv,ECPN,sim4,template3,0.47511967440816244,0.2685614349950762,0.3444111987648191,0.41836190659903055,99.58445941658414,False,False,False
ingv,ECPN,sim1,template3,0.3977915079008472,0.3715364762296014,0.3349030700184856,0.40385279375499467,107.42116947078581,False,False,False
ingv,ECPN,sim1,template3,0.47630100301171896,0.015476904428242347,0.1035968992457891,0.3854830092682796,65.49595251548885,False,False,False
ingv,ECPN,sim2,template1,0.002140410512941246,0.3469626237222876,0.3539108625788012,0.3080977783539714,161.3496227246578,False,False,False
ingv,ECPN,sim1,template3,0.4058074168287189,0.182157229352997,0.1301627894040423,0.3472683279378446,86.9327685815375,False,False,False
ingv,ECPN,sim3,template1,0.2887629327723216,0.3775647667622728,0.35577831191880405,0.3179617687958963,21.170297547639045,False,False,False
ingv,ECPN,sim1,template3,0.372967787317943,0.05139302974318644,0.0010089436002893417,0.29743496181092705,72.69257318932502,False,False,False
ingv,ECPN,sim3,template1,0.1923474361082671,0.5206797674329723,0.5191326470159784,0.40514852908995225,0.3951740669122705,False,False,False
ingv,ECPN,sim3,template1,0.3141546852350394,0.521473713594722,0.5195863016921771,0.44896972674629865,47.62582584392292,False,False,False
ingv,ECPN,sim3,template3,0.033598621709734336,0.4353892161727233,0.4308446138348798,0.30956457788577807,173.44811652294516,False,False,False
ingv,ECPN,sim3,template1,0.053060601344934843,0.38179068083606094,0.381616143766062,0.3223039720185798,154.81584837254064,False,False,False
ingv,ECPN,sim4,template3,0.16184160678305837,0.4131223672119618,0.4136891163360067,0.34800994672340585,150.39903261985637,False,False,False
ingv,ECPN,sim2,template3,0.49007692100849387,0.004969510630840692,0.014740814529286507,0.385554751552998,104.64270264578661,False,False,False
ingv,ECPN,sim2,template1,0.14830070583401717,0.48617783891321054,0.4653719391882843,0.3585766407452059,1.451235883231297,False,False,False
ingv,ECPN,sim4,template3,0.12029126581497755,0.40946130418479226,0.406234124796311,0.33100636063033817,156.44410902508298,False,False,False
ingv,ECPN,sim4,template2,0.37944999314769806,0.39065963213970545,0.3366713865959423,0.3795186174226827,136.27669371539255,False,False,False
ingv,ECPN,sim3,template2,0.06800460737144311,0.3489989105623007,0.3537007578669968,0.2817758415970195,155.47961555919846,False,False,False
ingv,ECPN,sim4,template2,0.4363381318964074,0.20351781450993814,0.20469964966071003,0.3425349341919163,77.43721379103131,False,False,False
ingv,ECPN,sim4,template3,0.029077345393695834,0.5345301349470184,0.5506544983372924,0.3468988314826893,158.69238414207783,False,False,False
ingv,ECPN,sim3,template1,0.3266900038074118,0.2982533928761343,0.3242851689493942,0.32037689985327344,106.71803539920961,False,False,False
ingv,ECPN,sim2,template1,0.028969675055972012,0.4223826050245039,0.40854778597946484,0.29807909916230035,21.67201446911415,False,False,False
ingv,ECPN,sim4,template3,0.23796970507435564,0.6281915805728623,0.6444148563609327,0.4733664306772753,140.71125824909453,False,False,False
ingv,ECPN,sim1,template1,0.43466968112644294,0.09364613196317592,0.1028120798244095,0.34372044004228425,60.10641840377429,False,False,False
ingv,ECPN,sim2,template1,0.04682156312808538,0.37544856495670625,0.3805065940675507,0.3220252653251985,164.16924919965098,False,False,False
ingv,ECPN,sim3,template1,0.39720094780841986,0.3551108403255709,0.39679040914851366,0.38072298017108364,108.7842797965317,False,False,False
ingv,ECPN,sim1,template1,0.18239713554359566,0.3506681610931116,0.324207907138174,0.28323184771998466,128.0571025392892,False,False,False
ingv,ECPN,sim3,template3,0.24422212324425605,0.6566318946865405,0.6365461141884021,0.4659148213789648,11.689870647075892,False,False,False
ingv,ECPN,sim3,template2,0.44844736125254875,0.3161618427833473,0.3133892124004639,0.3689879194166792,33.47536847118293,False,False,False
ingv,ECPN,sim1,template2,0.12355637707582799,0.5247827670224376,0.5267678006677289,0.3915863433056258,32.27627042886424,False,False,True
ingv,ECPN,sim4,template2,0.23326164201945881,0.5295409463039729,0.5259195694435016,0.39803210932037364,146.81165973234812,False,False,False
ingv,ECPN,sim3,template2,0.3890363204686144,0.08813203188695279,0.08411459783421547,0.30068294752727565,65.81304451726184,False,False,False
ingv,ECPN,sim4,template3,0.3543469904566271,0.500563726320103,0.4971575964329437,0.4682753308288907,160.41838961846466,False,False,False
ingv,ECPN,sim4,template2,0.452613824914313,0.31515667704882977,0.2673689212661853,0.3887691979906961,127.78995982434907,False,False,False
ingv,ECPN,sim4,template2,0.4986527367670536,0.04617375197210671,0.045675443261141625,0.39397680507113103,76.99082368010404,False,False,False
ingv,ECPN,sim3,template3,0.13923213173214932,0.5102821380991786,0.5180137453622482,0.3560996877162542,151.68505794009596,False,False,False
ingv,ECPN,sim3,template2,0.05991260523114294,0.4373978742744536,0.43680221157304977,0.3478482431477312,157.7923262525526,False,False,False
ingv,ECPN,sim3,template3,0.5073702394049685,0.16144992067997418,0.15970325627087711,0.3524306014374345,82.07959032303036,False,False,False
ingv,ECPN,sim1,template2,0.39572238895494316,0.0625716803057048,0.12525349969328156,0.3135115766840468,117.98384731434344,False,False,False
ingv,ECPN,sim1,template3,0.03417443582457939,0.3799170136056133,0.376859431217052,0.3085548845143403,24.000168186131845,False,False,False
ingv,ECPN,sim1,template3,0.31739662239288535,0.40854235446194787,0.4088314085196261,0.3792895830202789,16.61638431310301,False,False,False
ingv,ECPN,sim3,template1,0.0008734624252079624,0.3851529119423682,0.38495205670070126,0.3172714855786645,20.53614573494986,False,False,False
ingv,ECPN,sim3,template3,0.39893583327348886,0.35278970089110956,0.35260514408550075,0.3645328596125552,137.28134524776598,False,False,False
ingv,ECPN,sim1,template3,0.4178799030897559,0.11867663722542346,0.11996309183262968,0.31931918684083305,51.816900706980036,False,False,False
ingv,ECPN,sim3,template3,0.4121021669777945,0.06544195516982722,0.015937754862520644,0.32420132129334833,109.57806456712188,False,False,False
ingv,EEC1,sim1,template3,0.3797152299805215,0.23640947441184954,0.2669657332190982,0.35725238074722193,102.05163498241014,False,False,False
ingv,EEC1,sim1,template1,0.25741710765700326,0.26546254248510914,0.15268682243360074,0.30122964380733863,114.32784945791009,False,False,False
ingv,EEC1,sim4,template3,0.10143647388251145,0.5320835414057831,0.38875367077826756,0.38051824892536074,168.02424016476095,False,True,False
ingv,EEC1,sim2,template1,0.327198450882504,0.21081335315163466,0.09669821599785028,0.2804693468713839,120.63251445048913,False,False,False
ingv,EEC1,sim3,template1,0.3411665042046972,0.25471036962119914,0.11416872583506776,0.3143556231814164,122.17260090904992,False,False,False
ingv,EEC1,sim3,template2,0.3095495100725845,0.1700268465222829,0.16831983984812215,0.26625070497937176,58.31548220819927,False,False,False
ingv,EEC1,sim4,template1,0.4025842324469258,0.24636613935134588,0.24331827651533003,0.3518389633538399,97.10702530589896,False,False,False
ingv,EEC1,sim4,template1,0.3018625174318505,0.42001650517777755,0.16662350597633147,0.3807898171795281,129.578898552682,False,False,False
ingv,EEC1,sim1,template2,0.03704434488455493,0.40246613890403937,0.2280523594667206,0.2727852125835072,17.518042362536168,False,False,False
ingv,EEC1,sim3,template2,0.3352339633777157,0.22874323310982522,0.06608506056373084,0.30775443264480556,52.52108633888033,False,False,False
ingv,EEC1,sim3,template3,0.0945230924226095,0.39503949646703396,0.23410760993079785,0.27997984802085546,101.41595723840749,False,False,False
ingv,EEC1,sim4,template1,0.5784350000330333,0.11728975932714468,0.15830323033741203,0.5519506765915454,117.79428915218944,True,False,False
ingv,EEC1,sim2,template1,0.37141150614467583,0.07972344050487089,0.25686392011813036,0.28571732672266875,40.52995237196259,False,False,False
ingv,EEC1,sim2,template2,0.33933626936516276,0.10160054249457436,0.2601238443415972,0.2815397036864805,42.92287512886588,False,False,False
ingv,EEC1,sim4,template1,0.4479944806426824,0.3605715620990041,0.61169316962075,0.4099866189150921,146.9414565433863,False,False,True
ingv,EEC1,sim1,template2,0.04663938297502531,0.3815036838651824,0.44832799529011697,0.28263856559233397,174.87286816639633,False,False,False
ingv,EEC1,sim1,template2,0.2595514118546745,0.2164038200577195,0.06851750609277969,0.29475912407731464,81.69587952038559,False,False,False
ingv,EEC1,sim3,template1,0.12495264826906097,0.41554611351840753,0.26578107356886194,0.33511001837964055,107.06537708551451,False,False,False
ingv,EEC1,sim2,template1,0.39717263560315313,0.17586374182265294,0.26499903022088345,0.3271495158813935,129.30389588580925,False,False,False
ingv,EEC1,sim1,template2,0.420182102760327,0.21047571459351555,0.11029161587480348,0.3986541031517993,97.46968132227329,False,False,False
ingv,EEC1,sim2,template1,0.1956597577079584,0.5874388255312099,0.4931173941141151,0.4382963256861058,101.99594112287002,False,True,True
ingv,EEC1,sim1,template3,0.3193705213622116,0.3858496286758952,0.08105741923177595,0.3193717948688326,36.88155659668929,False,False,False
ingv,EEC1,sim3,template1,0.301684909041151,0.35151910069712466,0.029764198487903785,0.3281895452493012,78.84351770151962,False,False,False
ingv,EEC1,sim4,template3,0.17857343064684508,0.4312954085908288,0.22055340570788612,0.2936167298353768,141.87677350649597,False,False,False
ingv,EEC1,sim1,template2,0.1340401841329645,0.4202264089868944,0.2265929829995738,0.31168081601751946,152.4475097776594,False,False,False
ingv,EEC1,sim3,template2,0.03170892643416833,0.3939059994061075,0.252840616546917,0.2810253794720016,111.3992882669088,False,False,False
ingv,EEC1,sim2,template3,0.34510041700139865,0.3508825816221798,0.49234327735158684,0.3467923632716571,16.60775917128515,False,False,True
ingv,EEC1,sim2,template3,0.4262954113977903,0.13551735852300884,0.1273751013053469,0.30871512445566013,134.18214190725413,False,False,False
ingv,EEC1,sim4,template3,0.33392482637702625,0.3027065652412145,0.39752854852165004,0.33349927113104727,136.38511125013753,False,False,False
ingv,EEC1,sim3,template1,0.4263752387299586,0.20883607700282136,0.31362245825343193,0.3482935929327496,54.72728770226551,False,False,False
ingv,EEC1,sim2,template3,0.3281407447366104,0.39373562647460625,0.13249233881141695,0.3599842973326226,104.35603208367074,False,False,False
ingv,EEC1,sim2,template1,0.06255260044698846,0.4201952949517798,0.36099962429933086,0.31252769412039016,128.22017105624752,False,False,False
ingv,EEC1,sim1,template2,0.17705462320818785,0.29794462294884344,0.09960424126918876,0.2876560658583585,136.03628509848213,False,False,False
ingv,EEC1,sim1,template1,0.217771556886194,0.06308722153501348,0.20635757002353716,0.2702643078727509,87.2929738170463,False,False,False
ingv,EEC1,sim2,template2,0.3122056832765513,0.1696803361739665,0.2001799024571607,0.27369387876364976,52.92012914846461,False,False,False
ingv,EEC1,sim3,template1,0.5669542759380276,0.10370475985484083,0.47134188949365063,0.4158470806320985,40.47550046123877,True,False,False
ingv,EEC1,sim2,template2,0.38924440772819885,0.30880254855141204,0.2198758728004251,0.36339518210868804,62.140989908180934,False,False,False
ingv,EEC1,sim3,template2,0.12986013029097257,0.4767476242964323,0.17188580417162533,0.28523709072708586,95.67646250525324,False,True,False
ingv,EEC1,sim1,template1,0.03696471414078011,0.39608563363638455,0.203785262503634,0.34593583656227,156.65243897594092,False,False,False
ingv,EEC1,sim2,template3,0.34998153224961526,0.05382323288335137,0.3288166758365667,0.2911048669958146,20.976403252860187,False,False,False
ingv,EEC1,sim1,template3,0.23389811321036624,0.1513303385824126,0.12437092377807663,0.29448145302213086,97.84689268983834,False,False,False
ingv,EEC1,sim1,template3,0.22304255779688412,0.07746557592018269,0.2813191084947404,0.27445728642380124,108.88548146681877,False,False,False
ingv,EEC1,sim4,template1,0.17804008411879163,0.39058784211400194,0.1409761503546172,0.2807034766789468,50.53413048266008,False,False,False
ingv,EEC1,sim3,template2,0.40459381915696935,0.2736796141859079,0.23042236272030867,0.3713174075179112,53.61554485497119,False,False,False
ingv,EEC1,sim1,template3,0.30318413546285033,0.3018584670376362,0.05538771847034724,0.3549661598434027,115.48708796723274,False,False,False
ingv,EEC1,sim4,template2,0.15985842602121506,0.4352212098877334,0.09634568137408607,0.34658403312051395,36.35283815337415,False,False,False
ingv,EEC1,sim3,template2,0.4587154115234439,0.4925305274189842,0.4533261366566961,0.47141901512300155,13.029337607994421,True,True,True
ingv,EEC1,sim2,template3,0.4830565783788204,0.2643411435921796,0.37585584443158,0.44410818406528707,44.15193329251118,True,False,False
ingv,EEC1,sim1,template3,0.31744313219341913,0.292083156255882,0.007023676216639877,0.3453963669836846,111.25291542231672,False,False,False
ingv,EEC1,sim1,template1,0.2258165315929071,0.03670338364487772,0.3143038589235081,0.28020332322348296,86.18478699283793,False,False,False
ingv,EEC1,sim2,template1,0.34746502209770774,0.41178398218612483,0.04828157678580118,0.38322021525568545,81.12842423037162,False,False,False
ingv,EEC1,sim2,template1,0.3794516147002264,0.16841960309624104,0.1967230299521859,0.33576290028088007,133.2372800377786,False,False,False
ingv,EEC1,sim4,template1,0.5611947850280146,0.3632068900907098,0.09853105069524852,0.4882531763636787,86.64968319629092,True,False,False
ingv,EEC1,sim1,template3,0.3535901560564941,0.011556873513023286,0.34755658849722615,0.33997141387872737,75.49524179105026,False,False,False
ingv,EEC1,sim3,template1,0.12377642888854891,0.3337732374208388,0.29609444125728435,0.25922096296497804,78.76612849865715,False,False,False
ingv,EEC1,sim1,template3,0.3895599003699997,0.2642489341710401,0.21204166361507462,0.31866933319602475,111.0867279448299,False,False,False
ingv,EEC1,sim2,template3,0.3866417434484307,0.2446308835354145,0.1869477812978351,0.3283935110843217,122.20823234011833,False,False,False
ingv,EEC1,sim2,template2,0.2754608198328898,0.34188829846430274,0.27319895200447736,0.30913392696351516,104.46503693723442,False,False,False
ingv,EEC1,sim1,template3,0.25766243763372165,0.36890026843061324,0.10506697938517424,0.3288988916652728,38.92098177490235,False,False,False
ingv,EEC1,sim1,template3,0.3128696954098948,0.08504580773338745,0.2892374777901666,0.31333763737955667,90.25491977450086,False,False,False
ingv,EEC1,sim3,template1,0.32674697212165954,0.14260421336609488,0.4285292364086107,0.2647264521369875,169.88748062165234,False,False,False
ingv,EEC1,sim4,template3,0.4309169801687199,0.14750619499481255,0.23877819132408978,0.3193351575223986,90.28225130789053,True,False,False
ingv,EEC1,sim2,template1,0.4091141056876982,0.008402267415777513,0.3507552811487089,0.29074489843952295,31.28266629625103,False,False,False
ingv,EEC1,sim4,template1,0.04236322045214597,0.525259333443427,0.5337190333681588,0.4235195779660186,162.47680582980126,False,True,True
ingv,EEC1,sim1,template2,0.20363702941286338,0.30196862049273704,0.15005392853563881,0.25538186344106756,137.3934894730413,False,False,False
ingv,EEC1,sim1,template1,0.278431529066086,0.05268752629869856,0.4784957923286662,0.32316810252339406,105.72898428627282,False,False,True
ingv,EEC1,sim4,template1,0.21078529653566272,0.39327661211053205,0.03871139738638985,0.30670875385963414,53.555328016780976,False,False,False
ingv,EEC1,sim2,template1,0.349350755302685,0.04461931972085604,0.31739165782292084,0.2613816482613918,155.7809875448868,False,False,False
ingv,EEC1,sim3,template2,0.3936509652926656,0.342226645265312,0.20776742015347358,0.3761575417161947,114.93559465203825,False,False,False
ingv,EEC1,sim4,template1,0.2537961294743895,0.45015034266105997,0.0825286352354989,0.3315678296548456,112.87232126096394,False,False,False
ingv,EEC1,sim1,template2,0.49600953450701063,0.03562342017038405,0.4766074087742774,0.3822438176723783,107.10457048158695,True,False,False
ingv,EEC1,sim4,template2,0.3762069258049234,0.15837109335720456,0.07826332520385158,0.3196658150720051,96.44054950263913,False,False,False
ingv,EEC1,sim3,template1,0.41226494942272157,0.2632374920212136,0.4612346523495413,0.36541581540249624,174.44333301893562,False,False,False
ingv,EEC1,sim2,template1,0.3570744935285108,0.2688458701299477,0.02406282426923875,0.31397801475869885,110.17950347576593,False,False,False
ingv,EEC1,sim2,template1,0.43198942656007405,0.19041353854264031,0.28905939682323284,0.3909037920362034,45.01621254130629,False,False,False
ingv,EEC1,sim1,template1,0.20106524676440732,0.1910526340418823,0.10317434156304267,0.2630395221448792,106.17502263364399,False,False,False
ingv,EEC1,sim2,template3,0.3473144429770807,0.15776623577568957,0.26038536081000285,0.28077820818264004,130.27714517536998,False,False,False
ingv,EEC1,sim4,template1,0.47989367430035396,0.15561413222305753,0.2712013019628115,0.37346934744794275,98.1296623611581,True,False,False
ingv,EEC1,sim2,template2,0.2965876651025748,0.22327129615560531,0.14029504636794005,0.26643100710851103,115.73433999396138,False,False,False
ingv,EEC1,sim3,template2,0.32535021202732345,0.1244827938988238,0.11267181618386721,0.2119387233582192,50.58909506155647,False,False,False
experiment,EC1,sim4,template2,0.2994321073401888,0.2484174657440836,0.15462884799474746,0.3208955747502402,136.49405379735308,False,False,False
experiment,EC1,sim1,template1,0.2738428436176869,0.5650903055940361,0.3975112514979792,0.4063356124582032,48.45775304621501,False,True,False
experiment,EC1,sim2,template1,0.020872132620197287,0.5747642848424429,0.002062203629125112,0.4870893019267562,28.453818472789923,False,True,False
experiment,EC1,sim1,template1,0.3698315989139949,0.130341791006739,0.13095022982493074,0.3392606639036039,85.28528197192335,False,False,False
experiment,EC1,sim3,template1,0.15236512637550323,0.4715911225149209,0.2811345723116844,0.3435509875677547,134.12672694809723,False,False,False
experiment,EC1,sim1,template3,0.08941498311457612,0.27468426386554534,0.1693020876948922,0.26871286896485996,73.85964751281418,False,False,False
experiment,EC1,sim3,template2,0.02742445186612531,0.42610704716117453,0.3938197438932815,0.30354318919243023,144.34908298510302,False,False,False
experiment,EC1,sim3,template1,0.2986612526129239,0.2470208737177819,0.04320077051900974,0.2893946933280064,87.23197527991236,False,False,False
experiment,EC1,sim1,template2,0.33306529249859834,0.10441779195656609,0.03368690168231885,0.32636532069407487,120.3148730621955,False,False,False
experiment,EC1,sim2,template1,0.35537517140700675,0.027793741784722888,0.08040599546617165,0.2853219223323007,59.07434089803598,False,False,False
experiment,EC1,sim1,template3,0.3186391987374721,0.42156709585182006,0.2616956442437298,0.34823182788209833,22.390038854337124,False,False,False
experiment,EC1,sim1,template3,0.5193550086598105,0.16788709434505245,0.114680079638808,0.368626097972821,121.86266848249856,True,False,False
experiment,EC1,sim1,template2,0.36132106684332577,0.1316489144670918,0.13733503506915226,0.34103850309283007,120.91301486120958,False,False,False
experiment,EC1,sim3,template3,0.20161318041781046,0.29834152320522395,0.2178371809255821,0.25799614767528833,66.8251318559353,False,False,False
experiment,EC1,sim2,template3,0.26394843522976286,0.4038259385544333,0.3103064445109857,0.3301876585149492,66.32929176255928,False,False,False
experiment,EC1,sim2,template1,0.3653364251018027,0.007174130807084885,0.04037069485250669,0.28302167659525435,116.5655304983079,False,False,False
experiment,EC1,sim2,template1,0.15624032390391532,0.5898746989301716,0.2800387397028594,0.4038842434429042,10.217226783884763,False,True,False
experiment,EC1,sim2,template1,0.2496383604542545,0.24082457720294115,0.2114851659359275,0.24480555058906497,164.30472720471522,False,False,False
experiment,EC1,sim2,template2,0.33321633132702444,0.12279891522826782,0.0209333186123863,0.2768133966205469,103.49932564744971,False,False,False
experiment,EC1,sim2,template1,0.004758819271436086,0.4645025359196983,0.4505969545487261,0.36101003959070405,27.99239035197985,False,False,False
experiment,EC1,sim4,template2,0.11066827753319693,0.44243682773383836,0.33376948832914455,0.31134783427326806,2.536983617004189,False,False,False
experiment,EC1,sim3,template1,0.23888495856984499,0.2964287587348966,0.17254537965706251,0.26889966522348596,67.1164722036076,False,False,False
experiment,EC1,sim1,template2,0.3759537698169719,0.027570463071444798,0.04359447162972458,0.30551017490239146,105.2277531171644,False,False,False
experiment,EC1,sim1,template1,0.08493907982468715,0.3989450238866325,0.27062932337228246,0.2870558534655424,164.86876647857997,False,False,False
experiment,EC1,sim4,template3,0.43078124861818057,0.06853928746028218,0.03227828099397023,0.3372439588635814,111.44512687600287,False,False,False
experiment,EC1,sim1,template3,0.09662042715822865,0.34389176296838203,0.2729308485850914,0.28744518253032225,6.707382611884301,False,False,False
experiment,EC1,sim2,template2,0.503982325675915,0.12990699122477434,0.10054759385946645,0.4891192046289223,115.59987197319967,True,False,False
experiment,EC1,sim3,template3,0.2813322632243737,0.5595198152936093,0.5569208807220618,0.5753709400018874,49.50615573044426,False,False,False
experiment,EC1,sim4,template3,0.15976001198353798,0.5901775609937642,0.5420080689814631,0.4552153780906437,0.9510093435086056,False,False,False
experiment,EC1,sim3,template1,0.46962129628319743,0.20438384949415087,0.2990636163501978,0.39214378920137627,44.34711706031098,False,False,False
experiment,EC1,sim2,template1,0.06877211642742594,0.4686147182226974,0.4629708267369436,0.31008604001029483,142.21985369596575,False,False,False
experiment,EC1,sim1,template2,0.43009257307959553,0.15697082269279822,0.2377985236986969,0.33581100994040314,89.38399247792,False,False,False
experiment,EC1,sim4,template3,0.23834126637604827,0.4385725014189768,0.3370542502007765,0.3406304467392527,17.702172187696853,False,False,False
experiment,EC1,sim3,template1,0.338173778841161,0.4312866153815569,0.48486709718958154,0.37374368894116855,160.47609074215245,False,False,False
experiment,EC1,sim4,template3,0.5071244040736869,0.12304392589047428,0.15221367134044153,0.375627931681401,88.29491297195518,False,False,False
experiment,EC1,sim4,template2,0.30803729369289773,0.28480062236428616,0.12062270100674304,0.3205991663966054,39.578724965257955,False,False,False
experiment,EC1,sim4,template2,0.20707276508400937,0.353854521812587,0.251299521470346,0.2585052600201097,54.856239376401305,False,False,False
experiment,EC1,sim3,template1,0.3929798949264001,0.16907117342335554,0.193991263962664,0.341858496235816,132.8379702478023,False,False,False
experiment,EC1,sim4,template2,0.140619479019751,0.4392197820487338,0.46402884643265213,0.3812603601121147,38.152191172542956,False,False,False
experiment,EC1,sim4,template3,0.45983101253726666,0.08171616864407201,0.3125339564203142,0.36261403556779787,83.16051347229879,False,False,False
experiment,EC1,sim2,template3,0.37540311165860585,0.26198176683730734,0.07541336006875711,0.3245538504446515,92.94449140582851,False,False,False
experiment,EC1,sim1,template3,0.18546960351327502,0.2678487263490451,0.1880535584049934,0.36693638868420836,143.458201077339,False,False,False
experiment,EC1,sim4,template3,0.24988812356534115,0.4401533625121745,0.35304219902045975,0.3589588032571871,159.11883465274428,False,False,False
experiment,EC1,sim3,template3,0.16027494816449714,0.44066706608900374,0.23150583987733728,0.3313580426759156,56.11252213187296,False,False,False
experiment,EC1,sim1,template3,0.11629053811851349,0.12204328098515167,0.031637407098281986,0.3051173535848386,54.27865362231739,False,False,False
experiment,EC1,sim1,template3,0.4420660835025904,0.3434806792230038,0.15576127247002738,0.42837434804693025,45.32481699713458,False,False,False
experiment,EC1,sim4,template3,0.15976001198353804,0.5901775609937648,0.5420080689814628,0.4552153780906436,0.9510093435085988,False,False,False
experiment,EC1,sim3,template3,0.5235084458322653,0.2968348881653447,0.3466088859831979,0.43300752208417703,89.0079580261385,False,False,False
experiment,EC1,sim3,template2,0.3698000492219445,0.2497470713724828,0.3694759737235854,0.32838315740253105,30.548677352219823,False,False,False
experiment,EC1,sim4,template3,0.29891172470209393,0.20933174574216273,0.09629210245756455,0.2780216794174116,131.90785696542594,False,False,False
experiment,EC1,sim2,template2,0.4119894949267675,0.152376720034511,0.07521687075853856,0.3478564577967372,104.13022291634132,False,False,False
experiment,EC1,sim1,template3,0.42975113544915255,0.08414559582626409,0.06582837919347902,0.2481678494331093,91.29686711183216,False,False,False
experiment,EC1,sim1,template3,0.40439355935401716,0.15695436681304095,0.23155166560871493,0.3326420383434242,90.04235202300588,False,False,False
experiment,EC1,sim3,template1,0.298661252612924,0.24702087371778197,0.043200770519009675,0.2893946933280063,87.23197527991239,False,False,False
experiment,EC1,sim3,template1,0.3474855556291653,0.2653833372607794,0.14364011765626541,0.33165106267344685,94.29083882410522,False,False,False
experiment,EC1,sim2,template1,0.4233270466542041,0.1980666556952685,0.270804515410838,0.3446342128766841,40.29193111449317,False,False,False
experiment,EC1,sim1,template1,0.026053461091176643,0.44897149780000883,0.3201540460651662,0.30473719983994835,12.088854467314384,False,False,False
experiment,EC1,sim1,template1,0.21332079143632757,0.13893810509676924,0.029166844280642746,0.2948099291894636,125.2186783375826,False,False,False
experiment,EC1,sim1,template3,0.2248537497322545,0.3497608667895232,0.28733122678930806,0.3347512197615748,29.73824162173726,False,False,False
experiment,EC1,sim2,template1,0.5228856083827673,0.10829251822737256,0.04561766677324016,0.41032777979493734,108.59809418446598,True,False,False
experiment,EC1,sim2,template3,0.2966349280392294,0.5241971506323786,0.27064662246954874,0.3928030169301684,67.99087575189934,False,False,False
experiment,EC1,sim4,template1,0.37022989653307214,0.1389684502544103,0.06959132628582966,0.35381314388996254,67.32673708273668,False,False,False
experiment,EC1,sim4,template3,0.1195097372712735,0.37856062747134755,0.40857461225824504,0.2956584904700681,33.304025514704264,False,False,False
experiment,EC1,sim1,template1,0.29345661345329027,0.10517271025845981,0.004960519321239595,0.2995657235737066,97.51547026918321,False,False,False
experiment,EC1,sim2,template3,0.4501413154706618,0.10891534802633368,0.2619182019776368,0.3556944366599543,131.9795316379791,False,False,False
experiment,EC1,sim1,template1,0.21346724585953056,0.26278822531467966,0.3464368114782142,0.267932961659651,63.249126558693895,False,False,False
experiment,EC1,sim1,template1,0.11699822133938657,0.05185104734361902,0.10278999963600677,0.2546993108046156,123.34549000500783,False,False,False
experiment,EC1,sim2,template3,0.4160052247330132,0.05136379385664794,0.1423655475564807,0.343920653815337,63.255327651383176,False,False,False
experiment,EC1,sim3,template2,0.21743288043061845,0.4947865928761727,0.5429522886702617,0.37691458007685236,125.59709929043561,False,False,False
experiment,EC1,sim4,template3,0.10977610432800618,0.49252846159084207,0.47475225332784793,0.4135022272993556,173.81806578396998,False,False,False
experiment,EC1,sim2,template2,0.26576600743651574,0.4132883182067771,0.4283898327305242,0.3513349688755877,177.47664274761962,False,False,False
experiment,EC1,sim4,template3,0.29964346178464346,0.13202265623197548,0.2382891326014191,0.2571425433556073,94.06641203544366,False,False,False
experiment,EC1,sim1,template2,0.552256045793085,0.1265609105896723,0.15153586353942966,0.4595130090533399,62.27405046991049,True,False,False
experiment,EC1,sim1,template2,0.4251959895219054,0.0317821966239319,0.08199604779642124,0.31301609463816477,76.69928336237275,False,False,False
experiment,EC1,sim2,template3,0.28369918568889924,0.23380227052156313,0.09666222069435461,0.2592848962031631,80.17778107318661,False,False,False
experiment,EC1,sim1,template1,0.27396915505046743,0.10243618109774114,0.04966443304735002,0.2680391306061466,55.05662941355987,False,False,False
experiment,EC1,sim4,template1,0.4285477481728839,0.4014079470591721,0.3054336790140206,0.41513515495727615,33.28489353632002,False,False,False
experiment,EC1,sim2,template2,0.17364603119972946,0.49178523483828657,0.41275066056911486,0.3350466016149159,175.01894837089617,False,False,False
experiment,EC1,sim1,template3,0.11067190550535083,0.532450603092621,0.5051978432519977,0.3891326274228105,19.249796809230727,False,False,False
experiment,EC1,sim2,template2,0.3834593351413483,0.2747526384535321,0.28663642333881467,0.34619035945958354,32.141178109471205,False,False,False
experiment,EC10,sim4,template3,0.18140742714383262,0.17430481039176332,0.34478769526497516,0.2574109250583288,30.60854803205272,False,False,False
experiment,EC10,sim1,template3,0.42153919602720585,0.10465583909336738,0.2592126542024265,0.3283550756066345,84.27416747219458,False,False,False
experiment,EC10,sim2,template2,0.3447936059762115,0.08377834154246096,0.3865688021464979,0.3356062354247331,66.88784964278645,False,False,False
experiment,EC10,sim1,template1,0.31987060897061115,0.27454146179287314,0.42999882920137467,0.36802927072483466,130.13937817948838,False,False,False
experiment,EC10,sim1,template3,0.46092415646605456,0.1740701597401257,0.24699803806982293,0.32592956133718215,95.23445334050079,False,False,False
experiment,EC10,sim1,template3,0.3978389530025404,0.1796462621952794,0.3073431046475096,0.37651281852806523,92.43848771542977,False,False,False
experiment,EC10,sim2,template3,0.254222780559016,0.3657159012061541,0.38723782005430746,0.31883744398755415,30.674289064300282,False,False,False
experiment,EC10,sim1,template3,0.15505063672395725,0.009793007127925017,0.3379821227767814,0.32540820718463875,63.40602157170822,False,False,False
experiment,EC10,sim2,template3,0.3537001542170801,0.05779666213440658,0.25022271668627505,0.2752382270037838,95.90419350462972,False,False,False
experiment,EC10,sim3,template1,0.15035802875295554,0.4135075164617088,0.41018181547235893,0.3416880858695887,178.52775830222896,False,False,False
experiment,EC10,sim2,template2,0.3457845863008471,0.18137837082658087,0.3587959565211552,0.2924541016196116,57.259638315656645,False,False,False
experiment,EC10,sim2,template1,0.22070011915753038,0.12405589528781821,0.34502562995625075,0.33649073586412775,126.61069638079714,False,False,False
experiment,EC10,sim4,template1,0.16985469626262206,0.5587147385721675,0.37815636839324424,0.3503703311532619,17.88126323289629,False,True,False
experiment,EC10,sim2,template1,0.03486096016078201,0.16269159513090775,0.407444513395139,0.35138452038953527,46.64626469839106,False,False,False
experiment,EC10,sim1,template3,0.2517498273032756,0.1544768243795385,0.3331752988588468,0.26089740073161144,50.402596786143995,False,False,False
experiment,EC10,sim1,template3,0.27054904652006617,0.23832586546772414,0.39017948342178504,0.3245666201743026,48.874184001428695,False,False,False
experiment,EC10,sim1,template3,0.2950931303983126,0.03871633363204977,0.30471848899712295,0.29962027198561403,73.99466067576014,False,False,False
experiment,EC10,sim4,template1,0.28079726572970365,0.0024019095996614492,0.30869519374829324,0.30205178243511327,127.97404535030341,False,False,False
experiment,EC10,sim4,template2,0.0709558676795774,0.3451191691181461,0.050540145264762984,0.267010154532744,66.0873120414427,False,False,False
experiment,EC10,sim4,template1,0.29605405480297353,0.14723959424440786,0.3288906988630319,0.3199984653423032,143.84803714108813,False,False,False
experiment,EC10,sim1,template3,0.3197575752137321,0.2875738349592902,0.4011937456037043,0.3443838349186267,47.68792084788942,False,False,False
experiment,EC10,sim4,template2,0.21438715017915183,0.03775903346899363,0.3284348079807981,0.2918823569592081,115.65975401251589,False,False,False
experiment,EC10,sim1,template3,0.16158378605343957,0.3107958774512959,0.3310336976706477,0.26300664256795847,156.62860205336344,False,False,False
experiment,EC10,sim1,template3,0.5029514235086854,0.5242265294342595,0.5579472327311931,0.540078461049417,39.11574386132585,False,True,True
experiment,EC10,sim1,template2,0.3741259359692782,0.14527530601124372,0.28300944606694023,0.3264967270594387,81.09968391980686,False,False,False
experiment,EC10,sim2,template2,0.3337397738592568,0.057564943990348644,0.28363216319963364,0.28028482906120866,96.86833208883584,False,False,False
experiment,EC10,sim1,template2,0.33554098489698836,0.15271136391025275,0.27983994366543263,0.32824583631622095,82.94958811281795,False,False,False
experiment,EC10,sim1,template3,0.345643678357536,0.19924706309513818,0.12772146872670556,0.24767313370112062,73.98547739367315,False,False,False
experiment,EC10,sim2,template3,0.350917766188565,0.18715184548529407,0.4065614787093691,0.3201900413001157,124.81214570839937,False,False,False
experiment,EC10,sim1,template3,0.25942439820196767,0.23457129996135692,0.21837439579796825,0.3057360530748648,95.14360098167006,False,False,False
experiment,EC10,sim1,template3,0.13996003792726375,0.021775882105427986,0.31829854675573377,0.29881223033560006,65.91193675556092,False,False,False
experiment,EC10,sim3,template1,0.08865454330894577,0.06765805427142028,0.277256337634398,0.2464142742275848,127.62145810043313,False,False,False
experiment,EC10,sim2,template2,0.32405093615112496,0.3078708717495542,0.16591921055803,0.29731163940782857,67.93312778562026,False,False,False
experiment,EC10,sim2,template3,0.2523592762259033,0.41203998252362684,0.09477220639394307,0.330784839990348,57.35683085408483,False,False,False
experiment,EC10,sim1,template2,0.35455098223318116,0.14430685430172524,0.3092408395302891,0.33441838594567563,81.01762487188104,False,False,False
experiment,EC10,sim4,template2,0.05448348161704684,0.2334911729448679,0.40867834801603026,0.3409563668866124,32.071039517976985,False,False,False
experiment,EC10,sim1,template2,0.3587033455616288,0.21662646476842082,0.42089228832444037,0.35225853467943713,44.70459842370399,False,False,False
experiment,EC10,sim1,template3,0.24986660262629676,0.0731601278996353,0.427998402210816,0.33117334268054716,59.70258928427413,False,False,False
experiment,EC10,sim4,template1,0.3968026774279317,0.04964751376736199,0.3422665990031746,0.29019693951026887,43.6559627623355,False,False,False
experiment,EC10,sim1,template3,0.28078321752647584,0.048140162380301,0.35582783879450314,0.3528362702106324,71.8925210602737,False,False,False
experiment,EC10,sim1,template3,0.3197575752137322,0.28757383495929045,0.4011937456037043,0.3443838349186264,47.68792084788942,False,False,False
experiment,EC10,sim4,template3,0.15383133682379146,0.310855169445888,0.4409842285201888,0.34142512591833507,156.76386036585484,False,False,False
experiment,EC10,sim2,template3,0.40652231492610286,0.14256533845099048,0.30791682223368916,0.3322119302370402,91.2742111938302,False,False,False
experiment,EC10,sim4,template2,0.13229333669612653,0.1832271823351114,0.340579605565136,0.2874643714806965,44.44846001067369,False,False,False
experiment,EC10,sim2,template1,0.10009075924810733,0.12755121012009954,0.29234067706835576,0.2843301783663795,77.47268262020617,False,False,False
experiment,EC10,sim2,template1,0.03673296545881695,0.3828166423081118,0.368400933558904,0.32611448307324403,16.057393608098018,False,False,False
experiment,EC10,sim1,template3,0.27483642776972045,0.21085575245419289,0.48235216331344716,0.392338703591595,126.77139697919887,False,False,False
experiment,EC10,sim3,template2,0.2796001046027383,0.42320487451645217,0.4041454940724353,0.34076335537953667,139.2350258691227,False,False,False
experiment,EC10,sim2,template1,0.30204668486827213,0.3517514621588574,0.0492103826661501,0.28907859778723044,111.34210866340423,False,False,False
experiment,EC10,sim4,template3,0.3726617323161587,0.12833666604681077,0.28450031427715355,0.31163018681285926,63.907383801134465,False,False,False
experiment,EC10,sim2,template1,0.03425294222159766,0.15654839692033648,0.37062145976727867,0.3354230211931406,43.45955674248017,False,False,False
experiment,EC10,sim4,template3,0.2919112725308292,0.19821887791480483,0.3466144656983044,0.29825635899889524,35.145017675321874,False,False,False
experiment,EC10,sim4,template1,0.5160431228860932,0.3188030360283026,0.2569292610080294,0.394251362955827,101.12525888141725,False,False,False
experiment,EC10,sim1,template2,0.3808626924880986,0.34246689898139454,0.39422463072726277,0.32626718331253785,29.73743542091883,False,False,False
experiment,EC10,sim3,template3,0.15576633310872276,0.43608362413699164,0.30125248382189507,0.36161228717224647,14.147236381314196,False,True,False
experiment,EC10,sim4,template1,0.38251804200285977,0.29223333669494644,0.3152589734086852,0.3244058838758575,163.44164141705377,False,False,False
experiment,EC10,sim4,template3,0.2000851337631338,0.23486864741136396,0.4194802434743407,0.32845756522884934,149.18066240959246,False,False,False
experiment,EC10,sim4,template1,0.1395669595827734,0.1916364454478424,0.21700457520772604,0.29452293950744557,101.45634438378758,False,False,False
experiment,EC10,sim1,template3,0.24142471152631068,0.2778319787542206,0.11502045326473728,0.26960451465008967,73.17601039109697,False,False,False
experiment,EC10,sim1,template1,0.29602899003535293,0.24350390024886473,0.32270031495476403,0.32732108502139917,130.51550389109948,False,False,False
experiment,EC10,sim1,template2,0.4490244774757611,0.22792817131581553,0.427004494397181,0.32556370206201474,138.32741562070044,False,False,False
experiment,EC10,sim2,template2,0.3931669612923295,0.19428583971080268,0.43666481033044885,0.3713211679337918,60.73562426754425,False,False,False
experiment,EC10,sim1,template3,0.2807832175264759,0.04814016238030103,0.3558278387945032,0.35283627021063235,71.8925210602737,False,False,False
experiment,EC10,sim1,template3,0.4116109911934401,0.09932554515132927,0.24723724646068201,0.29219747693480036,86.75610892655415,False,False,False
experiment,EC10,sim1,template3,0.09799570417280365,0.32149554042230366,0.2263550233614179,0.25447043078188963,3.285584329220438,False,False,False
experiment,EC10,sim2,template3,0.23856756079944155,0.3679019167630823,0.3339028467457605,0.29085512367208866,159.41166607768798,False,False,False
experiment,EC10,sim1,template3,0.3614082614841525,0.028022019052304434,0.3089304057457927,0.2334715400431359,72.34857147787699,False,False,False
experiment,EC10,sim1,template3,0.39396041133074566,0.061611370762257194,0.42682529311295286,0.34237035650584446,68.04878179751971,False,False,False
experiment,EC10,sim1,template3,0.21348497096437918,0.08903399471389173,0.4217823606964404,0.3474092048189219,57.132630733784254,False,False,False
experiment,EC10,sim1,template3,0.22409788107324202,0.03467101959698041,0.26427146203809726,0.27591081585742266,71.76105492277915,False,False,False
experiment,EC10,sim1,template1,0.37396974690708235,0.2966888788766567,0.30328003016663196,0.28316235022078223,38.8207492449256,False,False,False
experiment,EC10,sim3,template1,0.08453232345818146,0.3260119980704577,0.1300942379755878,0.26911773729126265,82.67972818884299,False,False,False
experiment,EC10,sim2,template2,0.4455124332718522,0.03355371891825737,0.4367584087208819,0.396575885707617,105.84576308285465,False,False,False
experiment,EC10,sim2,template3,0.4586920017882133,0.15736265479498068,0.31056973100371144,0.35237402445450877,94.03354571591572,False,False,False
experiment,EC10,sim1,template3,0.36216596644519056,0.22953712708509205,0.4176375415734235,0.3635422004306594,124.34753160809343,False,False,False
experiment,EC10,sim3,template1,0.29340889307974016,0.2045987302573037,0.15753643931551897,0.31452019257276637,88.94523762300217,False,False,False
experiment,EC10,sim4,template1,0.23127783652511255,0.26474663095894496,0.20438982669280353,0.33536624211756244,83.91578675785588,False,False,False
experiment,EC10,sim1,template2,0.42810333891748326,0.32960197501101185,0.5710270445823536,0.4511850407483433,42.21189080983155,False,False,True
experiment,EC10,sim1,template2,0.023719527678649727,0.5084068040694517,0.1586964165244212,0.3002382686213692,34.963633880997705,False,True,False
experiment,EC10,sim2,template1,0.057765531106336296,0.10606930707865658,0.25250150472532734,0.2980718496196847,71.99309019799301,False,False,False
experiment,ECIT,sim3,template3,0.38597855619061155,0.1654240729616197,0.15813290014234047,0.2735437681928616,,False,False,False
experiment,ECIT,sim1,template3,0.5009353709899864,0.13609520463741445,0.2285490744924386,0.27550103792323594,,False,False,False
experiment,ECIT,sim1,template3,0.30374116257399203,0.2440176863439866,0.14674859108060775,0.22626036595615415,,False,False,False
experiment,ECIT,sim1,template2,0.15262594494056625,0.3080805611117446,0.2932620730794547,0.387872066247894,,False,False,False
experiment,ECIT,sim2,template1,0.3065946100521971,0.09922080138435944,0.10937640434108113,0.28843990881610143,,False,False,False
experiment,ECIT,sim1,template3,0.364194970138765,0.1227264139390396,0.04100633488292767,0.3468635105210926,,False,False,False
experiment,ECIT,sim2,template3,0.1353637698380612,0.43036580320270645,0.26495932085791174,0.3694531416059884,,False,False,False
experiment,ECIT,sim1,template3,0.037581500150942374,0.17906489777507129,0.25170542440094573,0.28753996304006624,,False,False,False
experiment,ECIT,sim1,template1,0.39358203484821414,0.07652629929482797,0.1258954000337138,0.3405297435984968,,False,False,False
experiment,ECIT,sim3,template1,0.10999978878987132,0.17145016370322538,0.09598992152236714,0.28367499475417746,,False,False,False
experiment,ECIT,sim1,template3,0.4980738151650965,0.12787861639069367,0.17331821090617358,0.32596755011460204,,False,False,False
experiment,ECIT,sim1,template3,0.3562676154938002,0.06471048240872611,0.3032250188993452,0.2653600848280288,,False,False,False
experiment,ECIT,sim1,template1,0.5222722420633947,0.2596913624445405,0.2133739840231537,0.4013218538486028,,True,False,False
experiment,ECIT,sim4,template1,0.32754622420372215,0.46168523760861657,0.17602879600274277,0.42259846448384736,,False,False,False
experiment,ECIT,sim1,template1,0.20167727995589232,0.13664480883574587,0.17246665846205744,0.2901711895388694,,False,False,False
experiment,ECIT,sim3,template2,0.12336312356754162,0.423683626235864,0.30578179989399745,0.34179403604704583,,False,False,False
experiment,ECIT,sim1,template3,0.07633425527239147,0.02700033027537091,0.23052203674489433,0.2555308809057253,,False,False,False
experiment,ECIT,sim2,template2,0.18944431322137878,0.3727638542674475,0.3207599542240726,0.31235685777065875,,False,False,False
experiment,ECIT,sim1,template3,0.32863699758514897,0.17671450417338289,0.39307453043808505,0.2946051945818398,,False,False,False
experiment,ECIT,sim4,template3,0.3682280654101217,0.2636597799671601,0.408028556903949,0.3915821964477992,,False,False,False
experiment,ECIT,sim3,template2,0.09552776985255454,0.5064352366580557,0.1035625389164507,0.3858672420302399,,False,False,False
experiment,ECIT,sim2,template1,0.2991279443189866,0.25575528198882663,0.11364236495877546,0.2831532564036944,,False,False,False
experiment,ECIT,sim3,template3,0.12295963769445958,0.36101568206634704,0.17893667064174387,0.3198012593147655,,False,False,False
experiment,ECIT,sim3,template1,0.23163119948756808,0.30359631342714427,0.03971742974366479,0.36673754130571273,,False,False,False
experiment,ECIT,sim1,template3,0.24382600209835437,0.017118382145086042,0.2551259129531908,0.3748022953566066,,False,False,False
experiment,ECIT,sim4,template1,0.16394495676344098,0.2725818665334585,0.3178663757542976,0.3083301983416541,,False,False,False
experiment,ECIT,sim3,template1,0.13347672426175486,0.2596663179323988,0.1620999938138195,0.29787107991297707,,False,False,False
experiment,ECIT,sim1,template1,0.08122845039892923,0.048474412421671734,0.20336800613745715,0.3695329784227025,,False,False,False
experiment,ECIT,sim1,template2,0.4148993160214559,0.031655698980940374,0.32198650463772555,0.24020683975507112,,False,False,False
experiment,ECIT,sim2,template1,0.1504846549712036,0.36451197374303934,0.020860016012593803,0.4264319507819379,,False,False,False
experiment,ECIT,sim2,template2,0.006514698159272671,0.3112311990862867,0.1682211436123967,0.25054566611980095,,False,False,False
experiment,ECIT,sim1,template3,0.034309407955042316,0.020423424165319563,0.1943279745284204,0.27918383631422133,,False,False,False
experiment,ECIT,sim2,template2,0.22670530531910743,0.3268210311839065,0.09432426654965118,0.2880116790373777,,False,False,False
experiment,ECIT,sim4,template1,0.04221967037472974,0.4373034445981271,0.3998345781211334,0.4392844178986273,,False,False,False
experiment,ECIT,sim2,template3,0.07424906228854711,0.3495637172549967,0.28502877384280195,0.3049705811373072,,False,False,False
experiment,ECIT,sim1,template2,0.035182447045495086,0.12902354467703744,0.16392023010974413,0.2735182328342911,,False,False,False
experiment,ECIT,sim1,template3,0.28737780255466344,0.023484178037514142,0.1527417491585276,0.3497661977448627,,False,False,False
experiment,ECIT,sim2,template1,0.04322533146108293,0.2806202113538344,0.021083180838681683,0.26925757729480965,,False,False,False
experiment,ECIT,sim1,template2,0.1423761218403909,0.17132246406959828,0.2588753140342746,0.2739102209671419,,False,False,False
experiment,ECIT,sim2,template2,0.0661953663123308,0.4701830564454099,0.318713284285067,0.37884295863486656,,False,False,False
experiment,ECIT,sim1,template3,0.2266843841234229,0.24234465124919588,0.1503975769889661,0.267450524389382,,False,False,False
experiment,ECIT,sim1,template3,0.20207020695183184,0.16702982794838567,0.12270931286657445,0.2985679828629559,,False,False,False
experiment,ECIT,sim2,template1,0.0701512051874304,0.23216739698756889,0.06134709067162535,0.2776362003551992,,False,False,False
experiment,ECIT,sim4,template2,0.23770738359433435,0.015479035011913366,0.3562701474692197,0.3866360103118287,,False,False,False
experiment,ECIT,sim1,template1,0.4352229561568049,0.28707583695942807,0.08048301514855638,0.3881415332888622,,False,False,False
experiment,ECIT,sim1,template3,0.2041444105986765,0.07669585704158227,0.14864694595507086,0.2952182544807269,,False,False,False
experiment,ECIT,sim1,template1,0.2524786941731112,0.1519110053494685,0.2235583433800421,0.28313049188518014,,False,False,False
experiment,ECIT,sim2,template2,0.0948746797225305,0.5048494776164852,0.39776486697037144,0.4544109705830417,,False,False,False
experiment,ECIT,sim2,template2,0.07838873643680525,0.38729111895894797,0.15269200575272965,0.31333214373919177,,False,False,False
experiment,ECIT,sim1,template3,0.09421259081107372,0.2663802075687744,0.17750653233681632,0.2966149632151015,,False,False,False
experiment,ECIT,sim2,template2,0.34177747565177746,0.41046556208700097,0.4282808901121706,0.38153290680749324,,False,False,False
experiment,ECIT,sim1,template1,0.2052373967205492,0.06569734227979836,0.15766054578636476,0.38027572534946297,,False,False,False
experiment,ECIT,sim1,template2,0.05744803928930085,0.22521411136516276,0.3494436904320186,0.37289082739140994,,False,False,False
experiment,ECIT,sim3,template1,0.10587822732305054,0.22980803900321245,0.1888168070248594,0.30160050793871035,,False,False,False
experiment,ECIT,sim1,template3,0.3641949701387648,0.12272641393903959,0.04100633488292766,0.3468635105210926,,False,False,False
experiment,ECIT,sim1,template3,0.26158492442499987,0.001565985217554491,0.42955277615315796,0.36424583553427897,,False,False,False
experiment,ECIT,sim1,template2,0.40571624202407264,0.00021867082429873646,0.3545075905058412,0.310263881241347,,False,False,False
experiment,ECIT,sim2,template3,0.2619087354101179,0.42608593158211366,0.17065758542528855,0.37760921536566827,,False,False,False
experiment,ECIT,sim2,template1,0.3065946100521972,0.09922080138435938,0.10937640434108117,0.2884399088161012,,False,False,False
experiment,ECIT,sim1,template1,0.05411407720250084,0.045512133377155796,0.04405229528427366,0.2552339580464333,,False,False,False
experiment,ECIT,sim4,template1,0.30799198559432717,0.31617926719727496,0.4476668524298993,0.3771760445468668,,False,False,False
experiment,ECIT,sim2,template1,0.1843103361599237,0.45033435368861446,0.17590358266887782,0.3773097538514237,,False,False,False
experiment,ECIT,sim1,template2,0.09284375451679848,0.22666954098644085,0.35920924892707756,0.31278958544953467,,False,False,False
experiment,ECIT,sim1,template3,0.058835300952438024,0.2723555781494625,0.29884263549325224,0.505755508389476,,False,False,False
experiment,ECIT,sim2,template3,0.1927613693479657,0.46780051728022903,0.3668338941166228,0.403579276036638,,False,False,False
experiment,ECIT,sim3,template1,0.29627184724933364,0.38664706093675955,0.02668500761425259,0.39575706766589874,,False,False,False
experiment,ECIT,sim1,template1,0.0455658699870686,0.09222610719529153,0.08646729502446314,0.2999015643104138,,False,False,False
experiment,ECIT,sim1,template3,0.295934545477073,0.3149857494037045,0.19019181676965957,0.2794256092004808,,False,False,False
experiment,ECIT,sim2,template3,0.1365047160682933,0.4320931346752055,0.20649647200786284,0.3460918386671696,,False,False,False
experiment,ECIT,sim1,template2,0.08957587355897463,0.12681002094989116,0.34096006212317603,0.3372023768829877,,False,False,False
experiment,ECIT,sim2,template2,0.1772938551991002,0.4432581805628554,0.4311738779316826,0.3543952516058092,,False,False,False
experiment,ECIT,sim4,template3,0.1417737906481453,0.3283507324000185,0.18760633342070795,0.2936714711488604,,False,False,False
experiment,ECIT,sim1,template3,0.17701258232937084,0.03980051221683352,0.3845516342364585,0.3668950143988828,,False,False,False
experiment,ECIT,sim2,template3,0.0711970576857932,0.40076144269236896,0.23908844243598792,0.33300196949412453,,False,False,False
experiment,ECIT,sim1,template3,0.17287593554145628,0.28496359939846483,0.25666600797121975,0.3709182200027231,,False,False,False
experiment,ECIT,sim2,template2,0.4382059372095776,0.330929849973945,0.3442014159343361,0.36076519588933426,,False,False,False
experiment,ECIT,sim2,template2,0.20420146237727277,0.342577499439584,0.2546748456550438,0.32424141101575005,,False,False,False
experiment,ECIT,sim1,template2,0.41860306781338324,0.08400582566465443,0.3455570165356862,0.28740666337582027,,False,False,False
experiment,ECIT,sim2,template1,0.17978480398220273,0.3992544681891209,0.20014701314984107,0.48881212167167537,,False,False,False
experiment,ECIT,sim1,template1,0.25247869417311125,0.1519110053494686,0.2235583433800419,0.28313049188517997,,False,False,False
experiment,ECOR,sim4,template3,0.10263851895644395,0.4036951745414938,0.28962030969684627,0.34544500053648197,,False,False,False
experiment,ECOR,sim2,template1,0.5355118242976277,0.054479723569273907,0.2363805627867154,0.407219885102738,,False,False,False
experiment,ECOR,sim2,template1,0.3462580208017079,0.21159987056098822,0.3225311196230002,0.2980817460740874,,False,False,False
experiment,ECOR,sim4,template3,0.21046332136424986,0.5054308642920025,0.34317605658535494,0.4136023779529062,,False,True,False
experiment,ECOR,sim1,template1,0.2901892298517517,0.28667732211112446,0.10255761090920923,0.31239363421960764,,False,False,False
experiment,ECOR,sim2,template1,0.4703515720651301,0.11615803861156698,0.2629392757606954,0.35499779322758307,,False,False,False
experiment,ECOR,sim1,template3,0.4536829307783645,0.3072520915517449,0.09472028270414258,0.3883470258762487,,False,False,False
experiment,ECOR,sim2,template3,0.37594189939722017,0.27767452015927563,0.000790685988747152,0.34341768672253886,,False,False,False
experiment,ECOR,sim2,template1,0.49509656822114667,0.06216732687727161,0.033924012061524664,0.342068519639052,,False,False,False
experiment,ECOR,sim3,template1,0.3371493526688778,0.19198090769508855,0.2044080453516841,0.2892709987316259,,False,False,False
experiment,ECOR,sim1,template1,0.010187629921156151,0.31882195412889947,0.11126899828883142,0.2615177472288705,,False,False,False
experiment,ECOR,sim2,template1,0.3433542127755077,0.2114820148712041,0.015171924748660538,0.2990255048785606,,False,False,False
experiment,ECOR,sim2,template1,0.37911210867327444,0.15118298621427745,0.11343905297104795,0.3125343159083166,,False,False,False
experiment,ECOR,sim2,template3,0.3705434468885068,0.43456971257655674,0.17987023122446197,0.3953455251064882,,False,True,False
experiment,ECOR,sim1,template2,0.3940072861474605,0.058214789747489504,0.3869245054874957,0.2788000206852832,,False,False,False
experiment,ECOR,sim4,template1,0.37170160884045905,0.31730938139862375,0.18495944996637678,0.34256805056794554,,False,False,False
experiment,ECOR,sim1,template3,0.5123568131719708,0.04623343908479294,0.3951629618383605,0.39065908875630645,,False,False,False
experiment,ECOR,sim1,template2,0.25101265415661167,0.35335047810294873,0.02223413716566251,0.3032874584766758,,False,False,False
experiment,ECOR,sim2,template1,0.4280762917168672,0.046494468979971615,0.2665970767298838,0.3653613918273246,,False,False,False
experiment,ECOR,sim1,template3,0.49438647213165277,0.12949000302474836,0.20084430318206944,0.3619058605553995,,False,False,False
experiment,ECOR,sim2,template1,0.5335037856343859,0.10358850165686151,0.23149598086245712,0.42464298406825485,,False,False,False
experiment,ECOR,sim2,template1,0.3924909130831165,0.4336322829513429,0.020091504713803415,0.40510429730922387,,False,False,False
experiment,ECOR,sim2,template1,0.5107284821943725,0.19116696815301923,0.33830581777700436,0.35135747353878694,,False,False,False
experiment,ECOR,sim2,template2,0.3279197114353956,0.1882214222035887,0.04270397322408053,0.2709952031695309,,False,False,False
experiment,ECOR,sim1,template3,0.05564143313777496,0.4373563671331152,0.3728985520113233,0.3234404842801288,,False,False,False
experiment,ECOR,sim1,template1,0.18916919548935837,0.32954713525130047,0.14722378894775118,0.27534925695794626,,False,False,False
experiment,ECOR,sim2,template1,0.5268647851563928,0.21352697829434958,0.04686570457043067,0.40233731101579867,,False,False,False
experiment,ECOR,sim1,template3,0.5164792937128534,0.39744536247212325,0.2079030137109281,0.4625340679017009,,False,False,False
experiment,ECOR,sim2,template1,0.4670854321943421,0.14775269677111408,0.1982474820890837,0.3839992420638374,,False,False,False
experiment,ECOR,sim1,template3,0.31060035543584374,0.43684952948797157,0.16311239039024933,0.3805862903752316,,False,False,False
experiment,ECOR,sim2,template1,0.37763818710374136,0.2889587043327775,0.07668684925528206,0.3222768898612462,,False,False,False
experiment,ECOR,sim3,template3,0.17414236227368687,0.43043750483931476,0.027855406124786014,0.3660205085216772,,False,False,False
experiment,ECOR,sim2,template1,0.4075149303687455,0.17052372575575356,0.2707990107899239,0.31941151181416555,,False,False,False
experiment,ECOR,sim3,template1,0.05160138584156291,0.322132545809038,0.053836772934076495,0.22026171601522412,,False,False,False
experiment,ECOR,sim2,template1,0.3695955059900057,0.39222202653550764,0.01335389576890451,0.40455064724512796,,False,False,False
experiment,ECOR,sim2,template1,0.5009166002635513,0.031078776840376354,0.24513257038776345,0.3745916478019043,,False,False,False
experiment,ECOR,sim1,template3,0.41705902419382873,0.05879210070958279,0.3288623014318137,0.31334502431645506,,False,False,False
experiment,ECOR,sim2,template1,0.3860972778937773,0.3198497526224754,0.0435122301500657,0.3784722733152168,,False,False,False
experiment,ECOR,sim1,template2,0.04660531767223479,0.5347380849327117,0.3510026776158256,0.33148499233442147,,False,True,False
experiment,ECOR,sim2,template3,0.4859650545786073,0.07223385616337866,0.3357710741485119,0.38432343426001736,,True,False,False
experiment,ECOR,sim2,template1,0.4087419475067613,0.15590315159570214,0.16373478807218,0.31591103981261,,False,False,False
experiment,ECOR,sim1,template3,0.04311589070102946,0.26160895289821556,0.0797063363590975,0.22379264249763808,,False,False,False
experiment,ECOR,sim1,template3,0.5730828656660522,0.35519859560583894,0.42608421836756916,0.4499336837501921,,True,False,False
experiment,ECOR,sim2,template1,0.5333619667824826,0.23167448870160162,0.043443096271414156,0.43989909564677,,False,False,False
experiment,ECOR,sim1,template3,0.3114697507827841,0.36557812217401464,0.011802764371066997,0.32448923569430127,,False,False,False
experiment,ECOR,sim4,template3,0.1596334566118004,0.43890667049700033,0.264080219793783,0.3329637552489611,,False,False,False
experiment,ECOR,sim2,template1,0.4617983022455226,0.2522190702371299,0.001006415446859582,0.38315372453863106,,False,False,False
experiment,ECOR,sim1,template3,0.36096323509403716,0.30608960137181324,0.05897935423488644,0.3379146020390629,,False,False,False
experiment,ECOR,sim2,template1,0.1462712823217077,0.3243295786256506,0.09593335960117197,0.290233765202824,,False,False,False
experiment,ECOR,sim1,template3,0.6143509406781712,0.18899189833719698,0.5572946359292046,0.5105893277372936,,True,False,False
experiment,ECOR,sim2,template1,0.40874194750676124,0.15590315159570214,0.16373478807218006,0.31591103981260993,,False,False,False
experiment,ECOR,sim2,template1,0.5428713527468955,0.14150787692045028,0.23903812728625543,0.4672281869049759,,False,False,False
experiment,ECOR,sim1,template2,0.4146648744546767,0.27530359292879053,0.0373416720586567,0.3495384617200081,,False,False,False
experiment,ECOR,sim3,template2,0.06178428586484694,0.5593568357559594,0.5814814858712272,0.4336178675344143,,False,True,True
experiment,ECOR,sim1,template1,0.2641307824133218,0.38816580911755655,0.025384241049553887,0.34637962810056233,,False,False,False
experiment,ECOR,sim4,template3,0.3666551709512053,0.3388773563525671,0.20191149211340878,0.349545533572467,,False,False,False
experiment,ECOR,sim1,template3,0.4050669646359496,0.1055481647248331,0.21673484792825776,0.3220999226289265,,False,False,False
experiment,ECOR,sim2,template1,0.4424860864262691,0.011756211837482431,0.356379336994382,0.305278071154283,,False,False,False
experiment,ECOR,sim1,template3,0.17908386874870338,0.5300964866267533,0.2283607412674526,0.4034302393038578,,False,True,False
experiment,ECOR,sim2,template2,0.5352395040224748,0.35123676197587095,0.3076950977437957,0.47180222290319623,,True,False,False
experiment,ECOR,sim2,template1,0.5302131208361126,0.0672809126031664,0.2545080593803487,0.3294407125512084,,False,False,False
experiment,ECOR,sim4,template3,0.5120121539311208,0.536457451145979,0.13178463017203698,0.5227370488433444,,False,True,False
experiment,ECOR,sim2,template1,0.0684895440187043,0.554083383952272,0.08131499189746744,0.48899115890784345,,False,True,False
experiment,ECOR,sim1,template3,0.2057991210684117,0.3569926722037252,0.04912700600712559,0.31024190875147084,,False,False,False
experiment,ECOR,sim2,template1,0.45156022129383505,0.007900061036754665,0.15823636232692204,0.2947607464945735,,False,False,False
experiment,ECOR,sim2,template1,0.3433542127755079,0.2114820148712043,0.015171924748660515,0.2990255048785607,,False,False,False
experiment,ECOR,sim4,template1,0.088969959246283,0.46010835909562653,0.26144694750644143,0.30752380125940537,,False,False,False
experiment,ECOR,sim4,template3,0.17784575750273396,0.5000340673606227,0.25299515970807335,0.39834538330900726,,False,True,False
experiment,ECOR,sim2,template1,0.45076245990598124,0.26325052466039567,0.32439449348468774,0.36119075627748315,,False,False,False
experiment,ECOR,sim3,template1,0.26569287525491286,0.3832736814926875,0.06568241839532409,0.31030286747842956,,False,False,False
experiment,ECOR,sim2,template1,0.48151242402208816,0.06273762092864561,0.25271853687771706,0.3516310142466536,,False,False,False
experiment,ECOR,sim2,template2,0.3506706718952654,0.26407073113745927,0.00692056448478065,0.3087868502098824,,False,False,False
experiment,ECOR,sim4,template3,0.4074702704626864,0.17871363092132275,0.09149994471071517,0.34171805019391105,,False,False,False
experiment,ECOR,sim2,template1,0.4157138274467752,0.14521964111297683,0.07741606146095936,0.2981346303618336,,False,False,False
experiment,ECOR,sim3,template3,0.13147497204116246,0.4008031446169766,0.30606243077576534,0.3531157655794292,,False,False,False
experiment,ECOR,sim4,template3,0.2026967088261266,0.6563295880536856,0.29700665364435813,0.5407951515368676,,False,True,False
experiment,ECOR,sim3,template1,0.4270132148192988,0.22477559096415162,0.38364310205722957,0.3358592386290589,,False,False,False
experiment,ECOR,sim2,template2,0.3040422198612861,0.38902611097163237,0.05735967787884798,0.350738918107031,,False,False,False
experiment,ECOR,sim4,template3,0.15580389051940396,0.31637349256533764,0.18804025207899805,0.2825089168930529,,False,False,False
experiment,ECOR,sim2,template3,0.3948837661645537,0.38313868150224434,0.05594405230758978,0.38293324162635123,,True,False,False
experiment,EMAS,sim4,template3,0.45215260897726284,0.0015792844193477818,0.3274608056272288,0.3157546261388259,41.42972192129174,False,False,False
experiment,EMAS,sim3,template1,0.36145090392289614,0.4055511208994156,0.4938321906495982,0.38065774319897244,76.14104369427633,False,False,False
experiment,EMAS,sim4,template1,0.29412235771765566,0.27548960469064443,0.0534480950447883,0.2857240108030586,77.91215795633578,False,False,False
experiment,EMAS,sim2,template1,0.1856410918523849,0.4041292450676005,0.2061807291054164,0.32079916777029066,144.72216341639867,False,False,False
experiment,EMAS,sim4,template1,0.35825312560952793,0.1513339846926728,0.0716760443670804,0.3258628868394723,126.31187432023607,False,False,False
experiment,EMAS,sim2,template2,0.4038570668749318,0.27095394685580765,0.3941605505161656,0.3909995178774532,135.20247221530096,False,False,False
experiment,EMAS,sim4,template2,0.4614634898312701,0.2692040053956964,0.4604507573146209,0.35352817742797193,101.34985551234557,False,False,False
experiment,EMAS,sim4,template2,0.19780515706023313,0.487778341400999,0.462358056708999,0.4017571140547481,113.53492475682991,False,False,False
experiment,EMAS,sim2,template1,0.3393786676044335,0.17104103872517426,0.41929511216914567,0.29081965624658235,55.555133897899395,False,False,False
experiment,EMAS,sim3,template3,0.45775159191159454,0.26341093046699776,0.1501303685407625,0.3612348175065864,178.93293238020155,False,False,False
experiment,EMAS,sim4,template1,0.41690071994085487,0.06957879771689043,0.373170065136035,0.3223289499691585,130.56131384843607,False,False,False
experiment,EMAS,sim2,template2,0.5573499475583314,0.10711877008992822,0.4796222468729056,0.43720437544882834,139.14579895095417,True,False,True
experiment,EMAS,sim4,template3,0.28374256881040233,0.3645983326442762,0.3715552129772595,0.3272832425294604,93.23421674639098,False,False,False
experiment,EMAS,sim4,template3,0.21464704116632474,0.35266126347579707,0.36312243996612514,0.28994981889366683,81.1505648339389,False,False,False
experiment,EMAS,sim2,template2,0.3486889918043182,0.2986626763489838,0.12655979174695522,0.3296663346506152,2.8320695230742494,False,False,False
experiment,EMAS,sim2,template1,0.03056583194479465,0.45646359904130185,0.29044296653783713,0.3314005171425387,117.90847449556517,False,False,False
experiment,EMAS,sim2,template1,0.5743102037752517,0.044353042313291915,0.35717521727847973,0.4316702460128231,28.29444265916914,True,False,False
experiment,EMAS,sim4,template3,0.46817166509002994,0.31767777879714076,0.49648496932428093,0.4031458968203077,74.37932131237946,False,False,False
experiment,EMAS,sim4,template2,0.1458167159321674,0.28144095131263197,0.0610957097997666,0.2252234308724256,21.218181963441218,False,False,False
experiment,EMAS,sim2,template1,0.18356039227961188,0.35842296244706906,0.030872433914710135,0.2860812014657975,31.549165666929387,False,False,False
experiment,EMAS,sim2,template1,0.2536983980291528,0.06037952471509759,0.21351142018765673,0.20022728959921604,136.67986616126913,False,False,False
experiment,EMAS,sim2,template1,0.45102123775853686,0.05019779663179485,0.25928024653592685,0.3437912925636708,38.11230462175047,False,False,False
experiment,EMAS,sim4,template1,0.37087458201816653,0.24236525776485746,0.4674896355907943,0.3058726660670752,77.16505998366063,False,False,False
experiment,EMAS,sim3,template1,0.33821432072283447,0.20045137402156957,0.18387731105393143,0.27383854331383684,0.35777388389576004,False,False,False
experiment,EMAS,sim2,template1,0.06996217518923646,0.3710281046118575,0.12639345441105096,0.2806774461214703,131.36285367537192,False,False,False
experiment,EMAS,sim2,template1,0.3470436435343164,0.21964741888928288,0.1504747563755237,0.29656697795734255,177.64240146664645,False,False,False
experiment,EMAS,sim2,template1,0.5808593562097956,0.011198714335598499,0.40792497579119763,0.438617330443228,31.528466029450907,True,False,False
experiment,EMAS,sim4,template3,0.24974138263980047,0.23507715920513844,0.2985267717900096,0.24351290197606976,79.76568424128932,False,False,False
experiment,EMAS,sim4,template3,0.48022762889036347,0.08475398667606245,0.4611967935336227,0.4722263133892048,39.64656205904755,False,False,False
experiment,EMAS,sim2,template2,0.38475298370163197,0.00853086295879806,0.3270767975873038,0.30194117849753516,33.33556521296613,False,False,False
experiment,EMAS,sim4,template3,0.27920924505843636,0.3800884765416276,0.009242893715339661,0.32850109599983157,170.5949536159419,False,False,False
experiment,EMAS,sim3,template2,0.26999455964330177,0.4580135669858683,0.4869782805881908,0.391917041203804,82.95378572026998,False,False,False
experiment,EMAS,sim4,template3,0.2808044923378749,0.3606630383782455,0.40908348423291924,0.31858415188287326,91.60362011620268,False,False,False
experiment,EMAS,sim3,template1,0.2863432784459607,0.33158549933032916,0.042480583364404974,0.31280241209571685,24.620761921120565,False,False,False
experiment,EMAS,sim4,template2,0.2656548109466576,0.25156621030482096,0.03015244203865212,0.25782658895005317,4.470051535142197,False,False,False
experiment,EMAS,sim2,template1,0.37448878263877033,0.06470490667247042,0.29963932046779573,0.2820861802353852,40.21342934260436,False,False,False
experiment,EMAS,sim2,template1,0.11234823764810915,0.3340995003044018,0.025185451457676495,0.23261330591629534,36.915308317071144,False,False,False
experiment,EMAS,sim4,template1,0.33989967533690635,0.40454768165786115,0.3027170376163142,0.37038947204673206,91.30399746578382,False,False,False
experiment,EMAS,sim2,template1,0.49071918963377686,0.05349984360687646,0.34370439175488965,0.3674210806464639,24.953392695342515,False,False,False
experiment,EMAS,sim2,template1,0.4224419661345326,0.24012375355459775,0.2801984401243682,0.357408700557335,174.27472260466052,False,False,False
experiment,EMAS,sim4,template3,0.5901725992756391,0.3274470195125281,0.5576053741991296,0.5729626679320864,31.753690360523297,False,False,False
experiment,EMAS,sim2,template2,0.37946840318611164,0.21148755397993588,0.3836343555231944,0.3181902463600769,58.86261111378722,False,False,False
experiment,EMAS,sim3,template1,0.3077547569299114,0.06350372551280176,0.2672506991337137,0.24071191017721472,41.45110951463137,False,False,False
experiment,EMAS,sim2,template1,0.31887621262971394,0.19800171159938162,0.25757789745286586,0.26892048907893995,115.15908096501198,False,False,False
experiment,EMAS,sim2,template2,0.33368891685224633,0.305460486758799,0.07380042020375005,0.3194728642145716,11.842339406218104,False,False,False
experiment,EMAS,sim3,template1,0.23908341092342575,0.26035836289778497,0.023862468560274595,0.2540175477701761,28.011162663213874,False,False,False
experiment,EMAS,sim2,template2,0.4403633731500614,0.16575546677503342,0.25278435169206037,0.3395949499752435,13.170589762990588,False,False,False
experiment,EMAS,sim4,template3,0.20318261339078852,0.45656893776806223,0.1992367028521588,0.43391782147333446,140.7472751148181,False,False,False
experiment,EMAS,sim4,template3,0.5337365640866512,0.24580612318768263,0.5216150914132279,0.3920756669161352,70.31059036109278,False,False,False
experiment,EMAS,sim2,template2,0.31850987507918577,0.24784172353451528,0.429844764736737,0.28660953051900084,108.78732570943954,False,False,False
experiment,EMAS,sim2,template1,0.07252045876821622,0.4050864765544947,0.22464547248002126,0.2602188394807482,71.6085734896058,False,False,False
experiment,EMAS,sim2,template3,0.14681044152859177,0.5053599460066895,0.40466489715773785,0.37614586433700237,107.69667449903936,False,False,False
experiment,EMAS,sim3,template3,0.5101593338146848,0.051139792489099827,0.3855007238602962,0.35152737872307904,38.93562388476767,False,False,False
experiment,EMAS,sim3,template1,0.3673239684634227,0.05833507704153481,0.20968186799030686,0.2549616846807921,21.717628360873658,False,False,False
experiment,EMAS,sim4,template1,0.0964102451397722,0.4255352485579175,0.32750484515987266,0.30885277864622446,61.680680556348015,False,False,False
experiment,EMAS,sim2,template2,0.3734011230021865,0.32646827669438405,0.4615423477986749,0.3552064512035832,74.07869134178671,False,False,True
experiment,EMAS,sim4,template3,0.12247013217189005,0.3877461090717232,0.1810510398081302,0.3000508615791909,147.24355491674518,False,False,False
experiment,EMAS,sim4,template2,0.42182673540409676,0.06379196658612994,0.35666984501060817,0.3363450631105306,49.10139679695019,False,False,False
experiment,EMAS,sim4,template1,0.32193731280484505,0.15818781380566926,0.15470026092889694,0.27219741007326415,20.163310962971313,False,False,False
experiment,EMAS,sim4,template1,0.32021360068974525,0.2908631712721308,0.14676887781850476,0.31213109103719083,168.75984367177807,False,False,False
experiment,EMAS,sim4,template3,0.02982330140085063,0.4386586288595952,0.20101204142683085,0.2944981046662579,136.1301782690971,False,False,False
experiment,EMAS,sim4,template3,0.4681716650900295,0.3176777787971406,0.4964849693242809,0.4031458968203076,74.37932131237946,False,False,False
experiment,EMAS,sim3,template1,0.1470835399043237,0.33035800951425476,0.24201431959153144,0.25070323179927806,85.30818728883762,False,False,False
experiment,EMAS,sim3,template1,0.13205443633248098,0.4653120460920328,0.26936750830541584,0.34869999971498505,105.31217052468435,False,False,False
experiment,EMAS,sim3,template2,0.4322296285112671,0.11642655051694291,0.3927218454289819,0.34160878636384473,134.21993755138323,False,False,False
experiment,EMAS,sim3,template3,0.2818881086661576,0.31270185013423196,0.001247268298385283,0.29935265316501375,161.97247610677684,False,False,False
experiment,EMAS,sim3,template1,0.390715340286349,0.10076417791269218,0.3932832736798499,0.3097353303687675,41.63066694134789,False,False,False
experiment,EMAS,sim4,template2,0.12118139428229455,0.39024865248060675,0.162465304356503,0.30009684716456403,147.67826451033574,False,False,False
experiment,EMAS,sim2,template1,0.39519133845034604,0.27814398683445396,0.34978544599428524,0.35349961450689593,115.7287325002499,False,False,False
experiment,EMAS,sim4,template3,0.42745521887483734,0.25567711308475705,0.45586876788234365,0.3406820163735399,104.99905263084807,False,False,False
experiment,EMAS,sim4,template1,0.13151478001911218,0.5233775329454021,0.41134440466456945,0.37261585948152187,116.35265748091639,False,False,False
experiment,EMAS,sim3,template1,0.30427101660803685,0.30038312232539577,0.02734293479657566,0.30175045991403854,168.50784293437115,False,False,False
experiment,EMAS,sim2,template1,0.20004648153251411,0.3003560934635465,0.28600193745656793,0.2490111310413678,92.60346273315236,False,False,False
experiment,EMAS,sim2,template2,0.4403633731500614,0.16575546677503333,0.2527843516920608,0.3395949499752433,13.170589762990586,False,False,False
experiment,EMAS,sim3,template1,0.04586905972058109,0.6058757006334702,0.016772973768393807,0.4182380897201208,54.901752869599704,False,True,False
experiment,EMAS,sim3,template1,0.14553560534106075,0.37355238607059466,0.26285419568061935,0.29032527360218796,101.10750462243459,False,False,False
experiment,EMAS,sim3,template3,0.2709925919879933,0.21631172465151166,0.06711026034373144,0.24231558087004987,172.7557046783513,False,False,False
experiment,EMAS,sim4,template1,0.27849697266215934,0.19682011426114104,0.119162111108455,0.24592792944688444,8.936139675561364,False,False,False
experiment,EMAS,sim3,template2,0.49915630240598746,0.20280942532639654,0.22628576178297644,0.3700875014449681,171.17685681842903,False,False,False
experiment,EMAS,sim4,template3,0.2213320387718952,0.4431200698071099,0.43259642808567245,0.35147417901936934,74.23676945042,False,False,False
