dataset,station,component,method,peak_time,score,floor_detect,floor_signif,significant
ingv,ECPN,vec,max,2022-11-15 18:34:59,0.5635,0.503,0.521,True
ingv,ECPN,vec,max,2022-11-23 07:32:40,0.5106,0.503,0.521,False
ingv,ECPN,vec,max,2022-11-23 19:18:12,0.5035,0.503,0.521,False
ingv,ECPN,vec,max,2022-11-24 07:01:55,0.5055,0.503,0.521,False
ingv,ECPN,vec,max,2022-11-26 19:45:34,0.5975,0.503,0.521,True
ingv,ECPN,vec,max,2022-11-27 05:55:12,0.5141,0.503,0.521,False
ingv,ECPN,vec,max,2022-11-30 03:03:49,0.5555,0.503,0.521,True
ingv,ECPN,vec,max,2022-12-01 02:44:59,0.571,0.503,0.521,True
ingv,ECPN,vec,max,2022-12-03 17:10:46,0.5221,0.503,0.521,True
ingv,ECPN,vec,max,2022-12-04 00:34:17,0.5154,0.503,0.521,False
ingv,ECPN,vec,max,2022-12-06 23:49:36,0.514,0.503,0.521,False
ingv,ECPN,vec,max,2022-12-07 12:41:18,0.5469,0.503,0.521,True
ingv,ECPN,vec,max,2022-12-07 16:09:17,0.5259,0.503,0.521,True
ingv,ECPN,vec,max,2022-12-09 10:31:19,0.5333,0.503,0.521,True
ingv,ECPN,vec,max,2022-12-10 00:00:48,0.5126,0.503,0.521,False
ingv,ECPN,vec,max,2022-12-10 03:02:46,0.5285,0.503,0.521,True
ingv,ECPN,vec,max,2022-12-10 22:57:29,0.5037,0.503,0.521,False
ingv,ECPN,vec,max,2022-12-11 10:07:59,0.5395,0.503,0.521,True
ingv,ECPN,vec,max,2022-12-11 12:32:44,0.5239,0.503,0.521,True
ingv,ECPN,vec,max,2022-12-13 08:00:03,0.5221,0.503,0.521,True
ingv,ECPN,vec,max,2022-12-16 05:25:29,0.5185,0.503,0.521,False
ingv,ECPN,vec,max,2022-12-16 11:23:55,0.5138,0.503,0.521,False
ingv,ECPN,vec,max,2022-12-18 11:03:45,0.5605,0.503,0.521,True
ingv,ECPN,vec,max,2022-12-19 04:28:25,0.5158,0.503,0.521,False
ingv,ECPN,vec,max,2022-12-22 18:11:49,0.5064,0.503,0.521,False
ingv,ECPN,vec,max,2022-12-22 20:32:08,0.5595,0.503,0.521,True
ingv,ECPN,vec,max,2022-12-23 11:45:23,0.5292,0.503,0.521,True
ingv,ECPN,vec,max,2022-12-24 11:37:29,0.5419,0.503,0.521,True
ingv,ECPN,vec,max,2022-12-25 14:43:54,0.5075,0.503,0.521,False
ingv,ECPN,vec,max,2022-12-27 11:51:04,0.6312,0.503,0.521,True
ingv,ECPN,vec,max,2022-12-27 20:58:37,0.5121,0.503,0.521,False
ingv,ECPN,vec,max,2022-12-29 13:50:54,0.5049,0.503,0.521,False
ingv,ECPN,vec,max,2022-12-31 09:23:10,0.5048,0.503,0.521,False
ingv,ECPN,vec,max,2022-12-31 11:08:37,0.5862,0.503,0.521,True
ingv,ECPN,vec,max,2023-01-01 23:57:48,0.5065,0.503,0.521,False
ingv,ECPN,vec,max,2023-01-02 05:39:23,0.5344,0.503,0.521,True
ingv,ECPN,vec,max,2023-01-02 14:26:25,0.5244,0.503,0.521,True
ingv,ECPN,vec,max,2023-01-04 02:21:38,0.5829,0.503,0.521,True
ingv,ECPN,vec,max,2023-01-04 07:23:03,0.525,0.503,0.521,True
ingv,ECPN,vec,max,2023-01-04 11:57:13,0.5606,0.503,0.521,True
ingv,ECPN,vec,max,2023-01-05 02:26:39,0.5215,0.503,0.521,True
ingv,ECPN,vec,max,2023-01-06 04:52:00,0.521,0.503,0.521,False
ingv,ECPN,vec,max,2023-01-06 23:06:57,0.5173,0.503,0.521,False
ingv,ECPN,vec,max,2023-01-09 02:29:27,0.5115,0.503,0.521,False
ingv,ECPN,vec,max,2023-01-09 03:50:50,0.5557,0.503,0.521,True
ingv,ECPN,vec,max,2023-01-10 09:05:00,0.5272,0.503,0.521,True
ingv,ECPN,vec,max,2023-01-10 13:16:56,0.5836,0.503,0.521,True
ingv,ECPN,vec,max,2023-01-10 15:03:02,0.5398,0.503,0.521,True
ingv,ECPN,vec,max,2023-01-10 16:46:14,0.571,0.503,0.521,True
ingv,ECPN,vec,max,2023-01-10 17:56:12,0.5054,0.503,0.521,False
ingv,ECPN,vec,max,2023-01-10 20:52:46,0.5292,0.503,0.521,True
ingv,ECPN,vec,max,2023-01-12 19:19:11,0.5128,0.503,0.521,False
ingv,ECPN,vec,max,2023-01-13 14:57:40,0.5107,0.503,0.521,False
ingv,ECPN,vec,max,2023-01-13 19:44:58,0.5143,0.503,0.521,False
ingv,ECPN,vec,max,2023-01-14 09:58:44,0.5299,0.503,0.521,True
ingv,ECPN,vec,max,2023-01-19 10:29:12,0.5076,0.503,0.521,False
ingv,ECPN,vec,max,2023-01-20 06:44:59,0.6101,0.503,0.521,True
ingv,ECPN,vec,max,2023-01-20 08:13:44,0.5576,0.503,0.521,True
ingv,ECPN,vec,max,2023-01-20 17:40:31,0.5198,0.503,0.521,False
ingv,ECPN,vec,max,2023-01-21 12:26:46,0.5689,0.503,0.521,True
ingv,ECPN,vec,max,2023-01-22 02:25:09,0.5217,0.503,0.521,True
ingv,ECPN,vec,max,2023-01-25 15:02:40,0.5103,0.503,0.521,False
ingv,ECPN,vec,max,2023-01-26 14:04:03,0.5154,0.503,0.521,False
ingv,ECPN,vec,max,2023-01-27 10:42:50,0.5422,0.503,0.521,True
ingv,ECPN,vec,max,2023-01-30 23:19:05,0.5847,0.503,0.521,True
ingv,ECPN,vec,max,2023-02-02 10:22:58,0.5061,0.503,0.521,False
ingv,ECPN,vec,max,2023-02-02 19:43:02,0.535,0.503,0.521,True
ingv,ECPN,vec,max,2023-02-04 00:00:01,0.5582,0.503,0.521,True
ingv,ECPN,vec,max,2023-02-04 02:02:48,0.5267,0.503,0.521,True
ingv,ECPN,vec,max,2023-02-04 07:14:52,0.5763,0.503,0.521,True
ingv,ECPN,vec,max,2023-02-04 15:49:37,0.5046,0.503,0.521,False
ingv,ECPN,vec,max,2023-02-08 09:54:58,0.5414,0.503,0.521,True
ingv,ECPN,vec,max,2023-02-09 08:27:54,0.5395,0.503,0.521,True
ingv,ECPN,vec,max,2023-02-10 19:59:36,0.5043,0.503,0.521,False
ingv,ECPN,vec,max,2023-02-13 02:21:54,0.5043,0.503,0.521,False
ingv,ECPN,vec,max,2023-02-13 17:52:35,0.5434,0.503,0.521,True
ingv,ECPN,vec,max,2023-02-15 14:20:46,0.507,0.503,0.521,False
ingv,ECPN,vec,max,2023-02-17 00:03:44,0.5181,0.503,0.521,False
ingv,ECPN,vec,stack,2022-11-15 18:34:14,0.3651,0.322,0.336,True
ingv,ECPN,vec,stack,2022-11-17 09:58:48,0.3228,0.322,0.336,False
ingv,ECPN,vec,stack,2022-11-18 09:19:05,0.3267,0.322,0.336,False
ingv,ECPN,vec,stack,2022-11-18 20:23:56,0.3286,0.322,0.336,False
ingv,ECPN,vec,stack,2022-11-19 12:34:49,0.3266,0.322,0.336,False
ingv,ECPN,vec,stack,2022-11-21 02:44:11,0.3315,0.322,0.336,False
ingv,ECPN,vec,stack,2022-11-21 09:09:45,0.3494,0.322,0.336,True
ingv,ECPN,vec,stack,2022-11-23 08:57:41,0.3659,0.322,0.336,True
ingv,ECPN,vec,stack,2022-11-23 18:23:33,0.3245,0.322,0.336,False
ingv,ECPN,vec,stack,2022-11-24 09:17:27,0.3383,0.322,0.336,True
ingv,ECPN,vec,stack,2022-11-25 09:49:52,0.3234,0.322,0.336,False
ingv,ECPN,vec,stack,2022-11-26 12:27:12,0.3242,0.322,0.336,False
ingv,ECPN,vec,stack,2022-11-26 19:45:25,0.4345,0.322,0.336,True
ingv,ECPN,vec,stack,2022-11-27 05:51:11,0.3262,0.322,0.336,False
ingv,ECPN,vec,stack,2022-11-30 03:02:06,0.3479,0.322,0.336,True
ingv,ECPN,vec,stack,2022-11-30 04:40:01,0.3275,0.322,0.336,False
ingv,ECPN,vec,stack,2022-12-01 03:17:47,0.3758,0.322,0.336,True
ingv,ECPN,vec,stack,2022-12-02 09:55:46,0.3477,0.322,0.336,True
ingv,ECPN,vec,stack,2022-12-03 13:31:47,0.3415,0.322,0.336,True
ingv,ECPN,vec,stack,2022-12-03 17:12:18,0.3531,0.322,0.336,True
ingv,ECPN,vec,stack,2022-12-05 08:19:21,0.3247,0.322,0.336,False
ingv,ECPN,vec,stack,2022-12-07 10:44:06,0.3451,0.322,0.336,True
ingv,ECPN,vec,stack,2022-12-07 12:57:03,0.3321,0.322,0.336,False
ingv,ECPN,vec,stack,2022-12-07 15:45:06,0.3292,0.322,0.336,False
ingv,ECPN,vec,stack,2022-12-07 22:15:28,0.328,0.322,0.336,False
ingv,ECPN,vec,stack,2022-12-09 10:31:53,0.3538,0.322,0.336,True
ingv,ECPN,vec,stack,2022-12-10 02:53:02,0.3423,0.322,0.336,True
ingv,ECPN,vec,stack,2022-12-10 11:52:19,0.3308,0.322,0.336,False
ingv,ECPN,vec,stack,2022-12-10 18:45:50,0.323,0.322,0.336,False
ingv,ECPN,vec,stack,2022-12-10 21:03:53,0.3531,0.322,0.336,True
ingv,ECPN,vec,stack,2022-12-11 00:07:57,0.3344,0.322,0.336,False
ingv,ECPN,vec,stack,2022-12-11 02:51:31,0.3226,0.322,0.336,False
ingv,ECPN,vec,stack,2022-12-11 09:39:07,0.3298,0.322,0.336,False
ingv,ECPN,vec,stack,2022-12-11 12:32:41,0.3448,0.322,0.336,True
ingv,ECPN,vec,stack,2022-12-13 07:50:51,0.3544,0.322,0.336,True
ingv,ECPN,vec,stack,2022-12-13 19:26:54,0.3346,0.322,0.336,False
ingv,ECPN,vec,stack,2022-12-14 02:35:41,0.3239,0.322,0.336,False
ingv,ECPN,vec,stack,2022-12-15 12:23:45,0.3407,0.322,0.336,True
ingv,ECPN,vec,stack,2022-12-15 19:24:36,0.3227,0.322,0.336,False
ingv,ECPN,vec,stack,2022-12-18 10:57:15,0.3397,0.322,0.336,True
ingv,ECPN,vec,stack,2022-12-18 12:37:03,0.3447,0.322,0.336,True
ingv,ECPN,vec,stack,2022-12-19 04:59:58,0.3284,0.322,0.336,False
ingv,ECPN,vec,stack,2022-12-21 02:21:41,0.3334,0.322,0.336,False
ingv,ECPN,vec,stack,2022-12-22 20:32:48,0.3615,0.322,0.336,True
ingv,ECPN,vec,stack,2022-12-23 11:46:44,0.3486,0.322,0.336,True
ingv,ECPN,vec,stack,2022-12-24 11:52:05,0.3285,0.322,0.336,False
ingv,ECPN,vec,stack,2022-12-24 18:49:25,0.3267,0.322,0.336,False
ingv,ECPN,vec,stack,2022-12-25 14:45:50,0.3232,0.322,0.336,False
ingv,ECPN,vec,stack,2022-12-25 22:40:41,0.3254,0.322,0.336,False
ingv,ECPN,vec,stack,2022-12-26 00:30:45,0.3288,0.322,0.336,False
ingv,ECPN,vec,stack,2022-12-26 10:17:21,0.3527,0.322,0.336,True
ingv,ECPN,vec,stack,2022-12-26 17:58:20,0.3235,0.322,0.336,False
ingv,ECPN,vec,stack,2022-12-27 07:59:56,0.3306,0.322,0.336,False
ingv,ECPN,vec,stack,2022-12-27 11:44:59,0.3786,0.322,0.336,True
ingv,ECPN,vec,stack,2022-12-27 20:57:12,0.3445,0.322,0.336,True
ingv,ECPN,vec,stack,2022-12-28 03:25:14,0.3381,0.322,0.336,True
ingv,ECPN,vec,stack,2022-12-29 13:51:34,0.3685,0.322,0.336,True
ingv,ECPN,vec,stack,2022-12-30 09:30:34,0.3235,0.322,0.336,False
ingv,ECPN,vec,stack,2022-12-30 15:28:29,0.3259,0.322,0.336,False
ingv,ECPN,vec,stack,2022-12-30 19:34:48,0.33,0.322,0.336,False
ingv,ECPN,vec,stack,2022-12-31 11:04:24,0.3741,0.322,0.336,True
ingv,ECPN,vec,stack,2022-12-31 22:18:05,0.3292,0.322,0.336,False
ingv,ECPN,vec,stack,2023-01-01 23:54:06,0.3248,0.322,0.336,False
ingv,ECPN,vec,stack,2023-01-02 01:30:26,0.3242,0.322,0.336,False
ingv,ECPN,vec,stack,2023-01-02 06:04:57,0.3396,0.322,0.336,True
ingv,ECPN,vec,stack,2023-01-02 14:27:09,0.3404,0.322,0.336,True
ingv,ECPN,vec,stack,2023-01-04 01:56:36,0.3398,0.322,0.336,True
ingv,ECPN,vec,stack,2023-01-04 06:49:51,0.3339,0.322,0.336,False
ingv,ECPN,vec,stack,2023-01-04 11:56:19,0.3466,0.322,0.336,True
ingv,ECPN,vec,stack,2023-01-04 15:24:01,0.3261,0.322,0.336,False
ingv,ECPN,vec,stack,2023-01-05 02:35:30,0.3254,0.322,0.336,False
ingv,ECPN,vec,stack,2023-01-06 23:06:23,0.3475,0.322,0.336,True
ingv,ECPN,vec,stack,2023-01-10 10:22:56,0.345,0.322,0.336,True
ingv,ECPN,vec,stack,2023-01-10 13:11:37,0.3989,0.322,0.336,True
ingv,ECPN,vec,stack,2023-01-10 15:37:56,0.3705,0.322,0.336,True
ingv,ECPN,vec,stack,2023-01-10 17:36:50,0.3414,0.322,0.336,True
ingv,ECPN,vec,stack,2023-01-10 19:59:19,0.3271,0.322,0.336,False
ingv,ECPN,vec,stack,2023-01-10 21:05:05,0.3289,0.322,0.336,False
ingv,ECPN,vec,stack,2023-01-12 19:18:57,0.3382,0.322,0.336,True
ingv,ECPN,vec,stack,2023-01-13 14:57:19,0.3481,0.322,0.336,True
ingv,ECPN,vec,stack,2023-01-13 19:45:07,0.3617,0.322,0.336,True
ingv,ECPN,vec,stack,2023-01-15 05:19:54,0.3295,0.322,0.336,False
ingv,ECPN,vec,stack,2023-01-16 13:04:46,0.3233,0.322,0.336,False
ingv,ECPN,vec,stack,2023-01-19 10:45:05,0.3322,0.322,0.336,False
ingv,ECPN,vec,stack,2023-01-19 18:27:29,0.3305,0.322,0.336,False
ingv,ECPN,vec,stack,2023-01-20 17:51:53,0.324,0.322,0.336,False
ingv,ECPN,vec,stack,2023-01-21 13:14:05,0.3699,0.322,0.336,True
ingv,ECPN,vec,stack,2023-01-21 14:44:06,0.3333,0.322,0.336,False
ingv,ECPN,vec,stack,2023-01-24 06:09:01,0.3244,0.322,0.336,False
ingv,ECPN,vec,stack,2023-01-27 10:42:10,0.3463,0.322,0.336,True
ingv,ECPN,vec,stack,2023-02-01 14:28:37,0.3225,0.322,0.336,False
ingv,ECPN,vec,stack,2023-02-02 09:59:52,0.3392,0.322,0.336,True
ingv,ECPN,vec,stack,2023-02-02 19:43:12,0.3549,0.322,0.336,True
ingv,ECPN,vec,stack,2023-02-04 00:03:31,0.3612,0.322,0.336,True
ingv,ECPN,vec,stack,2023-02-04 07:13:37,0.3699,0.322,0.336,True
ingv,ECPN,vec,stack,2023-02-04 15:49:13,0.3258,0.322,0.336,False
ingv,ECPN,vec,stack,2023-02-06 23:48:07,0.3254,0.322,0.336,False
ingv,ECPN,vec,stack,2023-02-08 07:02:15,0.3272,0.322,0.336,False
ingv,ECPN,vec,stack,2023-02-08 09:56:04,0.3318,0.322,0.336,False
ingv,ECPN,vec,stack,2023-02-08 18:29:05,0.3289,0.322,0.336,False
ingv,ECPN,vec,stack,2023-02-08 23:05:51,0.3254,0.322,0.336,False
ingv,ECPN,vec,stack,2023-02-09 01:20:09,0.3278,0.322,0.336,False
ingv,ECPN,vec,stack,2023-02-10 18:49:27,0.3643,0.322,0.336,True
ingv,ECPN,vec,stack,2023-02-11 18:52:46,0.331,0.322,0.336,False
ingv,ECPN,vec,stack,2023-02-12 19:14:25,0.3304,0.322,0.336,False
ingv,ECPN,vec,stack,2023-02-13 06:08:58,0.3409,0.322,0.336,True
ingv,ECPN,vec,stack,2023-02-13 13:21:22,0.3242,0.322,0.336,False
ingv,ECPN,vec,stack,2023-02-14 17:12:51,0.3308,0.322,0.336,False
ingv,ECPN,vec,stack,2023-02-15 21:55:14,0.3395,0.322,0.336,True
ingv,ECPN,vec,stack,2023-02-19 12:18:01,0.3545,0.322,0.336,True
ingv,ECPN,vec,stack,2023-02-19 14:02:55,0.3225,0.322,0.336,False
ingv,ECPN,vec,stack,2023-02-19 21:20:02,0.3303,0.322,0.336,False
ingv,ECPN,vec,stack,2023-02-21 03:36:15,0.3266,0.322,0.336,False
ingv,ECPN,vec,stack,2023-02-21 12:36:36,0.3309,0.322,0.336,False
ingv,EEC1,vec,max,2022-11-16 04:09:31,0.4879,0.445,0.477,True
ingv,EEC1,vec,max,2022-11-16 08:55:41,0.4878,0.445,0.477,True
ingv,EEC1,vec,max,2022-11-17 19:17:50,0.4836,0.445,0.477,True
ingv,EEC1,vec,max,2022-11-19 11:07:39,0.4941,0.445,0.477,True
ingv,EEC1,vec,max,2022-11-20 19:28:45,0.4739,0.445,0.477,False
ingv,EEC1,vec,max,2022-11-24 18:31:39,0.4768,0.445,0.477,False
ingv,EEC1,vec,max,2022-11-25 04:04:05,0.4623,0.445,0.477,False
ingv,EEC1,vec,max,2022-11-28 07:01:22,0.4529,0.445,0.477,False
ingv,EEC1,vec,max,2022-11-28 18:09:43,0.457,0.445,0.477,False
ingv,EEC1,vec,max,2022-11-30 02:35:16,0.4685,0.445,0.477,False
ingv,EEC1,vec,max,2022-12-07 12:37:09,0.4484,0.445,0.477,False
ingv,EEC1,vec,max,2022-12-09 17:27:49,0.4464,0.445,0.477,False
ingv,EEC1,vec,max,2022-12-12 13:13:06,0.5444,0.445,0.477,True
ingv,EEC1,vec,max,2022-12-12 14:13:51,0.5034,0.445,0.477,True
ingv,EEC1,vec,max,2022-12-13 18:04:54,0.4537,0.445,0.477,False
ingv,EEC1,vec,max,2022-12-18 04:59:48,0.4814,0.445,0.477,True
ingv,EEC1,vec,max,2022-12-20 06:40:44,0.4468,0.445,0.477,False
ingv,EEC1,vec,max,2022-12-20 23:46:38,0.4682,0.445,0.477,False
ingv,EEC1,vec,max,2022-12-21 03:30:21,0.4692,0.445,0.477,False
ingv,EEC1,vec,max,2022-12-23 22:13:43,0.5128,0.445,0.477,True
ingv,EEC1,vec,max,2022-12-24 14:02:29,0.4681,0.445,0.477,False
ingv,EEC1,vec,max,2022-12-27 19:05:00,0.4591,0.445,0.477,False
ingv,EEC1,vec,max,2022-12-28 13:30:24,0.4489,0.445,0.477,False
ingv,EEC1,vec,max,2022-12-30 18:33:51,0.467,0.445,0.477,False
ingv,EEC1,vec,max,2022-12-31 09:42:58,0.4954,0.445,0.477,True
ingv,EEC1,vec,max,2022-12-31 22:25:58,0.4646,0.445,0.477,False
ingv,EEC1,vec,max,2023-01-02 05:00:52,0.4617,0.445,0.477,False
ingv,EEC1,vec,max,2023-01-06 01:15:23,0.4722,0.445,0.477,False
ingv,EEC1,vec,max,2023-01-06 19:50:10,0.4941,0.445,0.477,True
ingv,EEC1,vec,max,2023-01-13 06:45:53,0.4656,0.445,0.477,False
ingv,EEC1,vec,max,2023-01-14 22:14:44,0.4514,0.445,0.477,False
ingv,EEC1,vec,max,2023-01-23 15:12:32,0.4652,0.445,0.477,False
ingv,EEC1,vec,max,2023-01-25 06:50:01,0.4651,0.445,0.477,False
ingv,EEC1,vec,max,2023-01-26 19:53:33,0.457,0.445,0.477,False
ingv,EEC1,vec,max,2023-01-28 00:53:36,0.4883,0.445,0.477,True
ingv,EEC1,vec,max,2023-01-29 04:26:41,0.5102,0.445,0.477,True
ingv,EEC1,vec,max,2023-01-29 15:19:17,0.4502,0.445,0.477,False
ingv,EEC1,vec,max,2023-02-01 13:20:22,0.4577,0.445,0.477,False
ingv,EEC1,vec,max,2023-02-04 10:11:53,0.49,0.445,0.477,True
ingv,EEC1,vec,max,2023-02-04 19:04:05,0.4659,0.445,0.477,False
ingv,EEC1,vec,max,2023-02-05 11:24:08,0.4459,0.445,0.477,False
ingv,EEC1,vec,max,2023-02-12 12:28:49,0.4988,0.445,0.477,True
ingv,EEC1,vec,stack,2022-11-15 04:46:44,0.2667,0.262,0.275,False
ingv,EEC1,vec,stack,2022-11-15 06:07:03,0.2855,0.262,0.275,True
ingv,EEC1,vec,stack,2022-11-15 07:39:25,0.2919,0.262,0.275,True
ingv,EEC1,vec,stack,2022-11-15 11:18:58,0.2752,0.262,0.275,True
ingv,EEC1,vec,stack,2022-11-15 13:40:42,0.2624,0.262,0.275,False
ingv,EEC1,vec,stack,2022-11-15 18:53:43,0.2782,0.262,0.275,True
ingv,EEC1,vec,stack,2022-11-16 04:09:48,0.3087,0.262,0.275,True
ingv,EEC1,vec,stack,2022-11-16 08:55:20,0.3055,0.262,0.275,True
ingv,EEC1,vec,stack,2022-11-16 11:12:12,0.2645,0.262,0.275,False
ingv,EEC1,vec,stack,2022-11-16 18:17:52,0.3007,0.262,0.275,True
ingv,EEC1,vec,stack,2022-11-16 20:11:59,0.2815,0.262,0.275,True
ingv,EEC1,vec,stack,2022-11-17 19:17:47,0.3454,0.262,0.275,True
ingv,EEC1,vec,stack,2022-11-17 21:09:27,0.2716,0.262,0.275,False
ingv,EEC1,vec,stack,2022-11-18 04:13:45,0.2805,0.262,0.275,True
ingv,EEC1,vec,stack,2022-11-19 06:15:37,0.2656,0.262,0.275,False
ingv,EEC1,vec,stack,2022-11-19 07:17:03,0.3018,0.262,0.275,True
ingv,EEC1,vec,stack,2022-11-19 11:34:44,0.3117,0.262,0.275,True
ingv,EEC1,vec,stack,2022-11-19 12:51:16,0.2669,0.262,0.275,False
ingv,EEC1,vec,stack,2022-11-19 17:58:00,0.2734,0.262,0.275,False
ingv,EEC1,vec,stack,2022-11-19 20:21:04,0.2664,0.262,0.275,False
ingv,EEC1,vec,stack,2022-11-19 23:54:42,0.2728,0.262,0.275,False
ingv,EEC1,vec,stack,2022-11-20 02:43:36,0.2676,0.262,0.275,False
ingv,EEC1,vec,stack,2022-11-20 14:30:37,0.2689,0.262,0.275,False
ingv,EEC1,vec,stack,2022-11-20 19:28:29,0.2922,0.262,0.275,True
ingv,EEC1,vec,stack,2022-11-21 12:39:00,0.2728,0.262,0.275,False
ingv,EEC1,vec,stack,2022-11-23 17:01:58,0.2755,0.262,0.275,True
ingv,EEC1,vec,stack,2022-11-24 05:05:08,0.2854,0.262,0.275,True
ingv,EEC1,vec,stack,2022-11-24 06:56:06,0.2628,0.262,0.275,False
ingv,EEC1,vec,stack,2022-11-24 09:03:39,0.2682,0.262,0.275,False
ingv,EEC1,vec,stack,2022-11-24 15:14:10,0.2841,0.262,0.275,True
ingv,EEC1,vec,stack,2022-11-24 16:41:54,0.2664,0.262,0.275,False
ingv,EEC1,vec,stack,2022-11-25 07:03:33,0.2722,0.262,0.275,False
ingv,EEC1,vec,stack,2022-11-25 23:52:36,0.2797,0.262,0.275,True
ingv,EEC1,vec,stack,2022-11-26 11:15:15,0.2777,0.262,0.275,True
ingv,EEC1,vec,stack,2022-11-26 16:48:49,0.2722,0.262,0.275,False
ingv,EEC1,vec,stack,2022-11-26 21:43:20,0.2668,0.262,0.275,False
ingv,EEC1,vec,stack,2022-11-27 05:46:27,0.275,0.262,0.275,False
ingv,EEC1,vec,stack,2022-11-27 09:41:26,0.2767,0.262,0.275,True
ingv,EEC1,vec,stack,2022-11-27 20:02:03,0.2856,0.262,0.275,True
ingv,EEC1,vec,stack,2022-11-27 22:20:13,0.2723,0.262,0.275,False
ingv,EEC1,vec,stack,2022-11-28 07:20:52,0.2722,0.262,0.275,False
ingv,EEC1,vec,stack,2022-11-28 10:05:32,0.2966,0.262,0.275,True
ingv,EEC1,vec,stack,2022-11-29 05:42:18,0.274,0.262,0.275,False
ingv,EEC1,vec,stack,2022-11-29 11:06:44,0.283,0.262,0.275,True
ingv,EEC1,vec,stack,2022-11-29 18:07:47,0.2828,0.262,0.275,True
ingv,EEC1,vec,stack,2022-11-30 02:38:47,0.2808,0.262,0.275,True
ingv,EEC1,vec,stack,2022-11-30 04:28:53,0.2661,0.262,0.275,False
ingv,EEC1,vec,stack,2022-11-30 05:43:27,0.2819,0.262,0.275,True
ingv,EEC1,vec,stack,2022-11-30 12:58:56,0.2656,0.262,0.275,False
ingv,EEC1,vec,stack,2022-12-01 00:32:52,0.2717,0.262,0.275,False
ingv,EEC1,vec,stack,2022-12-01 02:43:35,0.2738,0.262,0.275,False
ingv,EEC1,vec,stack,2022-12-01 04:49:19,0.2728,0.262,0.275,False
ingv,EEC1,vec,stack,2022-12-01 12:43:35,0.2669,0.262,0.275,False
ingv,EEC1,vec,stack,2022-12-01 18:09:16,0.274,0.262,0.275,False
ingv,EEC1,vec,stack,2022-12-01 20:17:16,0.2714,0.262,0.275,False
ingv,EEC1,vec,stack,2022-12-02 21:46:07,0.3013,0.262,0.275,True
ingv,EEC1,vec,stack,2022-12-02 23:11:34,0.2808,0.262,0.275,True
ingv,EEC1,vec,stack,2022-12-03 21:51:49,0.2741,0.262,0.275,False
ingv,EEC1,vec,stack,2022-12-04 04:35:45,0.2843,0.262,0.275,True
ingv,EEC1,vec,stack,2022-12-04 13:59:34,0.2947,0.262,0.275,True
ingv,EEC1,vec,stack,2022-12-05 02:01:05,0.2661,0.262,0.275,False
ingv,EEC1,vec,stack,2022-12-05 14:07:18,0.2758,0.262,0.275,True
ingv,EEC1,vec,stack,2022-12-06 02:05:10,0.2644,0.262,0.275,False
ingv,EEC1,vec,stack,2022-12-06 13:54:38,0.2821,0.262,0.275,True
ingv,EEC1,vec,stack,2022-12-07 02:33:44,0.2691,0.262,0.275,False
ingv,EEC1,vec,stack,2022-12-07 06:06:57,0.2796,0.262,0.275,True
ingv,EEC1,vec,stack,2022-12-07 12:47:42,0.2831,0.262,0.275,True
ingv,EEC1,vec,stack,2022-12-07 14:28:49,0.2982,0.262,0.275,True
ingv,EEC1,vec,stack,2022-12-09 09:08:08,0.265,0.262,0.275,False
ingv,EEC1,vec,stack,2022-12-09 17:23:39,0.3013,0.262,0.275,True
ingv,EEC1,vec,stack,2022-12-10 04:38:23,0.3134,0.262,0.275,True
ingv,EEC1,vec,stack,2022-12-10 12:27:56,0.2881,0.262,0.275,True
ingv,EEC1,vec,stack,2022-12-10 15:51:57,0.2765,0.262,0.275,True
ingv,EEC1,vec,stack,2022-12-10 22:44:04,0.2659,0.262,0.275,False
ingv,EEC1,vec,stack,2022-12-11 10:33:45,0.2648,0.262,0.275,False
ingv,EEC1,vec,stack,2022-12-11 12:13:14,0.2695,0.262,0.275,False
ingv,EEC1,vec,stack,2022-12-11 22:32:40,0.2716,0.262,0.275,False
ingv,EEC1,vec,stack,2022-12-12 06:32:50,0.2786,0.262,0.275,True
ingv,EEC1,vec,stack,2022-12-12 09:37:26,0.2678,0.262,0.275,False
ingv,EEC1,vec,stack,2022-12-12 10:57:18,0.2686,0.262,0.275,False
ingv,EEC1,vec,stack,2022-12-12 13:39:21,0.3352,0.262,0.275,True
ingv,EEC1,vec,stack,2022-12-12 15:37:31,0.2777,0.262,0.275,True
ingv,EEC1,vec,stack,2022-12-13 03:24:44,0.2658,0.262,0.275,False
ingv,EEC1,vec,stack,2022-12-13 06:21:16,0.2657,0.262,0.275,False
ingv,EEC1,vec,stack,2022-12-13 17:02:30,0.2906,0.262,0.275,True
ingv,EEC1,vec,stack,2022-12-13 22:34:24,0.2773,0.262,0.275,True
ingv,EEC1,vec,stack,2022-12-14 11:59:46,0.2947,0.262,0.275,True
ingv,EEC1,vec,stack,2022-12-14 16:43:44,0.3331,0.262,0.275,True
ingv,EEC1,vec,stack,2022-12-15 10:52:59,0.2625,0.262,0.275,False
ingv,EEC1,vec,stack,2022-12-15 19:42:38,0.2665,0.262,0.275,False
ingv,EEC1,vec,stack,2022-12-16 03:22:35,0.2904,0.262,0.275,True
ingv,EEC1,vec,stack,2022-12-16 06:45:16,0.2661,0.262,0.275,False
ingv,EEC1,vec,stack,2022-12-16 09:31:02,0.2668,0.262,0.275,False
ingv,EEC1,vec,stack,2022-12-16 13:04:58,0.2689,0.262,0.275,False
ingv,EEC1,vec,stack,2022-12-17 08:30:50,0.2772,0.262,0.275,True
ingv,EEC1,vec,stack,2022-12-17 12:26:00,0.2642,0.262,0.275,False
ingv,EEC1,vec,stack,2022-12-18 05:05:52,0.2679,0.262,0.275,False
ingv,EEC1,vec,stack,2022-12-18 15:09:07,0.2806,0.262,0.275,True
ingv,EEC1,vec,stack,2022-12-18 17:40:15,0.2716,0.262,0.275,False
ingv,EEC1,vec,stack,2022-12-19 05:51:37,0.2791,0.262,0.275,True
ingv,EEC1,vec,stack,2022-12-19 06:56:51,0.2736,0.262,0.275,False
ingv,EEC1,vec,stack,2022-12-20 20:52:15,0.2902,0.262,0.275,True
ingv,EEC1,vec,stack,2022-12-21 18:00:11,0.2778,0.262,0.275,True
ingv,EEC1,vec,stack,2022-12-21 21:54:18,0.2747,0.262,0.275,False
ingv,EEC1,vec,stack,2022-12-22 17:06:49,0.2691,0.262,0.275,False
ingv,EEC1,vec,stack,2022-12-23 01:12:10,0.2715,0.262,0.275,False
ingv,EEC1,vec,stack,2022-12-24 14:02:17,0.3302,0.262,0.275,True
ingv,EEC1,vec,stack,2022-12-24 16:07:25,0.2891,0.262,0.275,True
ingv,EEC1,vec,stack,2022-12-24 20:54:50,0.2675,0.262,0.275,False
ingv,EEC1,vec,stack,2022-12-24 21:52:17,0.2729,0.262,0.275,False
ingv,EEC1,vec,stack,2022-12-25 11:47:11,0.2635,0.262,0.275,False
ingv,EEC1,vec,stack,2022-12-25 12:59:20,0.2728,0.262,0.275,False
ingv,EEC1,vec,stack,2022-12-26 04:15:03,0.2733,0.262,0.275,False
ingv,EEC1,vec,stack,2022-12-26 15:20:26,0.268,0.262,0.275,False
ingv,EEC1,vec,stack,2022-12-26 22:31:40,0.2823,0.262,0.275,True
ingv,EEC1,vec,stack,2022-12-27 04:52:47,0.2857,0.262,0.275,True
ingv,EEC1,vec,stack,2022-12-27 08:17:59,0.2851,0.262,0.275,True
ingv,EEC1,vec,stack,2022-12-27 11:50:43,0.2697,0.262,0.275,False
ingv,EEC1,vec,stack,2022-12-27 18:22:15,0.3099,0.262,0.275,True
ingv,EEC1,vec,stack,2022-12-27 19:30:46,0.2746,0.262,0.275,False
ingv,EEC1,vec,stack,2022-12-28 03:30:46,0.2701,0.262,0.275,False
ingv,EEC1,vec,stack,2022-12-28 08:17:25,0.2675,0.262,0.275,False
ingv,EEC1,vec,stack,2022-12-28 13:34:01,0.2748,0.262,0.275,False
ingv,EEC1,vec,stack,2022-12-29 00:58:22,0.2641,0.262,0.275,False
ingv,EEC1,vec,stack,2022-12-29 03:34:03,0.2623,0.262,0.275,False
ingv,EEC1,vec,stack,2022-12-30 18:06:51,0.291,0.262,0.275,True
ingv,EEC1,vec,stack,2022-12-31 09:02:14,0.315,0.262,0.275,True
ingv,EEC1,vec,stack,2022-12-31 22:32:59,0.3159,0.262,0.275,True
ingv,EEC1,vec,stack,2023-01-01 02:11:52,0.3028,0.262,0.275,True
ingv,EEC1,vec,stack,2023-01-01 04:04:47,0.2798,0.262,0.275,True
ingv,EEC1,vec,stack,2023-01-01 12:19:36,0.2679,0.262,0.275,False
ingv,EEC1,vec,stack,2023-01-02 05:00:52,0.2792,0.262,0.275,True
ingv,EEC1,vec,stack,2023-01-02 08:41:37,0.263,0.262,0.275,False
ingv,EEC1,vec,stack,2023-01-02 13:22:55,0.2629,0.262,0.275,False
ingv,EEC1,vec,stack,2023-01-03 00:22:09,0.2999,0.262,0.275,True
ingv,EEC1,vec,stack,2023-01-03 01:18:50,0.2624,0.262,0.275,False
ingv,EEC1,vec,stack,2023-01-03 05:55:32,0.2728,0.262,0.275,False
ingv,EEC1,vec,stack,2023-01-04 06:22:56,0.2842,0.262,0.275,True
ingv,EEC1,vec,stack,2023-01-04 16:10:11,0.2733,0.262,0.275,False
ingv,EEC1,vec,stack,2023-01-04 19:41:05,0.2813,0.262,0.275,True
ingv,EEC1,vec,stack,2023-01-04 22:37:41,0.2776,0.262,0.275,True
ingv,EEC1,vec,stack,2023-01-05 11:50:52,0.2736,0.262,0.275,False
ingv,EEC1,vec,stack,2023-01-06 01:15:25,0.2877,0.262,0.275,True
ingv,EEC1,vec,stack,2023-01-06 19:49:58,0.2654,0.262,0.275,False
ingv,EEC1,vec,stack,2023-01-06 21:21:04,0.2626,0.262,0.275,False
ingv,EEC1,vec,stack,2023-01-07 03:37:32,0.2778,0.262,0.275,True
ingv,EEC1,vec,stack,2023-01-07 08:31:52,0.2695,0.262,0.275,False
ingv,EEC1,vec,stack,2023-01-07 18:18:42,0.286,0.262,0.275,True
ingv,EEC1,vec,stack,2023-01-07 23:16:26,0.2868,0.262,0.275,True
ingv,EEC1,vec,stack,2023-01-10 23:23:19,0.2701,0.262,0.275,False
ingv,EEC1,vec,stack,2023-01-11 14:47:20,0.2652,0.262,0.275,False
ingv,EEC1,vec,stack,2023-01-11 23:53:52,0.3064,0.262,0.275,True
ingv,EEC1,vec,stack,2023-01-13 04:52:36,0.2705,0.262,0.275,False
ingv,EEC1,vec,stack,2023-01-13 07:07:10,0.3159,0.262,0.275,True
ingv,EEC1,vec,stack,2023-01-13 12:14:05,0.2675,0.262,0.275,False
ingv,EEC1,vec,stack,2023-01-13 17:03:56,0.2657,0.262,0.275,False
ingv,EEC1,vec,stack,2023-01-14 03:27:57,0.2766,0.262,0.275,True
ingv,EEC1,vec,stack,2023-01-14 07:03:04,0.2646,0.262,0.275,False
ingv,EEC1,vec,stack,2023-01-14 10:29:34,0.2633,0.262,0.275,False
ingv,EEC1,vec,stack,2023-01-14 17:35:31,0.2656,0.262,0.275,False
ingv,EEC1,vec,stack,2023-01-14 20:25:03,0.265,0.262,0.275,False
ingv,EEC1,vec,stack,2023-01-14 22:14:39,0.268,0.262,0.275,False
ingv,EEC1,vec,stack,2023-01-15 19:12:46,0.274,0.262,0.275,False
ingv,EEC1,vec,stack,2023-01-16 17:45:38,0.2908,0.262,0.275,True
ingv,EEC1,vec,stack,2023-01-17 01:54:03,0.2683,0.262,0.275,False
ingv,EEC1,vec,stack,2023-01-19 04:58:37,0.282,0.262,0.275,True
ingv,EEC1,vec,stack,2023-01-19 09:34:47,0.267,0.262,0.275,False
ingv,EEC1,vec,stack,2023-01-19 15:26:09,0.2851,0.262,0.275,True
ingv,EEC1,vec,stack,2023-01-19 20:12:43,0.272,0.262,0.275,False
ingv,EEC1,vec,stack,2023-01-19 23:25:19,0.2635,0.262,0.275,False
ingv,EEC1,vec,stack,2023-01-20 08:47:13,0.2723,0.262,0.275,False
ingv,EEC1,vec,stack,2023-01-21 06:12:46,0.2693,0.262,0.275,False
ingv,EEC1,vec,stack,2023-01-21 13:36:15,0.2677,0.262,0.275,False
ingv,EEC1,vec,stack,2023-01-22 10:34:39,0.2752,0.262,0.275,True
ingv,EEC1,vec,stack,2023-01-22 16:50:01,0.2665,0.262,0.275,False
ingv,EEC1,vec,stack,2023-01-23 12:04:09,0.2682,0.262,0.275,False
ingv,EEC1,vec,stack,2023-01-23 15:23:02,0.291,0.262,0.275,True
ingv,EEC1,vec,stack,2023-01-23 21:08:55,0.2641,0.262,0.275,False
ingv,EEC1,vec,stack,2023-01-24 12:22:17,0.2939,0.262,0.275,True
ingv,EEC1,vec,stack,2023-01-24 14:55:42,0.2899,0.262,0.275,True
ingv,EEC1,vec,stack,2023-01-26 09:29:15,0.2857,0.262,0.275,True
ingv,EEC1,vec,stack,2023-01-26 23:11:14,0.2723,0.262,0.275,False
ingv,EEC1,vec,stack,2023-01-27 14:03:54,0.2812,0.262,0.275,True
ingv,EEC1,vec,stack,2023-01-28 01:19:59,0.2819,0.262,0.275,True
ingv,EEC1,vec,stack,2023-01-28 03:30:34,0.2701,0.262,0.275,False
ingv,EEC1,vec,stack,2023-01-28 05:28:39,0.2815,0.262,0.275,True
ingv,EEC1,vec,stack,2023-01-28 21:58:10,0.2761,0.262,0.275,True
ingv,EEC1,vec,stack,2023-01-29 05:02:12,0.2783,0.262,0.275,True
ingv,EEC1,vec,stack,2023-01-29 21:39:28,0.2623,0.262,0.275,False
ingv,EEC1,vec,stack,2023-01-30 04:09:08,0.2886,0.262,0.275,True
ingv,EEC1,vec,stack,2023-01-30 11:35:41,0.2933,0.262,0.275,True
ingv,EEC1,vec,stack,2023-01-30 22:19:45,0.2755,0.262,0.275,True
ingv,EEC1,vec,stack,2023-01-31 16:26:59,0.3109,0.262,0.275,True
ingv,EEC1,vec,stack,2023-01-31 23:00:21,0.288,0.262,0.275,True
ingv,EEC1,vec,stack,2023-02-01 13:20:26,0.2629,0.262,0.275,False
ingv,EEC1,vec,stack,2023-02-03 12:33:16,0.2687,0.262,0.275,False
ingv,EEC1,vec,stack,2023-02-03 18:22:48,0.2731,0.262,0.275,False
ingv,EEC1,vec,stack,2023-02-04 10:19:18,0.3143,0.262,0.275,True
ingv,EEC1,vec,stack,2023-02-04 20:35:50,0.2715,0.262,0.275,False
ingv,EEC1,vec,stack,2023-02-05 11:35:25,0.2729,0.262,0.275,False
ingv,EEC1,vec,stack,2023-02-07 08:25:24,0.2705,0.262,0.275,False
ingv,EEC1,vec,stack,2023-02-07 23:56:01,0.2926,0.262,0.275,True
ingv,EEC1,vec,stack,2023-02-08 13:41:02,0.2743,0.262,0.275,False
ingv,EEC1,vec,stack,2023-02-08 18:03:56,0.2631,0.262,0.275,False
ingv,EEC1,vec,stack,2023-02-09 04:01:21,0.2796,0.262,0.275,True
ingv,EEC1,vec,stack,2023-02-09 09:20:56,0.2712,0.262,0.275,False
ingv,EEC1,vec,stack,2023-02-10 01:38:04,0.267,0.262,0.275,False
ingv,EEC1,vec,stack,2023-02-10 14:40:00,0.2808,0.262,0.275,True
ingv,EEC1,vec,stack,2023-02-11 21:14:30,0.2717,0.262,0.275,False
ingv,EEC1,vec,stack,2023-02-12 07:27:26,0.2963,0.262,0.275,True
ingv,EEC1,vec,stack,2023-02-12 10:30:08,0.2767,0.262,0.275,True
ingv,EEC1,vec,stack,2023-02-12 12:12:46,0.295,0.262,0.275,True
ingv,EEC1,vec,stack,2023-02-12 16:50:52,0.2692,0.262,0.275,False
ingv,EEC1,vec,stack,2023-02-12 19:02:44,0.2802,0.262,0.275,True
ingv,EEC1,vec,stack,2023-02-12 22:00:49,0.2871,0.262,0.275,True
experiment,EC1,vec,max,2023-07-24 16:24:34,0.4913,0.442,0.461,True
experiment,EC1,vec,max,2023-07-26 10:12:43,0.4505,0.442,0.461,False
experiment,EC1,vec,max,2023-07-27 10:44:19,0.6275,0.442,0.461,True
experiment,EC1,vec,max,2023-07-27 12:08:49,0.6107,0.442,0.461,True
experiment,EC1,vec,max,2023-07-27 13:22:24,0.5993,0.442,0.461,True
experiment,EC1,vec,max,2023-07-27 14:25:44,0.4708,0.442,0.461,True
experiment,EC1,vec,max,2023-07-28 01:43:39,0.4424,0.442,0.461,False
experiment,EC1,vec,max,2023-07-28 13:51:21,0.4627,0.442,0.461,True
experiment,EC1,vec,max,2023-07-29 07:25:23,0.4917,0.442,0.461,True
experiment,EC1,vec,max,2023-07-30 12:25:50,0.4517,0.442,0.461,False
experiment,EC1,vec,max,2023-07-31 14:46:16,0.4437,0.442,0.461,False
experiment,EC1,vec,max,2023-07-31 19:39:53,0.4621,0.442,0.461,True
experiment,EC1,vec,max,2023-08-01 01:15:31,0.5279,0.442,0.461,True
experiment,EC1,vec,max,2023-08-01 08:31:52,0.4628,0.442,0.461,True
experiment,EC1,vec,stack,2023-07-27 10:50:14,0.3534,0.302,0.311,True
experiment,EC1,vec,stack,2023-07-27 12:08:44,0.3517,0.302,0.311,True
experiment,EC1,vec,stack,2023-07-27 13:08:03,0.3064,0.302,0.311,False
experiment,EC1,vec,stack,2023-07-28 13:45:12,0.3156,0.302,0.311,True
experiment,EC1,vec,stack,2023-07-29 08:07:31,0.314,0.302,0.311,True
experiment,EC1,vec,stack,2023-07-30 06:24:56,0.3166,0.302,0.311,True
experiment,EC1,vec,stack,2023-07-31 20:40:23,0.3114,0.302,0.311,True
experiment,EC1,vec,stack,2023-08-01 01:15:58,0.3341,0.302,0.311,True
experiment,EC1,vec,stack,2023-08-01 08:11:14,0.3063,0.302,0.311,False
experiment,EC10,vec,max,2023-07-29 06:40:07,0.4558,0.438,0.453,True
experiment,EC10,vec,max,2023-07-29 08:14:58,0.4496,0.438,0.453,False
experiment,EC10,vec,max,2023-07-29 09:28:14,0.5235,0.438,0.453,True
experiment,EC10,vec,max,2023-07-29 13:02:34,0.4512,0.438,0.453,False
experiment,EC10,vec,max,2023-07-29 17:35:24,0.4993,0.438,0.453,True
experiment,EC10,vec,max,2023-07-29 20:42:12,0.459,0.438,0.453,True
experiment,EC10,vec,max,2023-07-30 04:02:26,0.4623,0.438,0.453,True
experiment,EC10,vec,max,2023-07-30 08:49:27,0.452,0.438,0.453,False
experiment,EC10,vec,max,2023-07-31 02:19:14,0.4632,0.438,0.453,True
experiment,EC10,vec,max,2023-07-31 12:56:15,0.4864,0.438,0.453,True
experiment,EC10,vec,max,2023-07-31 23:11:49,0.4643,0.438,0.453,True
experiment,EC10,vec,max,2023-08-02 07:53:50,0.4958,0.438,0.453,True
experiment,EC10,vec,stack,2023-07-29 08:38:37,0.307,0.299,0.31,False
experiment,EC10,vec,stack,2023-07-31 02:24:35,0.3077,0.299,0.31,False
experiment,ECIT,vec,max,2023-07-25 03:08:55,0.5847,0.467,0.494,True
experiment,ECIT,vec,max,2023-07-25 13:44:29,0.4888,0.467,0.494,False
experiment,ECIT,vec,max,2023-07-25 14:50:30,0.4782,0.467,0.494,False
experiment,ECIT,vec,max,2023-07-26 05:52:58,0.4879,0.467,0.494,False
experiment,ECIT,vec,max,2023-07-28 03:41:01,0.4737,0.467,0.494,False
experiment,ECIT,vec,max,2023-07-28 14:52:54,0.5057,0.467,0.494,True
experiment,ECIT,vec,max,2023-07-29 16:29:37,0.4721,0.467,0.494,False
experiment,ECIT,vec,max,2023-07-29 18:26:42,0.4725,0.467,0.494,False
experiment,ECIT,vec,max,2023-07-31 05:42:21,0.4758,0.467,0.494,False
experiment,ECIT,vec,max,2023-07-31 11:51:08,0.5165,0.467,0.494,True
experiment,ECIT,vec,max,2023-08-02 06:21:26,0.4809,0.467,0.494,False
experiment,ECIT,vec,stack,2023-07-25 13:22:19,0.3258,0.32,0.334,False
experiment,ECIT,vec,stack,2023-07-25 14:28:44,0.3289,0.32,0.334,False
experiment,ECIT,vec,stack,2023-07-26 05:53:08,0.3299,0.32,0.334,False
experiment,ECIT,vec,stack,2023-07-30 10:44:55,0.3295,0.32,0.334,False
experiment,ECOR,vec,max,2023-07-28 03:22:34,0.5746,0.489,0.504,True
experiment,ECOR,vec,max,2023-07-28 12:19:48,0.5408,0.489,0.504,True
experiment,ECOR,vec,max,2023-07-29 10:39:16,0.4956,0.489,0.504,False
experiment,ECOR,vec,max,2023-07-31 15:33:37,0.4906,0.489,0.504,False
experiment,ECOR,vec,max,2023-08-01 05:47:52,0.4993,0.489,0.504,False
experiment,ECOR,vec,max,2023-08-01 11:10:42,0.5398,0.489,0.504,True
experiment,ECOR,vec,max,2023-08-01 12:08:45,0.5042,0.489,0.504,True
experiment,ECOR,vec,max,2023-08-02 07:06:39,0.5337,0.489,0.504,True
experiment,ECOR,vec,stack,2023-07-24 11:33:42,0.3333,0.327,0.337,False
experiment,ECOR,vec,stack,2023-07-28 12:31:47,0.3274,0.327,0.337,False
experiment,ECOR,vec,stack,2023-07-29 12:10:38,0.3367,0.327,0.337,False
experiment,ECOR,vec,stack,2023-07-31 11:08:41,0.365,0.327,0.337,True
experiment,ECOR,vec,stack,2023-07-31 15:32:52,0.3431,0.327,0.337,True
experiment,ECOR,vec,stack,2023-08-01 11:10:37,0.3683,0.327,0.337,True
experiment,ECOR,vec,stack,2023-08-02 07:16:11,0.35,0.327,0.337,True
experiment,EMAS,vec,max,2023-07-26 04:16:21,0.5337,0.49,0.517,True
experiment,EMAS,vec,max,2023-07-30 07:59:53,0.5863,0.49,0.517,True
experiment,EMAS,vec,stack,2023-07-26 04:16:03,0.3732,0.366,0.384,False
experiment,EMAS,vec,stack,2023-07-30 07:53:37,0.3696,0.366,0.384,False
