dataset,station,component,configuration,template,floor_detect,floor_signif,n_detect,n_signif,max_r,mean_r
ingv,ECPN,dir,sim1,template1,0.4922,0.5194,23,11,0.5868,0.5233
ingv,ECPN,dir,sim1,template2,0.5013,0.5489,18,3,0.5998,0.522
ingv,ECPN,dir,sim1,template3,0.5231,0.5543,33,12,0.6558,0.5527
ingv,ECPN,dir,sim1,template4,0.2792,0.3098,35,8,0.3409,0.2994
ingv,ECPN,dir,sim2,template1,0.5292,0.5651,39,16,0.6418,0.561
ingv,ECPN,dir,sim2,template2,0.5356,0.5725,33,5,0.6394,0.5562
ingv,ECPN,dir,sim2,template3,0.5024,0.5294,61,31,0.603,0.5357
ingv,ECPN,dir,sim2,template4,0.3052,0.3473,70,8,0.3977,0.3265
ingv,ECPN,dir,sim3,template1,0.5653,0.6138,12,2,0.6688,0.598
ingv,ECPN,dir,sim3,template2,0.6133,0.6708,11,1,0.7154,0.6469
ingv,ECPN,dir,sim3,template3,0.6148,0.6765,13,2,0.7373,0.6432
ingv,ECPN,dir,sim3,template4,0.4125,0.4439,5,2,0.4578,0.4362
ingv,ECPN,dir,sim4,template1,0.5622,0.6094,32,5,0.6327,0.5904
ingv,ECPN,dir,sim4,template2,0.6195,0.6661,4,1,0.7061,0.6493
ingv,ECPN,dir,sim4,template3,0.5282,0.5801,103,32,0.7057,0.5685
ingv,ECPN,dir,sim4,template4,0.3762,0.3914,13,8,0.4426,0.4036
ingv,ECPN,dir2,sim1,template1,0.503,0.5343,9,3,0.5586,0.5228
ingv,ECPN,dir2,sim1,template2,0.5297,0.5751,5,1,0.5862,0.5521
ingv,ECPN,dir2,sim1,template3,0.537,0.5744,23,7,0.6404,0.57
ingv,ECPN,dir2,sim1,template4,0.2814,0.307,40,11,0.3534,0.2995
ingv,ECPN,dir2,sim2,template1,0.5579,0.5943,26,8,0.657,0.585
ingv,ECPN,dir2,sim2,template2,0.6205,0.6628,3,0,0.662,0.6362
ingv,ECPN,dir2,sim2,template3,0.6228,0.6707,6,1,0.6879,0.6552
ingv,ECPN,dir2,sim2,template4,0.3733,0.3938,11,2,0.4947,0.3974
ingv,ECPN,dir2,sim3,template1,0.6227,0.6571,1,0,0.6432,0.6432
ingv,ECPN,dir2,sim3,template2,0.6393,0.6895,13,3,0.7029,0.6683
ingv,ECPN,dir2,sim3,template3,0.6569,0.6941,10,3,0.7213,0.686
ingv,ECPN,dir2,sim3,template4,0.373,0.4009,32,14,0.4817,0.4027
ingv,ECPN,dir2,sim4,template1,0.6605,0.7072,4,1,0.7178,0.692
ingv,ECPN,dir2,sim4,template2,0.6457,0.6865,9,2,0.7217,0.6761
ingv,ECPN,dir2,sim4,template3,0.6732,0.7273,6,2,0.7741,0.7123
ingv,ECPN,dir2,sim4,template4,0.3826,0.4123,24,11,0.4706,0.4158
ingv,ECPN,mag,sim1,template1,0.5007,0.5436,9,2,0.5856,0.528
ingv,ECPN,mag,sim1,template2,0.5212,0.5705,6,1,0.5872,0.541
ingv,ECPN,mag,sim1,template3,0.5305,0.5742,28,6,0.6171,0.5601
ingv,ECPN,mag,sim1,template4,0.2766,0.305,50,10,0.3636,0.2941
ingv,ECPN,mag,sim2,template1,0.5565,0.594,22,7,0.6347,0.5893
ingv,ECPN,mag,sim2,template2,0.6208,0.6599,3,1,0.6623,0.6402
ingv,ECPN,mag,sim2,template3,0.6188,0.6667,6,2,0.6793,0.6543
ingv,ECPN,mag,sim2,template4,0.374,0.3961,10,3,0.495,0.4026
ingv,ECPN,mag,sim3,template1,0.621,0.6544,1,0,0.6461,0.6461
ingv,ECPN,mag,sim3,template2,0.631,0.6912,17,2,0.7065,0.6622
ingv,ECPN,mag,sim3,template3,0.6561,0.6922,10,3,0.723,0.687
ingv,ECPN,mag,sim3,template4,0.371,0.3916,37,21,0.4869,0.4
ingv,ECPN,mag,sim4,template1,0.6581,0.7037,5,1,0.7093,0.6795
ingv,ECPN,mag,sim4,template2,0.6421,0.6838,9,2,0.7272,0.6739
ingv,ECPN,mag,sim4,template3,0.6704,0.7192,8,3,0.7673,0.7089
ingv,ECPN,mag,sim4,template4,0.3768,0.4074,34,10,0.4722,0.4065
ingv,ECPN,vec,sim1,template1,0.3837,0.402,70,38,0.4974,0.411
ingv,ECPN,vec,sim1,template2,0.4347,0.4622,12,5,0.4913,0.46
ingv,ECPN,vec,sim1,template3,0.4441,0.4717,33,12,0.625,0.4764
ingv,ECPN,vec,sim1,template4,0.2317,0.2488,51,15,0.2926,0.2458
ingv,ECPN,vec,sim2,template1,0.4365,0.4674,75,27,0.5847,0.4687
ingv,ECPN,vec,sim2,template2,0.4375,0.4598,63,27,0.5404,0.4663
ingv,ECPN,vec,sim2,template3,0.4618,0.4968,28,10,0.5975,0.4957
ingv,ECPN,vec,sim2,template4,0.2648,0.2857,37,16,0.4173,0.291
ingv,ECPN,vec,sim3,template1,0.4514,0.4959,50,11,0.5568,0.4797
ingv,ECPN,vec,sim3,template2,0.4664,0.5149,73,19,0.6105,0.5019
ingv,ECPN,vec,sim3,template3,0.4456,0.4829,139,59,0.6556,0.4851
ingv,ECPN,vec,sim3,template4,0.2407,0.2603,288,146,0.3807,0.2697
ingv,ECPN,vec,sim4,template1,0.4996,0.5517,31,6,0.7047,0.5373
ingv,ECPN,vec,sim4,template2,0.4894,0.529,34,15,0.6234,0.5267
ingv,ECPN,vec,sim4,template3,0.465,0.4814,112,73,0.6438,0.503
ingv,ECPN,vec,sim4,template4,0.2595,0.2766,160,86,0.393,0.2857
ingv,EEC1,dir,sim1,template1,0.4314,0.4651,51,13,0.5256,0.4559
ingv,EEC1,dir,sim1,template2,0.4591,0.4881,42,11,0.5708,0.4828
ingv,EEC1,dir,sim1,template3,0.4826,0.5108,41,12,0.588,0.5043
ingv,EEC1,dir,sim1,template4,0.2728,0.295,46,19,0.3859,0.2982
ingv,EEC1,dir,sim2,template1,0.4889,0.5378,82,45,0.69,0.5534
ingv,EEC1,dir,sim2,template2,0.4921,0.5402,16,3,0.5633,0.5138
ingv,EEC1,dir,sim2,template3,0.4685,0.4923,15,9,0.5373,0.501
ingv,EEC1,dir,sim2,template4,0.2792,0.3007,52,15,0.3691,0.2973
ingv,EEC1,dir,sim3,template1,0.497,0.5446,49,12,0.6051,0.5272
ingv,EEC1,dir,sim3,template2,0.411,0.4526,156,64,0.5847,0.4544
ingv,EEC1,dir,sim3,template3,0.4151,0.4487,187,97,0.6175,0.462
ingv,EEC1,dir,sim3,template4,0.274,0.3067,99,30,0.387,0.2996
ingv,EEC1,dir,sim4,template1,0.4725,0.5122,89,57,0.6772,0.5437
ingv,EEC1,dir,sim4,template2,0.4249,0.4416,158,111,0.599,0.4683
ingv,EEC1,dir,sim4,template3,0.4303,0.4587,110,56,0.5827,0.4697
ingv,EEC1,dir,sim4,template4,0.2459,0.2652,218,132,0.3948,0.2832
ingv,EEC1,dir2,sim1,template1,0.502,0.5329,13,5,0.5999,0.5332
ingv,EEC1,dir2,sim1,template2,0.4761,0.5202,23,6,0.537,0.5051
ingv,EEC1,dir2,sim1,template3,0.512,0.5629,40,6,0.6012,0.5409
ingv,EEC1,dir2,sim1,template4,0.2914,0.3193,26,3,0.3617,0.3087
ingv,EEC1,dir2,sim2,template1,0.476,0.5094,93,56,0.6988,0.5447
ingv,EEC1,dir2,sim2,template2,0.4656,0.5149,31,4,0.5453,0.4958
ingv,EEC1,dir2,sim2,template3,0.4582,0.4951,28,6,0.5631,0.4853
ingv,EEC1,dir2,sim2,template4,0.2725,0.2909,46,18,0.3334,0.2904
ingv,EEC1,dir2,sim3,template1,0.4477,0.5112,93,27,0.5943,0.4947
ingv,EEC1,dir2,sim3,template2,0.4623,0.516,86,17,0.5804,0.4939
ingv,EEC1,dir2,sim3,template3,0.4662,0.5083,72,27,0.6198,0.5097
ingv,EEC1,dir2,sim3,template4,0.271,0.2981,118,39,0.3516,0.2931
ingv,EEC1,dir2,sim4,template1,0.4675,0.5045,102,68,0.7184,0.5463
ingv,EEC1,dir2,sim4,template2,0.4475,0.5097,87,10,0.6241,0.4822
ingv,EEC1,dir2,sim4,template3,0.4398,0.4754,95,46,0.5919,0.483
ingv,EEC1,dir2,sim4,template4,0.2453,0.258,198,139,0.3796,0.2793
ingv,EEC1,mag,sim1,template1,0.4577,0.4826,41,14,0.5431,0.479
ingv,EEC1,mag,sim1,template2,0.4804,0.5159,28,9,0.5695,0.5091
ingv,EEC1,mag,sim1,template3,0.4908,0.5314,73,32,0.6012,0.5288
ingv,EEC1,mag,sim1,template4,0.2863,0.3232,23,5,0.3759,0.307
ingv,EEC1,mag,sim2,template1,0.475,0.5132,105,71,0.6822,0.5529
ingv,EEC1,mag,sim2,template2,0.4669,0.4898,42,16,0.5499,0.4925
ingv,EEC1,mag,sim2,template3,0.4362,0.4714,56,25,0.5661,0.4744
ingv,EEC1,mag,sim2,template4,0.2685,0.2953,66,20,0.3585,0.2902
ingv,EEC1,mag,sim3,template1,0.4753,0.527,78,19,0.5934,0.5097
ingv,EEC1,mag,sim3,template2,0.413,0.4537,197,87,0.6087,0.4595
ingv,EEC1,mag,sim3,template3,0.4368,0.4683,154,90,0.5996,0.4835
ingv,EEC1,mag,sim3,template4,0.2435,0.2616,286,162,0.39,0.274
ingv,EEC1,mag,sim4,template1,0.4501,0.5022,164,88,0.6849,0.5294
ingv,EEC1,mag,sim4,template2,0.4057,0.4317,201,129,0.5939,0.4525
ingv,EEC1,mag,sim4,template3,0.4543,0.502,79,22,0.5855,0.4902
ingv,EEC1,mag,sim4,template4,0.2264,0.2429,329,229,0.3947,0.2658
ingv,EEC1,vec,sim1,template1,0.3782,0.4076,64,21,0.5128,0.4044
ingv,EEC1,vec,sim1,template2,0.3727,0.4083,81,16,0.4768,0.3989
ingv,EEC1,vec,sim1,template3,0.3949,0.427,129,49,0.5617,0.4332
ingv,EEC1,vec,sim1,template4,0.2225,0.2444,75,23,0.3803,0.2425
ingv,EEC1,vec,sim2,template1,0.3803,0.408,182,125,0.6322,0.4611
ingv,EEC1,vec,sim2,template2,0.392,0.4164,57,30,0.4935,0.4261
ingv,EEC1,vec,sim2,template3,0.374,0.4029,58,19,0.4704,0.4007
ingv,EEC1,vec,sim2,template4,0.2155,0.2339,144,56,0.2869,0.2341
ingv,EEC1,vec,sim3,template1,0.3775,0.402,158,105,0.5433,0.4279
ingv,EEC1,vec,sim3,template2,0.3536,0.3697,199,151,0.5553,0.4005
ingv,EEC1,vec,sim3,template3,0.3501,0.3786,245,146,0.5756,0.4053
ingv,EEC1,vec,sim3,template4,0.2111,0.2354,256,117,0.3758,0.2401
ingv,EEC1,vec,sim4,template1,0.3726,0.403,192,121,0.6564,0.4595
ingv,EEC1,vec,sim4,template2,0.3479,0.3722,221,134,0.5388,0.3911
ingv,EEC1,vec,sim4,template3,0.346,0.3716,197,124,0.5384,0.3984
ingv,EEC1,vec,sim4,template4,0.1936,0.2117,355,211,0.3485,0.2305
experiment,EC1,dir,sim1,template1,0.4772,0.506,1,0,0.4879,0.4879
experiment,EC1,dir,sim1,template2,0.4768,0.5151,2,0,0.5066,0.5038
experiment,EC1,dir,sim1,template3,0.4898,0.5361,4,0,0.5235,0.5123
experiment,EC1,dir,sim1,template4,0.282,0.2977,5,2,0.3142,0.2969
experiment,EC1,dir,sim2,template1,0.4889,0.514,14,11,0.6416,0.5385
experiment,EC1,dir,sim2,template2,0.4812,0.5197,5,0,0.5171,0.5047
experiment,EC1,dir,sim2,template3,0.5343,0.5732,1,0,0.542,0.542
experiment,EC1,dir,sim2,template4,0.3124,0.3372,7,1,0.3604,0.3263
experiment,EC1,dir,sim3,template1,0.5022,0.5331,6,2,0.5674,0.5277
experiment,EC1,dir,sim3,template2,0.5048,0.5343,4,2,0.5536,0.5321
experiment,EC1,dir,sim3,template3,0.528,0.563,1,0,0.5437,0.5437
experiment,EC1,dir,sim3,template4,0.2879,0.3212,8,3,0.3654,0.3182
experiment,EC1,dir,sim4,template1,0.5276,0.5515,8,5,0.5995,0.5644
experiment,EC1,dir,sim4,template2,0.5081,0.5453,2,1,0.5658,0.5432
experiment,EC1,dir,sim4,template3,0.5566,0.5938,1,0,0.5717,0.5717
experiment,EC1,dir,sim4,template4,0.2857,0.311,11,7,0.3692,0.3231
experiment,EC1,dir2,sim1,template1,0.496,0.5302,3,1,0.5687,0.5298
experiment,EC1,dir2,sim1,template2,0.5387,0.5974,0,0,,
experiment,EC1,dir2,sim1,template3,0.5347,0.597,4,0,0.583,0.5748
experiment,EC1,dir2,sim1,template4,0.3095,0.3306,0,0,,
experiment,EC1,dir2,sim2,template1,0.5075,0.5419,14,6,0.6035,0.5465
experiment,EC1,dir2,sim2,template2,0.5257,0.5668,6,2,0.5994,0.5577
experiment,EC1,dir2,sim2,template3,0.534,0.5727,1,0,0.5449,0.5449
experiment,EC1,dir2,sim2,template4,0.2945,0.3126,7,4,0.3535,0.3204
experiment,EC1,dir2,sim3,template1,0.4991,0.5567,6,1,0.6169,0.5328
experiment,EC1,dir2,sim3,template2,0.6091,0.6306,0,0,,
experiment,EC1,dir2,sim3,template3,0.6247,0.6519,1,1,0.6617,0.6617
experiment,EC1,dir2,sim3,template4,0.3645,0.3975,3,1,0.4228,0.3857
experiment,EC1,dir2,sim4,template1,0.5903,0.6292,4,1,0.7519,0.6443
experiment,EC1,dir2,sim4,template2,0.6238,0.651,3,2,0.6937,0.6613
experiment,EC1,dir2,sim4,template3,0.6353,0.6812,2,1,0.6901,0.6765
experiment,EC1,dir2,sim4,template4,0.3827,0.401,5,3,0.4561,0.4196
experiment,EC1,mag,sim1,template1,0.4807,0.5016,0,0,,
experiment,EC1,mag,sim1,template2,0.5017,0.5206,2,1,0.5334,0.5216
experiment,EC1,mag,sim1,template3,0.5336,0.5731,2,0,0.5726,0.5551
experiment,EC1,mag,sim1,template4,0.3008,0.3149,0,0,,
experiment,EC1,mag,sim2,template1,0.5194,0.5433,8,4,0.6268,0.5644
experiment,EC1,mag,sim2,template2,0.5092,0.535,3,1,0.5517,0.5262
experiment,EC1,mag,sim2,template3,0.5167,0.5568,1,1,0.5755,0.5755
experiment,EC1,mag,sim2,template4,0.3091,0.3242,1,1,0.3303,0.3303
experiment,EC1,mag,sim3,template1,0.5073,0.5486,4,2,0.5729,0.5434
experiment,EC1,mag,sim3,template2,0.5965,0.622,2,0,0.6107,0.6064
experiment,EC1,mag,sim3,template3,0.6062,0.6572,4,1,0.659,0.6284
experiment,EC1,mag,sim3,template4,0.3782,0.4111,2,1,0.4305,0.412
experiment,EC1,mag,sim4,template1,0.5592,0.6091,4,2,0.7508,0.6315
experiment,EC1,mag,sim4,template2,0.6012,0.6469,3,2,0.6646,0.6472
experiment,EC1,mag,sim4,template3,0.5511,0.5882,5,2,0.7,0.6081
experiment,EC1,mag,sim4,template4,0.3888,0.4079,3,2,0.457,0.4221
experiment,EC1,vec,sim1,template1,0.3863,0.4175,4,0,0.4063,0.3992
experiment,EC1,vec,sim1,template2,0.3717,0.3953,2,1,0.436,0.4122
experiment,EC1,vec,sim1,template3,0.4127,0.4346,11,4,0.5591,0.4532
experiment,EC1,vec,sim1,template4,0.2326,0.2582,3,1,0.2632,0.2487
experiment,EC1,vec,sim2,template1,0.4144,0.4524,17,12,0.6221,0.4865
experiment,EC1,vec,sim2,template2,0.3975,0.4193,16,8,0.5041,0.435
experiment,EC1,vec,sim2,template3,0.4355,0.4541,2,1,0.5092,0.4804
experiment,EC1,vec,sim2,template4,0.2464,0.2674,12,4,0.3089,0.2661
experiment,EC1,vec,sim3,template1,0.412,0.4315,13,10,0.4996,0.4511
experiment,EC1,vec,sim3,template2,0.438,0.4568,9,8,0.557,0.5131
experiment,EC1,vec,sim3,template3,0.4633,0.4977,11,8,0.5755,0.5196
experiment,EC1,vec,sim3,template4,0.2591,0.2764,14,11,0.3938,0.3057
experiment,EC1,vec,sim4,template1,0.4341,0.4574,18,11,0.6604,0.5083
experiment,EC1,vec,sim4,template2,0.4517,0.4894,8,4,0.6107,0.525
experiment,EC1,vec,sim4,template3,0.4545,0.4729,8,5,0.6275,0.5126
experiment,EC1,vec,sim4,template4,0.2545,0.2792,16,10,0.3909,0.3058
experiment,EC10,dir,sim1,template1,0.4865,0.5175,0,0,,
experiment,EC10,dir,sim1,template2,0.4805,0.5089,6,1,0.514,0.4968
experiment,EC10,dir,sim1,template3,0.5041,0.5419,3,1,0.5722,0.5332
experiment,EC10,dir,sim1,template4,0.2819,0.3081,2,0,0.2927,0.2895
experiment,EC10,dir,sim2,template1,0.5211,0.5541,4,0,0.5486,0.5414
experiment,EC10,dir,sim2,template2,0.4948,0.5321,3,2,0.5679,0.5472
experiment,EC10,dir,sim2,template3,0.523,0.5543,1,1,0.5895,0.5895
experiment,EC10,dir,sim2,template4,0.2894,0.3063,2,0,0.3024,0.297
experiment,EC10,dir,sim3,template1,0.5118,0.5491,1,0,0.5266,0.5266
experiment,EC10,dir,sim3,template2,0.522,0.5505,0,0,,
experiment,EC10,dir,sim3,template3,0.4801,0.5044,4,2,0.5265,0.5069
experiment,EC10,dir,sim3,template4,0.2619,0.2851,3,3,0.3523,0.3348
experiment,EC10,dir,sim4,template1,0.5489,0.5817,0,0,,
experiment,EC10,dir,sim4,template2,0.5234,0.5507,1,0,0.5246,0.5246
experiment,EC10,dir,sim4,template3,0.4834,0.5182,4,3,0.5409,0.5271
experiment,EC10,dir,sim4,template4,0.3376,0.3644,0,0,,
experiment,EC10,dir2,sim1,template1,0.4616,0.4849,11,4,0.5141,0.4803
experiment,EC10,dir2,sim1,template2,0.4041,0.4321,23,12,0.5546,0.4508
experiment,EC10,dir2,sim1,template3,0.4742,0.4992,8,4,0.637,0.5315
experiment,EC10,dir2,sim1,template4,0.2485,0.2776,27,8,0.3059,0.2709
experiment,EC10,dir2,sim2,template1,0.5383,0.5619,4,3,0.6185,0.5882
experiment,EC10,dir2,sim2,template2,0.4612,0.4962,3,0,0.4639,0.4629
experiment,EC10,dir2,sim2,template3,0.4425,0.485,4,2,0.5329,0.4873
experiment,EC10,dir2,sim2,template4,0.2628,0.2751,10,7,0.3233,0.2885
experiment,EC10,dir2,sim3,template1,0.4846,0.5115,6,3,0.5517,0.5216
experiment,EC10,dir2,sim3,template2,0.4258,0.459,21,11,0.6001,0.4776
experiment,EC10,dir2,sim3,template3,0.412,0.4598,20,7,0.6094,0.4591
experiment,EC10,dir2,sim3,template4,0.2173,0.2358,51,28,0.3595,0.2567
experiment,EC10,dir2,sim4,template1,0.4986,0.5399,9,8,0.6282,0.5738
experiment,EC10,dir2,sim4,template2,0.4375,0.4866,17,8,0.6367,0.4898
experiment,EC10,dir2,sim4,template3,0.4621,0.4964,8,6,0.618,0.5387
experiment,EC10,dir2,sim4,template4,0.2161,0.225,46,37,0.381,0.2591
experiment,EC10,mag,sim1,template1,0.4403,0.4664,6,2,0.4887,0.4615
experiment,EC10,mag,sim1,template2,0.4649,0.4919,5,3,0.6018,0.532
experiment,EC10,mag,sim1,template3,0.4933,0.5406,7,1,0.5575,0.5246
experiment,EC10,mag,sim1,template4,0.2556,0.2846,8,3,0.3178,0.283
experiment,EC10,mag,sim2,template1,0.5245,0.562,6,5,0.669,0.6001
experiment,EC10,mag,sim2,template2,0.4957,0.5276,2,1,0.5997,0.5487
experiment,EC10,mag,sim2,template3,0.516,0.5484,3,1,0.5608,0.5362
experiment,EC10,mag,sim2,template4,0.2995,0.3201,1,0,0.3003,0.3003
experiment,EC10,mag,sim3,template1,0.5348,0.5769,3,0,0.5455,0.5429
experiment,EC10,mag,sim3,template2,0.4837,0.5037,4,2,0.5482,0.5122
experiment,EC10,mag,sim3,template3,0.4498,0.4867,7,2,0.5771,0.4867
experiment,EC10,mag,sim3,template4,0.2575,0.2744,12,6,0.3325,0.2835
experiment,EC10,mag,sim4,template1,0.5363,0.5718,4,4,0.6261,0.6099
experiment,EC10,mag,sim4,template2,0.5129,0.5543,0,0,,
experiment,EC10,mag,sim4,template3,0.4433,0.4697,8,6,0.5582,0.5038
experiment,EC10,mag,sim4,template4,0.2575,0.273,11,8,0.3502,0.2892
experiment,EC10,vec,sim1,template1,0.3845,0.4157,1,1,0.4172,0.4172
experiment,EC10,vec,sim1,template2,0.3533,0.3806,17,8,0.4512,0.3852
experiment,EC10,vec,sim1,template3,0.3856,0.3964,17,10,0.5493,0.4326
experiment,EC10,vec,sim1,template4,0.2086,0.2214,13,5,0.2479,0.2214
experiment,EC10,vec,sim2,template1,0.4114,0.4257,9,9,0.6328,0.5105
experiment,EC10,vec,sim2,template2,0.3808,0.4037,8,3,0.4958,0.4092
experiment,EC10,vec,sim2,template3,0.417,0.4394,2,2,0.4902,0.4773
experiment,EC10,vec,sim2,template4,0.2224,0.2377,8,1,0.2442,0.2332
experiment,EC10,vec,sim3,template1,0.4111,0.4282,8,7,0.5402,0.4757
experiment,EC10,vec,sim3,template2,0.3897,0.4174,9,5,0.4713,0.4256
experiment,EC10,vec,sim3,template3,0.3807,0.4131,10,5,0.4767,0.4263
experiment,EC10,vec,sim3,template4,0.2045,0.2182,23,11,0.317,0.2341
experiment,EC10,vec,sim4,template1,0.4217,0.4428,5,4,0.5991,0.5532
experiment,EC10,vec,sim4,template2,0.4186,0.4591,5,1,0.4632,0.4397
experiment,EC10,vec,sim4,template3,0.373,0.3984,12,8,0.5048,0.4275
experiment,EC10,vec,sim4,template4,0.203,0.2226,17,12,0.3286,0.2497
experiment,ECIT,dir,sim1,template1,0.4469,0.4802,8,4,0.5477,0.4934
experiment,ECIT,dir,sim1,template2,0.443,0.4818,9,2,0.5431,0.4716
experiment,ECIT,dir,sim1,template3,0.5054,0.544,5,2,0.5581,0.5346
experiment,ECIT,dir,sim1,template4,0.2511,0.2878,12,5,0.3385,0.2813
experiment,ECIT,dir,sim2,template1,0.4894,0.5614,10,3,0.6321,0.5459
experiment,ECIT,dir,sim2,template2,0.4644,0.5014,5,2,0.5369,0.5058
experiment,ECIT,dir,sim2,template3,0.4306,0.4474,14,9,0.5458,0.474
experiment,ECIT,dir,sim2,template4,0.2522,0.2758,20,5,0.3418,0.2725
experiment,ECIT,dir,sim3,template1,0.5185,0.5507,4,4,0.6406,0.5968
experiment,ECIT,dir,sim3,template2,0.5074,0.5556,4,0,0.523,0.5184
experiment,ECIT,dir,sim3,template3,0.5622,0.5991,0,0,,
experiment,ECIT,dir,sim3,template4,0.312,0.337,5,2,0.3828,0.3425
experiment,ECIT,dir,sim4,template1,0.5043,0.5427,5,4,0.674,0.5945
experiment,ECIT,dir,sim4,template2,0.5113,0.5508,3,0,0.5216,0.519
experiment,ECIT,dir,sim4,template3,0.5423,0.5702,0,0,,
experiment,ECIT,dir,sim4,template4,0.3116,0.3324,4,1,0.3794,0.3335
experiment,ECIT,dir2,sim1,template1,0.4921,0.5242,0,0,,
experiment,ECIT,dir2,sim1,template2,0.4951,0.5303,4,2,0.5491,0.5311
experiment,ECIT,dir2,sim1,template3,0.5133,0.5406,1,1,0.547,0.547
experiment,ECIT,dir2,sim1,template4,0.2986,0.3298,0,0,,
experiment,ECIT,dir2,sim2,template1,0.497,0.5168,8,8,0.6536,0.5607
experiment,ECIT,dir2,sim2,template2,0.5174,0.5654,3,1,0.6053,0.5566
experiment,ECIT,dir2,sim2,template3,0.5086,0.5332,0,0,,
experiment,ECIT,dir2,sim2,template4,0.2735,0.2963,4,3,0.3445,0.3057
experiment,ECIT,dir2,sim3,template1,0.4837,0.5252,6,4,0.632,0.5793
experiment,ECIT,dir2,sim3,template2,0.5085,0.5352,3,1,0.5496,0.5288
experiment,ECIT,dir2,sim3,template3,0.5245,0.5542,4,3,0.5937,0.5666
experiment,ECIT,dir2,sim3,template4,0.297,0.3092,1,1,0.3125,0.3125
experiment,ECIT,dir2,sim4,template1,0.5181,0.5538,8,3,0.6341,0.5565
experiment,ECIT,dir2,sim4,template2,0.5352,0.5672,1,0,0.549,0.549
experiment,ECIT,dir2,sim4,template3,0.5093,0.5457,5,1,0.5686,0.5346
experiment,ECIT,dir2,sim4,template4,0.3273,0.3471,0,0,,
experiment,ECIT,mag,sim1,template1,0.4696,0.5123,0,0,,
experiment,ECIT,mag,sim1,template2,0.4626,0.4822,2,1,0.4846,0.4767
experiment,ECIT,mag,sim1,template3,0.4819,0.5107,8,2,0.566,0.5143
experiment,ECIT,mag,sim1,template4,0.2697,0.2936,2,1,0.3004,0.2914
experiment,ECIT,mag,sim2,template1,0.4677,0.506,12,2,0.5451,0.4899
experiment,ECIT,mag,sim2,template2,0.4596,0.5003,12,4,0.5422,0.499
experiment,ECIT,mag,sim2,template3,0.4658,0.4891,7,2,0.508,0.4853
experiment,ECIT,mag,sim2,template4,0.2475,0.2568,22,18,0.3379,0.2771
experiment,ECIT,mag,sim3,template1,0.4885,0.517,5,2,0.529,0.5142
experiment,ECIT,mag,sim3,template2,0.4921,0.5357,2,0,0.5239,0.5208
experiment,ECIT,mag,sim3,template3,0.4692,0.5045,5,3,0.5861,0.5354
experiment,ECIT,mag,sim3,template4,0.2483,0.262,16,12,0.3132,0.2752
experiment,ECIT,mag,sim4,template1,0.4972,0.5236,9,5,0.5911,0.5279
experiment,ECIT,mag,sim4,template2,0.4798,0.5212,5,1,0.5387,0.4991
experiment,ECIT,mag,sim4,template3,0.4639,0.4979,4,4,0.6762,0.5839
experiment,ECIT,mag,sim4,template4,0.2513,0.2647,16,14,0.3887,0.2902
experiment,ECIT,vec,sim1,template1,0.3897,0.4191,2,1,0.4452,0.4233
experiment,ECIT,vec,sim1,template2,0.4005,0.4254,2,1,0.4261,0.4237
experiment,ECIT,vec,sim1,template3,0.414,0.4352,8,4,0.5057,0.4514
experiment,ECIT,vec,sim1,template4,0.2189,0.2355,9,4,0.2736,0.2389
experiment,ECIT,vec,sim2,template1,0.395,0.4257,19,15,0.6312,0.4781
experiment,ECIT,vec,sim2,template2,0.4098,0.4446,8,4,0.507,0.4472
experiment,ECIT,vec,sim2,template3,0.4,0.4291,6,0,0.4217,0.4114
experiment,ECIT,vec,sim2,template4,0.2157,0.2335,19,10,0.2905,0.2415
experiment,ECIT,vec,sim3,template1,0.4198,0.451,17,10,0.589,0.4788
experiment,ECIT,vec,sim3,template2,0.4296,0.4577,5,3,0.4741,0.4584
experiment,ECIT,vec,sim3,template3,0.4287,0.4482,5,4,0.5368,0.4809
experiment,ECIT,vec,sim3,template4,0.2429,0.2637,10,7,0.3022,0.2744
experiment,ECIT,vec,sim4,template1,0.42,0.4379,15,12,0.5721,0.4833
experiment,ECIT,vec,sim4,template2,0.4166,0.4337,4,1,0.4778,0.4386
experiment,ECIT,vec,sim4,template3,0.4287,0.4425,4,3,0.5847,0.4965
experiment,ECIT,vec,sim4,template4,0.2511,0.2748,5,4,0.3545,0.2955
experiment,ECOR,dir,sim1,template1,0.4946,0.5331,1,0,0.5173,0.5173
experiment,ECOR,dir,sim1,template2,0.4965,0.5391,1,0,0.5098,0.5098
experiment,ECOR,dir,sim1,template3,0.5588,0.5821,3,2,0.6145,0.591
experiment,ECOR,dir,sim1,template4,0.2774,0.3081,1,0,0.2881,0.2881
experiment,ECOR,dir,sim2,template1,0.637,0.6678,5,0,0.6665,0.6513
experiment,ECOR,dir,sim2,template2,0.4461,0.5014,9,2,0.572,0.4944
experiment,ECOR,dir,sim2,template3,0.3942,0.4218,16,11,0.5487,0.4534
experiment,ECOR,dir,sim2,template4,0.254,0.283,13,5,0.3221,0.282
experiment,ECOR,dir,sim3,template1,0.5034,0.5517,8,7,0.6441,0.572
experiment,ECOR,dir,sim3,template2,0.4888,0.5189,1,0,0.5067,0.5067
experiment,ECOR,dir,sim3,template3,0.5118,0.5371,0,0,,
experiment,ECOR,dir,sim3,template4,0.2927,0.318,1,1,0.334,0.334
experiment,ECOR,dir,sim4,template1,0.496,0.5303,3,3,0.7104,0.6554
experiment,ECOR,dir,sim4,template2,0.4846,0.5389,0,0,,
experiment,ECOR,dir,sim4,template3,0.5183,0.5601,1,1,0.5714,0.5714
experiment,ECOR,dir,sim4,template4,0.2861,0.3065,2,1,0.3139,0.3006
experiment,ECOR,dir2,sim1,template1,0.5155,0.553,3,1,0.5866,0.5444
experiment,ECOR,dir2,sim1,template2,0.5114,0.5569,1,0,0.536,0.536
experiment,ECOR,dir2,sim1,template3,0.5288,0.562,2,1,0.6064,0.5683
experiment,ECOR,dir2,sim1,template4,0.2964,0.3227,0,0,,
experiment,ECOR,dir2,sim2,template1,0.5141,0.5626,5,0,0.5575,0.537
experiment,ECOR,dir2,sim2,template2,0.4635,0.5185,11,0,0.5086,0.4792
experiment,ECOR,dir2,sim2,template3,0.4185,0.4414,20,12,0.5339,0.4594
experiment,ECOR,dir2,sim2,template4,0.2609,0.2834,17,10,0.3235,0.2905
experiment,ECOR,dir2,sim3,template1,0.5215,0.5723,8,2,0.6409,0.5582
experiment,ECOR,dir2,sim3,template2,0.4365,0.471,39,23,0.6655,0.4953
experiment,ECOR,dir2,sim3,template3,0.4446,0.4749,41,22,0.6489,0.4996
experiment,ECOR,dir2,sim3,template4,0.2271,0.2433,70,56,0.3997,0.2856
experiment,ECOR,dir2,sim4,template1,0.4896,0.5252,20,9,0.6121,0.5295
experiment,ECOR,dir2,sim4,template2,0.4322,0.478,42,18,0.6637,0.4878
experiment,ECOR,dir2,sim4,template3,0.4393,0.4825,40,28,0.6563,0.5028
experiment,ECOR,dir2,sim4,template4,0.2393,0.2596,57,41,0.4224,0.2964
experiment,ECOR,mag,sim1,template1,0.4843,0.5215,1,1,0.5247,0.5247
experiment,ECOR,mag,sim1,template2,0.4596,0.4997,2,0,0.4919,0.4829
experiment,ECOR,mag,sim1,template3,0.5828,0.6191,2,0,0.6027,0.5963
experiment,ECOR,mag,sim1,template4,0.2523,0.2774,2,1,0.2912,0.2736
experiment,ECOR,mag,sim2,template1,0.5479,0.6019,9,3,0.7182,0.5991
experiment,ECOR,mag,sim2,template2,0.4958,0.5467,1,0,0.5104,0.5104
experiment,ECOR,mag,sim2,template3,0.4996,0.5371,0,0,,
experiment,ECOR,mag,sim2,template4,0.2856,0.3051,1,1,0.3172,0.3172
experiment,ECOR,mag,sim3,template1,0.5096,0.5687,8,2,0.6267,0.5608
experiment,ECOR,mag,sim3,template2,0.5074,0.5566,5,2,0.6298,0.5533
experiment,ECOR,mag,sim3,template3,0.5339,0.5572,2,1,0.5855,0.5675
experiment,ECOR,mag,sim3,template4,0.2795,0.2989,9,6,0.3832,0.3178
experiment,ECOR,mag,sim4,template1,0.5336,0.569,4,3,0.6631,0.5962
experiment,ECOR,mag,sim4,template2,0.5137,0.5603,3,2,0.6494,0.5945
experiment,ECOR,mag,sim4,template3,0.5303,0.5731,3,1,0.5821,0.557
experiment,ECOR,mag,sim4,template4,0.3013,0.3241,5,5,0.3677,0.3459
experiment,ECOR,vec,sim1,template1,0.3881,0.4023,9,7,0.4412,0.4096
experiment,ECOR,vec,sim1,template2,0.3919,0.4177,4,3,0.4476,0.4254
experiment,ECOR,vec,sim1,template3,0.4351,0.4579,6,5,0.5605,0.4872
experiment,ECOR,vec,sim1,template4,0.2247,0.2426,5,1,0.2428,0.2341
experiment,ECOR,vec,sim2,template1,0.4901,0.5414,8,2,0.5746,0.518
experiment,ECOR,vec,sim2,template2,0.361,0.3868,21,12,0.5155,0.4065
experiment,ECOR,vec,sim2,template3,0.3239,0.3535,41,27,0.4829,0.3728
experiment,ECOR,vec,sim2,template4,0.201,0.22,33,22,0.2791,0.2305
experiment,ECOR,vec,sim3,template1,0.4039,0.4504,18,9,0.5761,0.4664
experiment,ECOR,vec,sim3,template2,0.3672,0.4051,34,12,0.5347,0.4122
experiment,ECOR,vec,sim3,template3,0.3723,0.4009,28,19,0.5148,0.4254
experiment,ECOR,vec,sim3,template4,0.2093,0.2281,38,27,0.316,0.2489
experiment,ECOR,vec,sim4,template1,0.3847,0.4105,29,17,0.6113,0.4372
experiment,ECOR,vec,sim4,template2,0.3556,0.3836,36,21,0.5398,0.4069
experiment,ECOR,vec,sim4,template3,0.3891,0.4218,25,12,0.5408,0.4352
experiment,ECOR,vec,sim4,template4,0.2037,0.2242,50,35,0.3527,0.2445
experiment,EMAS,dir,sim2,template1,0.5526,0.5944,11,3,0.6281,0.5839
experiment,EMAS,dir,sim2,template2,0.4811,0.5298,3,2,0.5574,0.5425
experiment,EMAS,dir,sim2,template3,0.4743,0.5126,3,1,0.5166,0.493
experiment,EMAS,dir,sim2,template4,0.2689,0.2838,12,9,0.3448,0.3007
experiment,EMAS,dir,sim3,template1,0.5413,0.5686,7,5,0.6211,0.5854
experiment,EMAS,dir,sim3,template2,0.5379,0.5972,4,1,0.6367,0.5799
experiment,EMAS,dir,sim3,template3,0.5789,0.613,2,2,0.7073,0.6735
experiment,EMAS,dir,sim3,template4,0.3158,0.3484,10,7,0.4404,0.3823
experiment,EMAS,dir,sim4,template1,0.5512,0.6048,10,6,0.6752,0.6109
experiment,EMAS,dir,sim4,template2,0.5268,0.5774,5,1,0.6018,0.5543
experiment,EMAS,dir,sim4,template3,0.602,0.6466,3,0,0.6256,0.6188
experiment,EMAS,dir,sim4,template4,0.3143,0.3486,16,10,0.3966,0.3578
experiment,EMAS,dir2,sim2,template1,0.4942,0.5234,13,9,0.6183,0.554
experiment,EMAS,dir2,sim2,template2,0.5378,0.5847,0,0,,
experiment,EMAS,dir2,sim2,template3,0.5495,0.5929,0,0,,
experiment,EMAS,dir2,sim2,template4,0.3042,0.3232,3,2,0.3943,0.3488
experiment,EMAS,dir2,sim3,template1,0.5446,0.5829,8,4,0.626,0.5834
experiment,EMAS,dir2,sim3,template2,0.591,0.6267,0,0,,
experiment,EMAS,dir2,sim3,template3,0.5818,0.6066,0,0,,
experiment,EMAS,dir2,sim3,template4,0.3387,0.3686,1,0,0.3479,0.3479
experiment,EMAS,dir2,sim4,template1,0.5805,0.6111,8,2,0.6826,0.6081
experiment,EMAS,dir2,sim4,template2,0.5899,0.6405,0,0,,
experiment,EMAS,dir2,sim4,template3,0.5311,0.5745,1,0,0.542,0.542
experiment,EMAS,dir2,sim4,template4,0.3259,0.365,1,0,0.3346,0.3346
experiment,EMAS,mag,sim2,template1,0.5378,0.5695,9,8,0.7314,0.6682
experiment,EMAS,mag,sim2,template2,0.4423,0.4818,14,6,0.545,0.4886
experiment,EMAS,mag,sim2,template3,0.4526,0.4731,8,6,0.5214,0.4947
experiment,EMAS,mag,sim2,template4,0.2546,0.2682,10,8,0.3076,0.2858
experiment,EMAS,mag,sim3,template1,0.5084,0.5477,14,9,0.7362,0.6244
experiment,EMAS,mag,sim3,template2,0.5563,0.6076,2,0,0.5696,0.5669
experiment,EMAS,mag,sim3,template3,0.5949,0.6415,2,0,0.6159,0.6135
experiment,EMAS,mag,sim3,template4,0.3362,0.3573,5,4,0.4247,0.3829
experiment,EMAS,mag,sim4,template1,0.5455,0.5815,10,8,0.6793,0.6089
experiment,EMAS,mag,sim4,template2,0.532,0.5873,0,0,,
experiment,EMAS,mag,sim4,template3,0.5917,0.6171,1,0,0.5991,0.5991
experiment,EMAS,mag,sim4,template4,0.3334,0.3654,6,1,0.3923,0.3621
experiment,EMAS,vec,sim2,template1,0.4362,0.4553,11,7,0.5687,0.4951
experiment,EMAS,vec,sim2,template2,0.3979,0.4191,7,4,0.4634,0.4241
experiment,EMAS,vec,sim2,template3,0.3861,0.4107,5,0,0.4094,0.4007
experiment,EMAS,vec,sim2,template4,0.2237,0.2454,14,7,0.278,0.2457
experiment,EMAS,vec,sim3,template1,0.4232,0.4512,9,8,0.5466,0.4992
experiment,EMAS,vec,sim3,template2,0.4547,0.4792,5,3,0.533,0.4954
experiment,EMAS,vec,sim3,template3,0.4521,0.4733,5,3,0.6118,0.5203
experiment,EMAS,vec,sim3,template4,0.2552,0.2732,11,8,0.387,0.3117
experiment,EMAS,vec,sim4,template1,0.4408,0.4632,9,9,0.6274,0.544
experiment,EMAS,vec,sim4,template2,0.4338,0.4632,4,3,0.5043,0.4833
experiment,EMAS,vec,sim4,template3,0.4744,0.518,3,2,0.5826,0.5373
experiment,EMAS,vec,sim4,template4,0.2583,0.2772,16,10,0.3514,0.2915
