dataset,station,covered,absR,oriented_ReR
ingv,ECPN,True,0.3793647134448853,0.37080233990670697
ingv,ECPN,True,0.36607347060530004,0.1528029818802901
ingv,ECPN,True,0.42826453004522447,-0.367307292173543
ingv,ECPN,True,0.4340181634409429,-0.41258536142501484
ingv,ECPN,True,0.39489047634584973,0.3946731514044178
ingv,ECPN,True,0.39932187938178304,-0.3990269491026703
ingv,ECPN,True,0.4303232113663807,0.2977857330874834
ingv,ECPN,True,0.571026462606371,0.44608105449506036
ingv,ECPN,True,0.38382414563941414,0.28447105614920337
ingv,ECPN,True,0.44896972674629837,0.3025918857722692
ingv,ECPN,True,0.4280224470315963,0.3316634667722613
ingv,ECPN,True,0.4679234956883242,-0.1846225890047584
ingv,ECPN,True,0.439709289646111,0.3079738086887778
ingv,ECPN,True,0.5292470491658432,0.5159818073359743
ingv,ECPN,True,0.4193360707295695,-0.3785017376672932
ingv,ECPN,True,0.49130337870224083,-0.2779310503349334
ingv,ECPN,True,0.3984601467765001,-0.3742422536482499
ingv,ECPN,True,0.3607282433201242,0.08738598569883568
ingv,ECPN,True,0.45632712956921784,0.1928437035950666
ingv,ECPN,True,0.4739461982436221,-0.4509380702967891
ingv,ECPN,True,0.35981816543097495,-0.10678919046339402
ingv,ECPN,True,0.4353184353126141,0.3825097568388973
ingv,ECPN,True,0.40618021820379235,-0.3429093213026345
ingv,ECPN,True,0.509693196619161,-0.46897088261646996
ingv,ECPN,True,0.41087653081955633,0.22637871556480757
ingv,ECPN,True,0.5063827896906083,0.3616392461718126
ingv,ECPN,True,0.4500308079423675,-0.09400682479037284
ingv,ECPN,True,0.4188632144068829,-0.3675901047204787
ingv,ECPN,True,0.49499940432343015,-0.4599415788119833
ingv,ECPN,True,0.44440649680977634,-0.40041803046356006
ingv,ECPN,True,0.3811451496789253,-0.3534000675533474
ingv,ECPN,True,0.407285454364642,-0.287457319197707
ingv,ECPN,True,0.406398710038465,-0.03750970207615432
ingv,ECPN,True,0.38315231793734145,0.38309150790547974
ingv,ECPN,True,0.3931842680495857,0.38587007121817835
ingv,ECPN,True,0.4471454196863522,0.36850797091215665
ingv,ECPN,True,0.34172907828423504,0.2505918954571278
ingv,ECPN,True,0.38342862848736115,-0.1286975692884196
ingv,ECPN,True,0.43281506936441777,-0.41116726802931053
ingv,ECPN,True,0.37691129163382736,0.03318461277142655
ingv,ECPN,True,0.4440539508935972,0.3777805639712924
ingv,ECPN,True,0.48596697412947276,0.44586131579966154
ingv,ECPN,True,0.6311836339546376,-0.508958343409849
ingv,ECPN,True,0.44048364376049937,0.4329953649833007
ingv,ECPN,True,0.46599257369532704,0.4303009162209015
ingv,ECPN,True,0.47587764996470594,0.3016919369206128
ingv,ECPN,True,0.37176423393660507,-0.25344259987317086
ingv,ECPN,True,0.4358434392718577,-0.4077157983745831
ingv,ECPN,True,0.45023237153224044,0.1296465046469536
ingv,ECPN,True,0.42419312326676917,-0.27392846899564194
ingv,ECPN,True,0.4735274534937955,-0.41784390349093103
ingv,ECPN,True,0.39506975502867064,0.3462931030574121
ingv,ECPN,True,0.4215941331455832,-0.1672276436407648
ingv,ECPN,True,0.38460918032205094,-0.3273488354530747
ingv,ECPN,True,0.4042398281406969,0.28326888685997265
ingv,ECPN,True,0.4262224036758251,0.2549854156823498
ingv,ECPN,True,0.4858507538108844,-0.47656190179511765
ingv,ECPN,True,0.4447715087245948,0.25951525260216196
ingv,ECPN,True,0.4267810915711175,0.02838596172287394
ingv,ECPN,True,0.48517563621044174,-0.3026981676189672
ingv,EEC1,True,0.39523476394113455,0.14317591599849272
ingv,EEC1,True,0.3305223154379771,0.14501288606931412
ingv,EEC1,True,0.34460198674114606,-0.17222679780933084
ingv,EEC1,True,0.37718829641551693,-0.30553406321494436
ingv,EEC1,True,0.4899998157239832,-0.14512205820716886
ingv,EEC1,True,0.3527919082904457,-0.22323671275968215
ingv,EEC1,True,0.4061722101343204,0.3864313983960246
ingv,EEC1,True,0.39917076086236225,-0.027657215256809503
ingv,EEC1,True,0.34916873723998326,0.1328959284219466
ingv,EEC1,True,0.4072053477770398,0.16774228192882573
ingv,EEC1,True,0.31619826083693764,-0.11860024422031638
ingv,EEC1,True,0.4103802008170124,-0.07348756711834935
ingv,EEC1,True,0.38141083189868985,0.20545034472798057
ingv,EEC1,True,0.37168207136851805,0.0472275336542719
ingv,EEC1,True,0.3735327614756584,-0.11962509922632804
ingv,EEC1,True,0.41195706291639717,-0.11948559449867455
ingv,EEC1,True,0.33136351482868254,-0.0837660659546862
ingv,EEC1,True,0.4468417158684691,-0.2634615896020496
ingv,EEC1,True,0.46464905897726216,-0.3936367815025374
ingv,EEC1,True,0.3850089532914626,-0.024318980416704206
ingv,EEC1,True,0.3396902238306246,0.1356950134332835
ingv,EEC1,True,0.46805382497783765,-0.26930188657462256
ingv,EEC1,True,0.3546462001354321,0.15652781913989253
ingv,EEC1,True,0.36141426625107825,-0.09232563704767657
ingv,EEC1,True,0.35785786576474804,0.15864008073897634
ingv,EEC1,True,0.4290106653452126,0.0793408877584252
ingv,EEC1,True,0.32385238071262995,0.18969243980494555
ingv,EEC1,True,0.4380183272060231,0.20992571505488697
ingv,EEC1,True,0.3950792687084081,0.0030688256697025255
ingv,EEC1,True,0.40859701461467596,0.08925125290261858
ingv,EEC1,True,0.3591159455610625,0.18360022790772734
ingv,EEC1,True,0.36155857904480554,0.1483775911772342
ingv,EEC1,True,0.35339470871568707,-0.009386617329195724
ingv,EEC1,True,0.3556077955610806,0.15321032022172804
ingv,EEC1,True,0.35785786576474765,0.1586400807389762
ingv,EEC1,True,0.35456669601119395,0.06265771011412272
ingv,EEC1,True,0.3507488001694739,-0.1530348147033126
ingv,EEC1,True,0.39532203000211075,0.3568158035092016
ingv,EEC1,True,0.3846731424840706,-0.08242376255257391
ingv,EEC1,True,0.3431453503078687,-0.32268393786550037
ingv,EEC1,True,0.3351798801075765,-0.10650355287826921
ingv,EEC1,True,0.4123589708777184,0.1173953890638082
ingv,EEC1,True,0.411655118466272,-0.3963049628614455
ingv,EEC1,True,0.36528806909788064,-0.2703621318056486
ingv,EEC1,True,0.3887780591686647,0.1414299518328046
ingv,EEC1,True,0.32844919782684906,0.02625607872284761
ingv,EEC1,True,0.3646657932574384,0.18755515600546946
ingv,EEC1,True,0.30426805938649437,0.10269460301017731
ingv,EEC1,True,0.4336146760426621,-0.24191727115938572
ingv,EEC1,True,0.35550857714693485,0.09461810372994232
ingv,EEC1,True,0.41074168899986746,-0.2044443407035175
ingv,EEC1,True,0.4144047540923911,0.06714958878093348
ingv,EEC1,True,0.37871461218666685,-0.36968900835877744
ingv,EEC1,True,0.47977566906723595,-0.07201766783079865
ingv,EEC1,True,0.3574559045371208,-0.34356797229974195
ingv,EEC1,True,0.41969815822088435,0.19486520180946293
ingv,EEC1,True,0.3819689308762036,-0.21221664016386485
ingv,EEC1,True,0.3047156365300243,-0.2649147725115677
ingv,EEC1,True,0.3858051706678039,-0.09128143284665319
ingv,EEC1,True,0.3724111898349613,0.010990565302915267
experiment,EC1,True,0.4561180130008938,0.2550660971815445
experiment,EC1,True,0.3488992510053966,0.007110970669473304
experiment,EC1,True,0.36460232804410353,-0.2694355757886592
experiment,EC1,True,0.3978835088030224,0.07954726149998737
experiment,EC1,True,0.3491658195036718,-0.13844778427018117
experiment,EC1,True,0.37452648152669504,0.16925981411243296
experiment,EC1,True,0.3337585747014035,-0.33074390211265214
experiment,EC1,True,0.38667662338239356,0.2873771096773113
experiment,EC1,True,0.38541440369244745,-0.1386681491180805
experiment,EC1,True,0.44025952888705244,0.4398485739335589
experiment,EC1,True,0.37525935993091264,0.04478431134925498
experiment,EC1,True,0.40633561245820204,0.2694704452270248
experiment,EC1,True,0.3731035942884455,-0.31801368919544143
experiment,EC1,True,0.3620207378828778,-0.3594687804397537
experiment,EC1,True,0.39635022586121743,-0.021958570657409415
experiment,EC1,True,0.42981279181375726,0.3333149075518815
experiment,EC1,True,0.4052296014473465,-0.18516585961679566
experiment,EC1,True,0.44236688816100656,0.2982699636420482
experiment,EC1,True,0.42475632401509156,-0.1669358078211858
experiment,EC1,True,0.382790714175345,-0.3724983114087059
experiment,EC1,True,0.40283904754132616,0.1035157124212451
experiment,EC1,True,0.4226476380219913,-0.13100275550811394
experiment,EC1,True,0.36855979735379957,-0.19456145838872774
experiment,EC1,True,0.3963502258612174,-0.021958570657409415
experiment,EC1,True,0.43860455602380805,0.43080059579314206
experiment,EC1,True,0.34252764527798696,-0.319596564369709
experiment,EC1,True,0.39279345052162695,0.1472008935238489
experiment,EC1,True,0.4402688149053245,-0.18271473083861403
experiment,EC1,True,0.3720343862963762,-0.3240629087069065
experiment,EC1,True,0.3488992510053957,0.007110970669473193
experiment,EC1,True,0.35439372604082314,-0.012764026117412425
experiment,EC1,True,0.4402595288870539,0.43984857393356025
experiment,EC1,True,0.3472547941919484,0.22262688477548345
experiment,EC1,True,0.4598275114066638,-0.060841854617639274
experiment,EC1,True,0.3985435946911306,0.24604392149235393
experiment,EC1,True,0.38667662338239317,0.287377109677311
experiment,EC1,True,0.4561180130008948,0.2550660971815451
experiment,EC1,True,0.33375857470140424,-0.33074390211265287
experiment,EC1,True,0.40820741398758387,0.4078563662189894
experiment,EC1,True,0.46210088212006023,-0.3172197776490433
experiment,EC1,True,0.3613619628355678,0.3497659976037936
experiment,EC1,True,0.46273287477223324,-0.07051973885874144
experiment,EC1,True,0.3353691862113954,0.003853280445318713
experiment,EC1,True,0.4272541308964728,0.2928870088128367
experiment,EC1,True,0.3914501814350108,-0.20242380960772108
experiment,EC1,True,0.39093427494688965,0.008965305558733289
experiment,EC1,True,0.5279419491749371,0.17977921627494603
experiment,EC1,True,0.3800320633802658,0.3674310970254119
experiment,EC1,True,0.45170554473871316,-0.1515250682738945
experiment,EC1,True,0.44025952888705283,0.43984857393355925
experiment,EC1,True,0.407996858728398,0.14353674423437934
experiment,EC1,True,0.4298127918137582,0.33331490755188226
experiment,EC1,True,0.3546836621478508,0.2306873607628513
experiment,EC1,True,0.3795242027134408,0.22643437018098697
experiment,EC1,True,0.3623163994144994,0.25292242153116695
experiment,EC1,True,0.3869191188619208,-0.207502896620569
experiment,EC1,True,0.3689659239726147,-0.20831738462932936
experiment,EC1,True,0.4917137440488518,-0.28319309410134497
experiment,EC1,True,0.39836478833421546,0.14420863475734375
experiment,EC1,True,0.31387329144754494,0.09707731354726214
experiment,EC10,True,0.38786331852633943,0.06545849360053355
experiment,EC10,True,0.3467421465832751,0.29580542309875624
experiment,EC10,True,0.3363957863786673,0.3203748992994361
experiment,EC10,True,0.4034257987627338,0.27853121734693387
experiment,EC10,True,0.380981811079389,-0.10045784235305283
experiment,EC10,True,0.3803668591978783,0.21510532245047673
experiment,EC10,True,0.45118504074834387,0.33417704744293486
experiment,EC10,True,0.36698257607071477,-0.061295161101070694
experiment,EC10,True,0.4864387353038268,0.4859394844203648
experiment,EC10,True,0.38209987092627484,0.3801744040510101
experiment,EC10,True,0.49933737974975334,-0.21430592736033657
experiment,EC10,True,0.3747130134433883,0.0023772613564459755
experiment,EC10,True,0.40207433443556734,0.26188476439327274
experiment,EC10,True,0.3599087725099666,0.11152000309807823
experiment,EC10,True,0.39135098971351895,0.16476658331526028
experiment,EC10,True,0.41213880701234373,0.27006100555159523
experiment,EC10,True,0.3746651164719148,-0.16545661607046755
experiment,EC10,True,0.3669825760707154,-0.06129516110107075
experiment,EC10,True,0.39657588570761726,-0.10828452983335844
experiment,EC10,True,0.4864387353038285,0.48593948442036644
experiment,EC10,True,0.36253702548874,-0.34632258695576534
experiment,EC10,True,0.3746651164719132,-0.16545661607046688
experiment,EC10,True,0.35576567163726536,-0.26638793500406666
experiment,EC10,True,0.3765066095602622,-0.01601884336600179
experiment,EC10,True,0.39778745385183095,-0.3296361352608624
experiment,EC10,True,0.449618195333631,-0.24928977786365414
experiment,EC10,True,0.34202207016147246,-0.1580150803397507
experiment,EC10,True,0.3557656716372651,-0.26638793500406655
experiment,EC10,True,0.4590137424767803,-0.43791493255514446
experiment,EC10,True,0.335766746169702,0.1890242651986728
experiment,EC10,True,0.4020743344355664,0.26188476439327213
experiment,EC10,True,0.36253398090304445,0.15749128994842643
experiment,EC10,True,0.3923377210226809,-0.23486321188470055
experiment,EC10,True,0.4519531963096566,0.2770277091234315
experiment,EC10,True,0.35595377289376723,0.15629470430449005
experiment,EC10,True,0.359375498876317,0.3400367905678493
experiment,EC10,True,0.4643294307691024,-0.24662808752167706
experiment,EC10,True,0.3498376153610504,-0.1422347088125396
experiment,EC10,True,0.41238547241897844,0.3132126719845606
experiment,EC10,True,0.4864387353038269,0.48593948442036494
experiment,EC10,True,0.32618219324603703,-0.06695586356009173
experiment,EC10,True,0.33542962363767725,0.3223353925588863
experiment,EC10,True,0.41724954325507174,0.3651512293198882
experiment,EC10,True,0.3133485859457723,-0.23757985519305164
experiment,EC10,True,0.4093121442242493,-0.34398349908890263
experiment,EC10,True,0.3309720774877217,0.30019060167263506
experiment,EC10,True,0.37384610283489694,-0.30977367092035646
experiment,EC10,True,0.3498376153610505,-0.14223470881253966
experiment,EC10,True,0.363520409834952,-0.20510219089939896
experiment,EC10,True,0.41052732130167646,-0.20164029758481591
experiment,EC10,True,0.3765066095602633,-0.016018843366001873
experiment,EC10,True,0.3943044781100411,0.09192551591848279
experiment,EC10,True,0.3822321168601252,0.3081558712636826
experiment,EC10,True,0.43815533583166,-0.16066779438854772
experiment,EC10,True,0.3798138388520781,-0.23508615091711021
experiment,EC10,True,0.3567867930884495,0.13924550482888093
experiment,EC10,True,0.3765066095602638,-0.0160188433660019
experiment,EC10,True,0.44002259771136354,0.43852041418485654
experiment,EC10,True,0.45578447038413916,0.2611388874835705
experiment,EC10,True,0.3798138388520783,-0.23508615091711033
experiment,ECIT,False,0.33189954598238847,
experiment,ECIT,False,0.3771760445468666,
experiment,ECIT,False,0.4204855336401191,
experiment,ECIT,False,0.3956986388953383,
experiment,ECIT,False,0.4162198691701075,
experiment,ECIT,False,0.35401421512068193,
experiment,ECIT,False,0.48739748545357414,
experiment,ECIT,False,0.35912186118779105,
experiment,ECIT,False,0.4737314639801908,
experiment,ECIT,False,0.3761854422586568,
experiment,ECIT,False,0.4204222247889603,
experiment,ECIT,False,0.43936975543484846,
experiment,ECIT,False,0.3689398631520899,
experiment,ECIT,False,0.505989396114416,
experiment,ECIT,False,0.36215292810853295,
experiment,ECIT,False,0.35752021600271033,
experiment,ECIT,False,0.4070104050774868,
experiment,ECIT,False,0.3682563685486229,
experiment,ECIT,False,0.399891735948542,
experiment,ECIT,False,0.3270017703145567,
experiment,ECIT,False,0.36307921678196087,
experiment,ECIT,False,0.39575706766589874,
experiment,ECIT,False,0.4305456503001468,
experiment,ECIT,False,0.3270017703145568,
experiment,ECIT,False,0.333263433327576,
experiment,ECIT,False,0.3631861572770125,
experiment,ECIT,False,0.32799083021845044,
experiment,ECIT,False,0.3776026013792349,
experiment,ECIT,False,0.4137964916412107,
experiment,ECIT,False,0.39330512011331004,
experiment,ECIT,False,0.39989173594854177,
experiment,ECIT,False,0.3748835055403716,
experiment,ECIT,False,0.3742889060409838,
experiment,ECIT,False,0.361919143972415,
experiment,ECIT,False,0.3446312125142329,
experiment,ECIT,False,0.43928441789862677,
experiment,ECIT,False,0.3609813703228923,
experiment,ECIT,False,0.376342624856625,
experiment,ECIT,False,0.3270017703145564,
experiment,ECIT,False,0.3405297435984955,
experiment,ECIT,False,0.3668090714296527,
experiment,ECIT,False,0.36191914397241504,
experiment,ECIT,False,0.34597691397460717,
experiment,ECIT,False,0.4204657585550336,
experiment,ECIT,False,0.39569863889533846,
experiment,ECIT,False,0.5057118229728091,
experiment,ECIT,False,0.3270017703145569,
experiment,ECIT,False,0.48881212167167576,
experiment,ECIT,False,0.377602601379235,
experiment,ECIT,False,0.3881415332888611,
experiment,ECIT,False,0.36031436872798345,
experiment,ECIT,False,0.5059893961144161,
experiment,ECIT,False,0.3857622191901317,
experiment,ECIT,False,0.3935532090511409,
experiment,ECIT,False,0.3043064964974174,
experiment,ECIT,False,0.37428890604098375,
experiment,ECIT,False,0.3881415332888626,
experiment,ECIT,False,0.3933051201133109,
experiment,ECIT,False,0.37178305495067887,
experiment,ECIT,False,0.39678574444848647,
experiment,ECOR,False,0.41776278104479425,
experiment,ECOR,False,0.40744900282341007,
experiment,ECOR,False,0.43541399266672676,
experiment,ECOR,False,0.3835656751815669,
experiment,ECOR,False,0.4571570078166658,
experiment,ECOR,False,0.3495664300735615,
experiment,ECOR,False,0.3937192955593223,
experiment,ECOR,False,0.41715658326624844,
experiment,ECOR,False,0.4180296390078805,
experiment,ECOR,False,0.4645988890607309,
experiment,ECOR,False,0.3534542792058858,
experiment,ECOR,False,0.4199784578186989,
experiment,ECOR,False,0.3974985466100319,
experiment,ECOR,False,0.37429990268124064,
experiment,ECOR,False,0.4034158469223402,
experiment,ECOR,False,0.3964374033340933,
experiment,ECOR,False,0.4398990956467691,
experiment,ECOR,False,0.45935591686263755,
experiment,ECOR,False,0.41515878949675644,
experiment,ECOR,False,0.4693507102871385,
experiment,ECOR,False,0.3867985524171312,
experiment,ECOR,False,0.4015533138733183,
experiment,ECOR,False,0.49933731047973157,
experiment,ECOR,False,0.3951892344000421,
experiment,ECOR,False,0.4026157686281956,
experiment,ECOR,False,0.40240273787422576,
experiment,ECOR,False,0.47056844247098534,
experiment,ECOR,False,0.3462362327448637,
experiment,ECOR,False,0.42934524500261456,
experiment,ECOR,False,0.3819875637865769,
experiment,ECOR,False,0.41805851479034334,
experiment,ECOR,False,0.4370545486716652,
experiment,ECOR,False,0.4709816009008798,
experiment,ECOR,False,0.34206851963905055,
experiment,ECOR,False,0.4045506472451267,
experiment,ECOR,False,0.4227022019456912,
experiment,ECOR,False,0.4160665236049331,
experiment,ECOR,False,0.4278386899189876,
experiment,ECOR,False,0.4278386899189879,
experiment,ECOR,False,0.4072198851027368,
experiment,ECOR,False,0.4136933701788825,
experiment,ECOR,False,0.39374162147139347,
experiment,ECOR,False,0.3615832457211022,
experiment,ECOR,False,0.34533536038518375,
experiment,ECOR,False,0.3986213116723143,
experiment,ECOR,False,0.4024427072013077,
experiment,ECOR,False,0.4691581080621767,
experiment,ECOR,False,0.4424906967590201,
experiment,ECOR,False,0.47513078139242465,
experiment,ECOR,False,0.4389640839309557,
experiment,ECOR,False,0.4136933701788825,
experiment,ECOR,False,0.4400438647391044,
experiment,ECOR,False,0.4499187404923021,
experiment,ECOR,False,0.3883416363630624,
experiment,ECOR,False,0.47248980381856026,
experiment,ECOR,False,0.3768596982001096,
experiment,ECOR,False,0.39830702105100857,
experiment,ECOR,False,0.43361786753441345,
experiment,ECOR,False,0.3938204991119636,
experiment,ECOR,False,0.42121837474012086,
experiment,EMAS,True,0.29576888108232385,0.28137069294962597
experiment,EMAS,True,0.3975220804305301,0.3403995075853575
experiment,EMAS,True,0.40574972198656284,-0.32525906018868234
experiment,EMAS,True,0.35809200155945337,0.16890018261086387
experiment,EMAS,True,0.3975960775154602,0.0594039318575544
experiment,EMAS,True,0.3401086638697216,-0.3115706066685921
experiment,EMAS,True,0.3626357879394442,-0.36166988441798537
experiment,EMAS,True,0.3580920015594526,0.16890018261086348
experiment,EMAS,True,0.40311044936870943,0.10855068858155974
experiment,EMAS,True,0.34010866386972205,-0.31157060666859254
experiment,EMAS,True,0.385469747869629,0.0466971909670723
experiment,EMAS,True,0.35045786283398556,0.1798868552924914
experiment,EMAS,True,0.3401086638697224,-0.3115706066685928
experiment,EMAS,True,0.38891399329355025,0.06728831909331809
experiment,EMAS,True,0.3162811724534588,0.2925474609076203
experiment,EMAS,True,0.37613031925816226,0.04700649349718492
experiment,EMAS,True,0.3153766300728692,-0.2736533027914758
experiment,EMAS,True,0.42147549385979155,-0.1387609193034228
experiment,EMAS,True,0.4450039372029875,0.4336355482823833
experiment,EMAS,True,0.3550042081258127,0.057857539428214574
experiment,EMAS,True,0.3926935759095155,0.23944917054685877
experiment,EMAS,True,0.5862877542361752,-0.5662477433185599
experiment,EMAS,True,0.36263578793944473,-0.3616698844179859
experiment,EMAS,True,0.39269357590951554,0.23944917054685877
experiment,EMAS,True,0.3621679507435423,-0.25944520468196175
experiment,EMAS,True,0.3228680028755635,-0.2993227515262176
experiment,EMAS,True,0.45299019155169046,-0.38781840480303265
experiment,EMAS,True,0.4497180472203446,-0.11496900841337364
experiment,EMAS,True,0.3433860603133819,0.10511860412250314
experiment,EMAS,True,0.3409408476207979,-0.14089492977137888
experiment,EMAS,True,0.4130655835976987,-0.27774018199058004
experiment,EMAS,True,0.3840751222813664,-0.14144980207142424
experiment,EMAS,True,0.4113625279860026,-0.2118088078967077
experiment,EMAS,True,0.40108639249929456,-0.08127710434815191
experiment,EMAS,True,0.35145585497252474,0.09547499035778001
experiment,EMAS,True,0.3452613430379327,-0.006339986333339147
experiment,EMAS,True,0.35253668052291043,0.005757860725029108
experiment,EMAS,True,0.3806867061167391,-0.35071941809511925
experiment,EMAS,True,0.4450039372029861,0.43363554828238193
experiment,EMAS,True,0.3157401640909592,0.23673498155745973
experiment,EMAS,True,0.34064891854084556,0.28470596349209676
experiment,EMAS,True,0.35886233995830635,0.22309410480608222
experiment,EMAS,True,0.30850275344917877,-0.2839625943941656
experiment,EMAS,True,0.3452613430379324,-0.006339986333339081
experiment,EMAS,True,0.3611368955439313,-0.3610743705658775
experiment,EMAS,True,0.48452628461977093,-0.48395518702012635
experiment,EMAS,True,0.3349524468171064,-0.00691923773684708
experiment,EMAS,True,0.3228680028755626,-0.2993227515262168
experiment,EMAS,True,0.34064891854084595,0.28470596349209704
experiment,EMAS,True,0.35706782010421634,0.0559528100637695
experiment,EMAS,True,0.35706782010421656,0.05595281006376948
experiment,EMAS,True,0.36775006721309883,-0.3130841678194155
experiment,EMAS,True,0.3975960775154603,0.059403931857554396
experiment,EMAS,True,0.33855318244596144,0.07540978707408116
experiment,EMAS,True,0.3674210806464636,0.3331227880555847
experiment,EMAS,True,0.40311044936870943,0.10855068858155965
experiment,EMAS,True,0.46342966620262327,0.4233735331858382
experiment,EMAS,True,0.3611368955439289,-0.3610743705658751
experiment,EMAS,True,0.32667042473464003,-0.1860560007151133
experiment,EMAS,True,0.46394123665521014,0.24650844150263632
