time_seconds,x
0.0,1.1320588417786705e-07
1.0,1.1789280275235479e-07
2.0,1.2258078519743088e-07
3.0,1.2726227995800668e-07
4.0,1.3192969042176095e-07
5.0,1.3657539625867478e-07
6.0,1.4119177472827743e-07
7.0,1.4577122185616737e-07
8.0,1.5030617338405005e-07
9.0,1.5478912540064918e-07
10.0,1.592126545648924e-07
11.0,1.6356943783809325e-07
12.0,1.678522716479494e-07
13.0,1.7205409041323598e-07
14.0,1.7616798436360307e-07
15.0,1.8018721659363527e-07
16.0,1.8410523929426124e-07
17.0,1.8791570910811383e-07
18.0,1.9161250155945915e-07
19.0,1.9518972451492263e-07
20.0,1.986417306387086e-07
21.0,2.0196312881422994e-07
22.0,2.0514879451154593e-07
23.0,2.0819387908623177e-07
24.0,2.1109381800063408e-07
25.0,2.1384433796325272e-07
26.0,2.1644146298637694e-07
27.0,2.1888151936632427e-07
28.0,2.2116113959500375e-07
29.0,2.2327726521618904e-07
30.0,2.2522714864450728e-07
31.0,2.270083539691955e-07
32.0,2.2861875676802823e-07
33.0,2.300565429598375e-07
34.0,2.313202067270585e-07
35.0,2.3240854754273787e-07
36.0,2.33320666339253e-07
37.0,2.3405596085858068e-07
38.0,2.3461412022636177e-07
39.0,2.3499511879394624e-07
40.0,2.3519920929357797e-07
41.0,2.3522691535184222e-07
42.0,2.350790234059226e-07
43.0,2.3475657406655035e-07
44.0,2.3426085297100583e-07
45.0,2.3359338116929997e-07
46.0,2.3275590508689888e-07
47.0,2.3175038610835038e-07
48.0,2.305789898282547e-07
49.0,2.292440750191269e-07
50.0,2.2774818236896245e-07
51.0,2.260940230436213e-07
52.0,2.2428446713015455e-07
53.0,2.223225320172908e-07
54.0,2.2021137076859852e-07
55.0,2.179542605420979e-07
56.0,2.155545911074218e-07
57.0,2.1301585350855551e-07
58.0,2.103416289168568e-07
59.0,2.075355777151407e-07
60.0,2.046014288493324e-07
61.0,2.0154296948049666e-07
62.0,1.9836403496745055e-07
63.0,1.9506849920816514e-07
64.0,1.91660265366237e-07
65.0,1.8814325700702375e-07
66.0,1.8452140966682856e-07
67.0,1.8079866287743004e-07
68.0,1.769789526667493e-07
69.0,1.7306620455443462e-07
70.0,1.690643270588905e-07
71.0,1.6497720572986837e-07
72.0,1.6080869771808198e-07
73.0,1.5656262689043628e-07
74.0,1.5224277949659523e-07
75.0,1.4785290038988273e-07
76.0,1.4339668980270764e-07
77.0,1.3887780067340437e-07
78.0,1.3429983651734744e-07
79.0,1.2966634983049718e-07
80.0,1.2498084100830567e-07
81.0,1.2024675775742226e-07
82.0,1.154674949724043e-07
83.0,1.1064639504497384e-07
84.0,1.0578674856912623e-07
85.0,1.0089179540176749e-07
86.0,9.596472603619595e-08
87.0,9.100868324467695e-08
88.0,8.602676394573813e-08
89.0,8.102202125112914e-08
90.0,7.599746664710997e-08
91.0,7.09560722656201e-08
92.0,6.590077320311043e-08
93.0,6.083446984785794e-08
94.0,5.5760030179650256e-08
95.0,5.068029200826416e-08
96.0,4.5598065119085864e-08
97.0,4.05161332960351e-08
98.0,3.54372561946455e-08
99.0,3.036417104249774e-08
100.0,2.5299594149977842e-08
101.0,2.024622222038514e-08
102.0,1.520673345359011e-08
103.0,1.018378844112869e-08
104.0,5.180030852555563e-09
105.0,1.9808791333177523e-10
106.0,-4.759429325469582e-09
107.0,-9.689925924660243e-09
108.0,-1.4590823198966009e-08
109.0,-1.9459559058794084e-08
110.0,-2.429358854515904e-08
111.0,-2.9090384550172365e-08
112.0,-3.384743871517836e-08
113.0,-3.856226249857481e-08
114.0,-4.323238840520041e-08
115.0,-4.785537136884236e-08
116.0,-5.2428790279035025e-08
117.0,-5.695024964296992e-08
118.0,-6.14173813732374e-08
119.0,-6.582784669251703e-08
120.0,-7.0179338147034e-08
121.0,-7.446958172109521e-08
122.0,-7.869633904512567e-08
123.0,-8.28574096895901e-08
124.0,-8.695063353731183e-08
125.0,-9.097389322701114e-08
126.0,-9.492511666115367e-08
127.0,-9.880227957118545e-08
128.0,-1.0260340813274803e-07
129.0,-1.0632658162227005e-07
130.0,-1.0996993510422762e-07
131.0,-1.1353166213547493e-07
132.0,-1.1701001746998282e-07
133.0,-1.2040331974500342e-07
134.0,-1.237099541290103e-07
135.0,-1.2692837491320199e-07
136.0,-1.3005710803144862e-07
137.0,-1.3309475349685594e-07
138.0,-1.360399877448879e-07
139.0,-1.3889156587233978e-07
140.0,-1.4164832375884433e-07
141.0,-1.4430918005432535e-07
142.0,-1.4687313801332387e-07
143.0,-1.4933928715657184e-07
144.0,-1.5170680474198445e-07
145.0,-1.5397495703069963e-07
146.0,-1.5614310033765387e-07
147.0,-1.5821068185963473e-07
148.0,-1.6017724027671276e-07
149.0,-1.6204240612561147e-07
150.0,-1.638059019460123e-07
151.0,-1.654675422029299e-07
152.0,-1.6702723298992584e-07
153.0,-1.6848497151892766e-07
154.0,-1.698408454030075e-07
155.0,-1.710950317389917e-07
156.0,-1.722477959970606e-07
157.0,-1.732994907239598e-07
158.0,-1.7425055406497533e-07
159.0,-1.751015081082692e-07
160.0,-1.7585295705444816e-07
161.0,-1.7650558521447833e-07
162.0,-1.770601548398607e-07
163.0,-1.7751750378998992e-07
164.0,-1.778785430425135e-07
165.0,-1.7814425405298313e-07
166.0,-1.783156859701523e-07
167.0,-1.7839395271300175e-07
168.0,-1.7838022991466432e-07
169.0,-1.782757517369029e-07
170.0,-1.7808180755785877e-07
171.0,-1.7779973853676686e-07
172.0,-1.774309340621876e-07
173.0,-1.769768280939692e-07
174.0,-1.7643889541295683e-07
175.0,-1.758186477962165e-07
176.0,-1.751176301386511e-07
177.0,-1.7433741654340582e-07
178.0,-1.7347960640325774e-07
179.0,-1.7254582049421656e-07
180.0,-1.7153769710166497e-07
181.0,-1.704568881985042e-07
182.0,-1.6930505569373725e-07
183.0,-1.6808386776907532e-07
184.0,-1.667949953208838e-07
185.0,-1.6544010852473752e-07
186.0,-1.640208735393112e-07
187.0,-1.625389493650846e-07
188.0,-1.609959848715836e-07
189.0,-1.5939361600460896e-07
190.0,-1.5773346318231668e-07
191.0,-1.5601712888718183e-07
192.0,-1.5424619546102522e-07
193.0,-1.5242222311232268e-07
194.0,-1.5054674814722506e-07
195.0,-1.4862128143618195e-07
196.0,-1.466473071263535e-07
197.0,-1.4462628160732522e-07
198.0,-1.425596327354949e-07
199.0,-1.4044875932133668e-07
200.0,-1.3829503088289737e-07
201.0,-1.3609978766744394e-07
202.0,-1.338643409407387e-07
203.0,-1.3158997353991438e-07
204.0,-1.2927794068165775e-07
205.0,-1.269294710133842e-07
206.0,-1.2454576789249533e-07
207.0,-1.2212801087778244e-07
208.0,-1.1967735741639533e-07
209.0,-1.1719494470822986e-07
210.0,-1.1468189172669947e-07
211.0,-1.1213930137119738e-07
212.0,-1.0956826272324157e-07
213.0,-1.0696985337646825e-07
214.0,-1.04345141810783e-07
215.0,-1.0169518978263713e-07
216.0,-9.902105470566543e-08
217.0,-9.63237919981416e-08
218.0,-9.360445737575893e-08
219.0,-9.086410907041877e-08
220.0,-8.810380995833203e-08
221.0,-8.532462958372121e-08
222.0,-8.25276460671737e-08
223.0,-7.971394788974386e-08
224.0,-7.688463554527634e-08
225.0,-7.404082305437244e-08
226.0,-7.118363933410316e-08
227.0,-6.831422941835034e-08
228.0,-6.54337555250017e-08
229.0,-6.254339796822076e-08
230.0,-5.964435591621422e-08
231.0,-5.673784799666911e-08
232.0,-5.3825112752963695e-08
233.0,-5.0907408954578555e-08
234.0,-4.7986015765207386e-08
235.0,-4.506223277189633e-08
236.0,-4.213737987798168e-08
237.0,-3.921279706181975e-08
238.0,-3.628984400278295e-08
239.0,-3.336989957622026e-08
240.0,-3.0454361220309506e-08
241.0,-2.754464417972313e-08
242.0,-2.4642180633004577e-08
243.0,-2.1748418711690507e-08
244.0,-1.886482141920351e-08
245.0,-1.5992865456533702e-08
246.0,-1.3134039960228114e-08
247.0,-1.0289845157145531e-08
248.0,-7.461790940801503e-09
249.0,-4.651395376246758e-09
250.0,-1.8601831435064066e-09
251.0,9.103160679073272e-10
252.0,3.6585692003532837e-09
253.0,6.383041493874698e-09
254.0,9.082198168063432e-09
255.0,1.1754506114762968e-08
256.0,1.4398435598893647e-08
257.0,1.7012461966310405e-08
258.0,1.9595067358896975e-08
259.0,2.2144742438637277e-08
260.0,2.4659988124071788e-08
261.0,2.7139317343709917e-08
262.0,2.958125681115898e-08
263.0,3.198434882574166e-08
264.0,3.4347153100279174e-08
265.0,3.666824861519332e-08
266.0,3.894623549604074e-08
267.0,4.1179736910291205e-08
268.0,4.336740097801951e-08
269.0,4.5507902689578404e-08
270.0,4.7599945821346384e-08
271.0,4.964226483889321e-08
272.0,5.163362677564525e-08
273.0,5.357283307428961e-08
274.0,5.5458721377992987e-08
275.0,5.7290167259531996e-08
276.0,5.906608587870397e-08
277.0,6.07854335615379e-08
278.0,6.244720929843153e-08
279.0,6.40504561618847e-08
280.0,6.559426264738292e-08
281.0,6.707776394304391e-08
282.0,6.850014313527695e-08
283.0,6.986063235922145e-08
284.0,7.115851390397336e-08
285.0,7.23931212832867e-08
286.0,7.356384028236594e-08
287.0,7.467010999053504e-08
288.0,7.571142382837471e-08
289.0,7.66873305768534e-08
290.0,7.75974354148543e-08
291.0,7.844140096951128e-08
292.0,7.921894838050623e-08
293.0,7.992985837554397e-08
294.0,8.057397235059301e-08
295.0,8.115119344562977e-08
296.0,8.166148760435693e-08
297.0,8.210488460440623e-08
298.0,8.248147904319906e-08
299.0,8.279143126474932e-08
300.0,8.303496821443456e-08
301.0,8.321238421080537e-08
302.0,8.332404162405956e-08
303.0,8.337037144959726e-08
304.0,8.335187376363033e-08
305.0,8.326911804778774e-08
306.0,8.312274337126524e-08
307.0,8.29134584213398e-08
308.0,8.264204137522087e-08
309.0,8.230933960837157e-08
310.0,8.191626923686011e-08
311.0,8.146381449369103e-08
312.0,8.095302694106457e-08
313.0,8.038502452209236e-08
314.0,7.976099045652644e-08
315.0,7.908217198525696e-08
316.0,7.834987896763909e-08
317.0,7.75654823342917e-08
318.0,7.67304123961508e-08
319.0,7.584615700879892e-08
320.0,7.491425958995377e-08
321.0,7.393631698738152e-08
322.0,7.291397719389861e-08
323.0,7.18489369053872e-08
324.0,7.074293891702598e-08
325.0,6.959776935230223e-08
326.0,6.841525471906901e-08
327.0,6.719725878762166e-08
328.0,6.594567928825658e-08
329.0,6.46624444303258e-08
330.0,6.334950925074855e-08
331.0,6.200885180577228e-08
332.0,6.064246922401027e-08
333.0,5.925237364096124e-08
334.0,5.784058803599111e-08
335.0,5.640914199289471e-08
336.0,5.4960067404785526e-08
337.0,5.349539414313885e-08
338.0,5.201714570972823e-08
339.0,5.05273348894311e-08
340.0,4.9027959421491043e-08
341.0,4.752099770660689e-08
342.0,4.600840456707886e-08
343.0,4.449210707710097e-08
344.0,4.297400047998586e-08
345.0,4.145594420864448e-08
346.0,3.9939758025164715e-08
347.0,3.842721829484176e-08
348.0,3.6920054409476585e-08
349.0,3.5419945374403936e-08
350.0,3.392851657382471e-08
351.0,3.2447336729647866e-08
352.0,3.0977915070159485e-08
353.0,2.9521698726329453e-08
354.0,2.8080070374694272e-08
355.0,2.6654346145162623e-08
356.0,2.5245773809072025e-08
357.0,2.385553125811095e-08
358.0,2.248472527967382e-08
359.0,2.1134390629781776e-08
360.0,1.9805489401341156e-08
361.0,1.849891068339161e-08
362.0,1.721547050580011e-08
363.0,1.595591206289349e-08
364.0,1.4720906208341048e-08
365.0,1.3511052212247557e-08
366.0,1.2326878770185677e-08
367.0,1.1168845253106603e-08
368.0,1.0037343186958326e-08
369.0,8.932697951393316e-09
370.0,7.855170687834774e-09
371.0,6.804960407905278e-09
372.0,5.782206293282477e-09
373.0,4.786990176993724e-09
374.0,3.819339193945118e-09
375.0,2.8792285856516525e-09
376.0,1.9665846412970995e-09
377.0,1.0812877543456498e-09
378.0,2.2317557077919252e-10
379.0,-6.079537975765971e-10
380.0,-1.4123385220655218e-09
381.0,-2.190249795152808e-09
382.0,-2.941988582530368e-09
383.0,-3.6678824133331935e-09
384.0,-4.368282230916986e-09
385.0,-5.043559324639314e-09
386.0,-5.694102361006405e-09
387.0,-6.320314530453168e-09
388.0,-6.922610823281392e-09
389.0,-7.501415444884348e-09
390.0,-8.057159377422535e-09
391.0,-8.590278093366133e-09
392.0,-9.101209425389926e-09
393.0,-9.590391596262713e-09
394.0,-1.0058261411460915e-08
395.0,-1.0505252616615276e-08
396.0,-1.0931794421817238e-08
397.0,-1.1338310194885271e-08
398.0,-1.1725216325295637e-08
399.0,-1.2092921259713613e-08
400.0,-1.2441824709531252e-08
401.0,-1.2772317030414758e-08
402.0,-1.3084778772739553e-08
403.0,-1.3379580399564787e-08
404.0,-1.3657082165963203e-08
405.0,-1.3917634150811027e-08
406.0,-1.4161576429999641e-08
407.0,-1.4389239378512663e-08
408.0,-1.460094408779687e-08
409.0,-1.4797002884316493e-08
410.0,-1.4977719935057293e-08
411.0,-1.5143391925623223e-08
412.0,-1.5294308796076408e-08
413.0,-1.543075451931344e-08
414.0,-1.5553007907484235e-08
415.0,-1.566134343356552e-08
416.0,-1.5756032056293164e-08
417.0,-1.5837342036460343e-08
418.0,-1.5905539731956324e-08
419.0,-1.5960890359145078e-08
420.0,-1.600365870966763e-08
421.0,-1.60341098140607e-08
422.0,-1.605250954608331e-08
423.0,-1.6059125163892308e-08
424.0,-1.6054225786024183e-08
425.0,-1.6038082801441016e-08
426.0,-1.601097021348979e-08
427.0,-1.597316491737868e-08
428.0,-1.5924946910207134e-08
429.0,-1.5866599432712185e-08
430.0,-1.5798409043016603e-08
431.0,-1.5720665624028334e-08
432.0,-1.5633662327179358e-08
433.0,-1.553769545619377e-08
434.0,-1.5433064295730632e-08
435.0,-1.5320070890460555e-08
436.0,-1.51990197796338e-08
437.0,-1.507021769035754e-08
438.0,-1.4933973190351995e-08
439.0,-1.4790596299179877e-08
440.0,-1.4640398056828354e-08
441.0,-1.4483690049939398e-08
442.0,-1.432078389809158e-08
443.0,-1.415199070482974e-08
444.0,-1.3977620480418967e-08
445.0,-1.3797981545188337e-08
446.0,-1.3613379923629646e-08
447.0,-1.3424118740302272e-08
448.0,-1.3230497629003609e-08
449.0,-1.303281216617671e-08
450.0,-1.2831353338191464e-08
451.0,-1.2626407050806106e-08
452.0,-1.241825368848769e-08
453.0,-1.2207167730930578e-08
454.0,-1.1993417433117219e-08
455.0,-1.1777264573458069e-08
456.0,-1.1558964272717882e-08
457.0,-1.1338764885311414e-08
458.0,-1.1116907964121157e-08
459.0,-1.0893628299646599e-08
460.0,-1.0669154033366382e-08
461.0,-1.0443706843555956e-08
462.0,-1.0217502199923338e-08
463.0,-9.990749681727634e-09
464.0,-9.763653352534078e-09
465.0,-9.536412183247775e-09
466.0,-9.30922051356073e-09
467.0,-9.08226854086491e-09
468.0,-8.855742825512107e-09
469.0,-8.629826802039044e-09
470.0,-8.404701287365512e-09
471.0,-8.18054497902693e-09
472.0,-7.957534939328304e-09
473.0,-7.735847064526462e-09
474.0,-7.515656540772152e-09
475.0,-7.297138289584729e-09
476.0,-7.080467404925534e-09
477.0,-6.865819582174331e-09
478.0,-6.653371537192528e-09
479.0,-6.44330141137737e-09
480.0,-6.235789156405098e-09
481.0,-6.031016890907447e-09
482.0,-5.829169221109002e-09
483.0,-5.630433518120719e-09
484.0,-5.435000145447227e-09
485.0,-5.243062631143485e-09
486.0,-5.054817780282608e-09
487.0,-4.870465725288507e-09
488.0,-4.69020991438389e-09
489.0,-4.514257041819715e-09
490.0,-4.342816926953818e-09
491.0,-4.176102351354906e-09
492.0,-4.014328863257768e-09
493.0,-3.857714557590601e-09
494.0,-3.7064798388182074e-09
495.0,-3.5608471738496235e-09
496.0,-3.4210408428784053e-09
497.0,-3.287286696039094e-09
498.0,-3.159811922482641e-09
499.0,-3.038844836457817e-09
500.0,-2.9246146830565693e-09
501.0,-2.81735146451119e-09
502.0,-2.717285786055254e-09
503.0,-2.624648718463582e-09
504.0,-2.5396716726174492e-09
505.0,-2.4625862796609695e-09
506.0,-2.393624268688265e-09
507.0,-2.333017333151904e-09
508.0,-2.2809969775674885e-09
509.0,-2.2377943368684314e-09
510.0,-2.2036399611686303e-09
511.0,-2.178763558670025e-09
512.0,-2.1633936893269984e-09
513.0,-2.157757401922173e-09
514.0,-2.1620798076734935e-09
515.0,-2.1765835846183646e-09
516.0,-2.201488408883127e-09
517.0,-2.237010311412067e-09
518.0,-2.283360961407851e-09
519.0,-2.3407468800399677e-09
520.0,-2.409368589628603e-09
521.0,-2.489419704757964e-09
522.0,-2.5810859727383267e-09
523.0,-2.6845442711793822e-09
524.0,-2.799961570125055e-09
525.0,-2.927493866048584e-09
526.0,-3.0672850959764266e-09
527.0,-3.2194660420644703e-09
528.0,-3.384153238819285e-09
529.0,-3.5614478953796835e-09
530.0,-3.751434843528333e-09
531.0,-3.954181519382951e-09
532.0,-4.169736984241679e-09
533.0,-4.398130988361075e-09
534.0,-4.639373080517396e-09
535.0,-4.893451765885506e-09
536.0,-5.160333714745143e-09
537.0,-5.439963024438792e-09
538.0,-5.732260536953584e-09
539.0,-6.037123215024105e-09
540.0,-6.3544235809747206e-09
541.0,-6.684009223963099e-09
542.0,-7.0257023817431244e-09
543.0,-7.379299602021039e-09
544.0,-7.7445714864613e-09
545.0,-8.121262518498574e-09
546.0,-8.509090975115717e-09
547.0,-8.90774892265662e-09
548.0,-9.316902297125311e-09
549.0,-9.736191070037677e-09
550.0,-1.0165229501673137e-08
551.0,-1.0603606484277939e-08
552.0,-1.1050885978108946e-08
553.0,-1.1506607543110136e-08
554.0,-1.1970286968386167e-08
555.0,-1.2441417000143798e-08
556.0,-1.2919468166400648e-08
557.0,-1.3403889694315162e-08
558.0,-1.3894110514563258e-08
559.0,-1.4389540347163298e-08
560.0,-1.4889570863735186e-08
561.0,-1.539357692093486e-08
562.0,-1.590091785804623e-08
563.0,-1.6410938849255513e-08
564.0,-1.6922972299401265e-08
565.0,-1.7436339271836868e-08
566.0,-1.795035093854074e-08
567.0,-1.8464310045297484e-08
568.0,-1.8977512387859602e-08
569.0,-1.9489248297869108e-08
570.0,-1.9998804139882094e-08
571.0,-2.0505463823169616e-08
572.0,-2.1008510333722606e-08
573.0,-2.1507227292407643e-08
574.0,-2.2000900544184474e-08
575.0,-2.2488819781156375e-08
576.0,-2.2970280199943725e-08
577.0,-2.3444584192126788e-08
578.0,-2.3911043065110372e-08
579.0,-2.4368978789073326e-08
580.0,-2.4817725763558862e-08
581.0,-2.5256632595414168e-08
582.0,-2.568506387878021e-08
583.0,-2.610240196741338e-08
584.0,-2.6508048729233005e-08
585.0,-2.6901427272539244e-08
586.0,-2.7281983632996083e-08
587.0,-2.7649188410165178e-08
588.0,-2.8002538342015752e-08
589.0,-2.8341557805683238e-08
590.0,-2.8665800233302264e-08
591.0,-2.8974849433252076e-08
592.0,-2.926832080926814e-08
593.0,-2.9545862471850166e-08
594.0,-2.98071562378787e-08
595.0,-3.005191851576987e-08
596.0,-3.027990107552149e-08
597.0,-3.0490891705693496e-08
598.0,-3.068471476196496e-08
599.0,-3.086123161342297e-08
600.0,-3.102034099265307e-08
601.0,-3.1161979254339776e-08
602.0,-3.128612054550798e-08
603.0,-3.139277688986428e-08
604.0,-3.1481998189174025e-08
605.0,-3.1553872145453244e-08
606.0,-3.160852410807356e-08
607.0,-3.16461168493854e-08
608.0,-3.166685027127892e-08
609.0,-3.1670961043418754e-08
610.0,-3.1658722172145513e-08
611.0,-3.163044249791092e-08
612.0,-3.158646611895955e-08
613.0,-3.15271717394409e-08
614.0,-3.145297194057961e-08
615.0,-3.136431237363008e-08
616.0,-3.12616708732094e-08
617.0,-3.114555648944667e-08
618.0,-3.1016508437291566e-08
619.0,-3.08750949612116e-08
620.0,-3.072191211318753e-08
621.0,-3.0557582441378037e-08
622.0,-3.0382753586596077e-08
623.0,-3.019809678460501e-08
624.0,-3.000430527434272e-08
625.0,-2.9802092614842364e-08
626.0,-2.9592190916322835e-08
627.0,-2.9375348993825234e-08
628.0,-2.9152330454803675e-08
629.0,-2.89239117343536e-08
630.0,-2.8690880092522425e-08
631.0,-2.8454031587569627e-08
632.0,-2.8214169037752002e-08
633.0,-2.7972099982702366e-08
634.0,-2.7728634653908607e-08
635.0,-2.7484583961934138e-08
636.0,-2.7240757505762613e-08
637.0,-2.6997961607691114e-08
638.0,-2.6756997376353343e-08
639.0,-2.6518658800555718e-08
640.0,-2.6283730876574633e-08
641.0,-2.605298777044038e-08
642.0,-2.5827191014447207e-08
643.0,-2.5607087734512128e-08
644.0,-2.5393408903255387e-08
645.0,-2.518686761349664e-08
646.0,-2.4988157368014083e-08
647.0,-2.4797950383228694e-08
648.0,-2.4616895906517375e-08
649.0,-2.444561854885032e-08
650.0,-2.4284716636129444e-08
651.0,-2.4134760584209774e-08
652.0,-2.3996291304825372e-08
653.0,-2.3869818652537556e-08
654.0,-2.375581992521852e-08
655.0,-2.365473843145019e-08
656.0,-2.3566982137743094e-08
657.0,-2.349292240744345e-08
658.0,-2.343289284215694e-08
659.0,-2.3387188235826397e-08
660.0,-2.3356063651321317e-08
661.0,-2.3339733629085616e-08
662.0,-2.333837153656966e-08
663.0,-2.3352109065955373e-08
664.0,-2.3381035886435872e-08
665.0,-2.3425199455909886e-08
666.0,-2.348460499492337e-08
667.0,-2.3559215622976896e-08
668.0,-2.3648952654367118e-08
669.0,-2.375369604797868e-08
670.0,-2.38732850031034e-08
671.0,-2.400751869155141e-08
672.0,-2.415615711508473e-08
673.0,-2.431892207648442e-08
674.0,-2.4495498252184924e-08
675.0,-2.4685534354183714e-08
676.0,-2.4888644368925923e-08
677.0,-2.5104408861625236e-08
678.0,-2.5332376336643126e-08
679.0,-2.5572064647940016e-08
680.0,-2.5822962457285517e-08
681.0,-2.608453074117716e-08
682.0,-2.6356204350194235e-08
683.0,-2.663739362654347e-08
684.0,-2.6927486085973655e-08
685.0,-2.7225848168475958e-08
686.0,-2.753182705892926e-08
687.0,-2.7844752575621577e-08
688.0,-2.81639391223358e-08
689.0,-2.8488687698043393e-08
690.0,-2.8818287956135545e-08
691.0,-2.9152020302133934e-08
692.0,-2.9489158015839825e-08
693.0,-2.982896938231309e-08
694.0,-3.01707198166548e-08
695.0,-3.0513673969838004e-08
696.0,-3.085709780542558e-08
697.0,-3.1200260638419914e-08
698.0,-3.1542437127100764e-08
699.0,-3.188290920726957e-08
700.0,-3.222096795695866e-08
701.0,-3.255591537859281e-08
702.0,-3.288706608425775e-08
703.0,-3.321374886806167e-08
704.0,-3.353530814839843e-08
705.0,-3.385110526323803e-08
706.0,-3.4160519603731964e-08
707.0,-3.446294957482563e-08
708.0,-3.475781337516389e-08
709.0,-3.504454959182283e-08
710.0,-3.532261760841135e-08
711.0,-3.559149782795958e-08
712.0,-3.585069171474155e-08
713.0,-3.6099721661858415e-08
714.0,-3.633813069395399e-08
715.0,-3.656548201664946e-08
716.0,-3.678135842640217e-08
717.0,-3.6985361596950734e-08
718.0,-3.7177111261094764e-08
719.0,-3.735624430833178e-08
720.0,-3.75224138190121e-08
721.0,-3.7675288054096504e-08
722.0,-3.7814549416951416e-08
723.0,-3.793989340099163e-08
724.0,-3.805102753554209e-08
725.0,-3.8147670342534485e-08
726.0,-3.822955031795168e-08
727.0,-3.829640495314558e-08
728.0,-3.8347979811770605e-08
729.0,-3.838402767840935e-08
730.0,-3.8404307795318535e-08
731.0,-3.840858520384168e-08
732.0,-3.839663020629179e-08
733.0,-3.836821796190907e-08
734.0,-3.8323128226821764e-08
735.0,-3.8261145243661995e-08
736.0,-3.8182057782934396e-08
737.0,-3.808565933617121e-08
738.0,-3.797174846001003e-08
739.0,-3.784012926964301e-08
740.0,-3.769061207885636e-08
741.0,-3.752301418190806e-08
742.0,-3.733716076999231e-08
743.0,-3.7132885972414264e-08
744.0,-3.6910034010219236e-08
745.0,-3.666846044803777e-08
746.0,-3.6408033528393034e-08
747.0,-3.612863557199381e-08
748.0,-3.5830164427861604e-08
749.0,-3.5512534957977844e-08
750.0,-3.5175680541489456e-08
751.0,-3.48195545831417e-08
752.0,-3.4444132010306945e-08
753.0,-3.404941074349265e-08
754.0,-3.363541312633707e-08
755.0,-3.320218730214322e-08
756.0,-3.274980852475512e-08
757.0,-3.2278380392235165e-08
758.0,-3.1788035992280934e-08
759.0,-3.127893894847945e-08
760.0,-3.075128435652605e-08
761.0,-3.020529959967126e-08
762.0,-2.9641245033110712e-08
763.0,-2.9059414528087563e-08
764.0,-2.8460135867974912e-08
765.0,-2.7843770989790263e-08
766.0,-2.7210716064959135e-08
767.0,-2.6561401412848452e-08
768.0,-2.589629124001379e-08
769.0,-2.521588319758296e-08
770.0,-2.452070774900344e-08
771.0,-2.38113273408153e-08
772.0,-2.3088335370695108e-08
773.0,-2.2352354950106624e-08
774.0,-2.160403746305684e-08
775.0,-2.084406092675267e-08
776.0,-2.007312816374471e-08
777.0,-1.9291964798249802e-08
778.0,-1.850131709172511e-08
779.0,-1.7701949634591174e-08
780.0,-1.6894642912800624e-08
781.0,-1.6080190769985007e-08
782.0,-1.525939778752095e-08
783.0,-1.4433076605139171e-08
784.0,-1.3602045203703587e-08
785.0,-1.2767124170488476e-08
786.0,-1.1929133966625818e-08
787.0,-1.1088892216604678e-08
788.0,-1.024721104034128e-08
789.0,-9.40489444875936e-09
790.0,-8.562735823414287e-09
791.0,-7.721515498994712e-09
792.0,-6.881998464532321e-09
793.0,-6.04493219532256e-09
794.0,-5.211044623450091e-09
795.0,-4.381042250871361e-09
796.0,-3.555608405757789e-09
797.0,-2.7354016407244044e-09
798.0,-1.9210542706824264e-09
799.0,-1.1131710478948557e-09
800.0,-3.123279719747553e-10
801.0,4.809287669545745e-10
802.0,1.2660837128285669e-09
803.0,2.0426529356754535e-09
804.0,2.810184689842342e-09
805.0,3.5682599367979545e-09
806.0,4.316492731379196e-09
807.0,5.054530471218709e-09
808.0,5.782054009892315e-09
809.0,6.498777635182135e-09
810.0,7.20444891519753e-09
811.0,7.898848417008132e-09
812.0,8.581789304497342e-09
813.0,9.25311682388416e-09
814.0,9.912707686578947e-09
815.0,1.0560469359544562e-08
816.0,1.1196339272893355e-08
817.0,1.182028395325299e-08
818.0,1.2432298090263635e-08
819.0,1.3032403543101101e-08
820.0,1.3620648294111067e-08
821.0,1.4197105357069298e-08
822.0,1.476187164797308e-08
823.0,1.531506682652682e-08
824.0,1.5856832116734392e-08
825.0,1.6387329115500118e-08
826.0,1.690673859869671e-08
827.0,1.7415259334097615e-08
828.0,1.7913106909553187e-08
829.0,1.840051258328661e-08
830.0,1.887772216176179e-08
831.0,1.93449949092825e-08
832.0,1.9802602492262784e-08
833.0,2.025082796027961e-08
834.0,2.0689964766002527e-08
835.0,2.1120315826798926e-08
836.0,2.154219263147445e-08
837.0,2.195591439546457e-08
838.0,2.236180726677026e-08
839.0,2.2760203583481324e-08
840.0,2.3151441182433332e-08
841.0,2.3535862757915432e-08
842.0,2.3913815269357905e-08
843.0,2.428564939674297e-08
844.0,2.4651719041386216e-08
845.0,2.5012380868183245e-08
846.0,2.5367993884422606e-08
847.0,2.571891905002209e-08
848.0,2.6065518913947645e-08
849.0,2.6408157271264337e-08
850.0,2.6747198834795496e-08
851.0,2.708300891477739e-08
852.0,2.7415953099380897e-08
853.0,2.7746396928903105e-08
854.0,2.8074705556935118e-08
855.0,2.8401243392716306e-08
856.0,2.872637372009236e-08
857.0,2.9050458289909228e-08
858.0,2.937385688378033e-08
859.0,2.9696926847292147e-08
860.0,3.002002258994117e-08
861.0,3.0343495048324975e-08
862.0,3.0667691109011107e-08
863.0,3.0992952988017064e-08
864.0,3.131961756481068e-08
865.0,3.1648015670162834e-08
866.0,3.197847132852362e-08
867.0,3.2311300955994055e-08
868.0,3.2646812514289673e-08
869.0,3.2985304620021326e-08
870.0,3.3327065607943004e-08
871.0,3.3672372547170365e-08
872.0,3.4021490211098995e-08
873.0,3.4374670004552626e-08
874.0,3.473214885477258e-08
875.0,3.509414807549974e-08
876.0,3.546087221534053e-08
877.0,3.583250790295151e-08
878.0,3.6209222702331174e-08
879.0,3.659116399153135e-08
880.0,3.697845787753189e-08
881.0,3.737120815937251e-08
882.0,3.776949535133859e-08
883.0,3.817337577794668e-08
884.0,3.8582880752068136e-08
885.0,3.899801584642687e-08
886.0,3.941876026745278e-08
887.0,3.984506634004028e-08
888.0,4.027685911261302e-08
889.0,4.071403609353281e-08
890.0,4.1156467131152194e-08
891.0,4.160399444973537e-08
892.0,4.20564328520473e-08
893.0,4.2513570097346606e-08
894.0,4.2975167461296303e-08
895.0,4.34409604816978e-08
896.0,4.391065989071809e-08
897.0,4.4383952730889093e-08
898.0,4.4860503649183e-08
899.0,4.533995636070553e-08
900.0,4.582193527052792e-08
901.0,4.630604723907459e-08
902.0,4.679188347396642e-08
903.0,4.727902152975743e-08
904.0,4.776702739661451e-08
905.0,4.8255457659352e-08
906.0,4.874386170872727e-08
907.0,4.9231783986806804e-08
908.0,4.971876624727627e-08
909.0,5.0204349810443446e-08
910.0,5.06880777924478e-08
911.0,5.1169497289461925e-08
912.0,5.164816150030359e-08
913.0,5.212363177426575e-08
914.0,5.259547957429123e-08
915.0,5.3063288348170136e-08
916.0,5.352665530210687e-08
917.0,5.3985193072107864e-08
918.0,5.443853128928394e-08
919.0,5.488631803512558e-08
920.0,5.532822118208037e-08
921.0,5.576392961381981e-08
922.0,5.619315431903084e-08
923.0,5.661562935264047e-08
924.0,5.70311126589548e-08
925.0,5.743938675205183e-08
926.0,5.7840259249632435e-08
927.0,5.823356325703841e-08
928.0,5.861915759801415e-08
929.0,5.8996926888099015e-08
930.0,5.936678144572204e-08
931.0,5.972865703556424e-08
932.0,6.008251443864936e-08
933.0,6.042833884375572e-08
934.0,6.076613905510905e-08
935.0,6.109594651240691e-08
936.0,6.141781412167986e-08
937.0,6.173181489922958e-08
938.0,6.203804043491416e-08
939.0,6.233659918450901e-08
940.0,6.262761460376628e-08
941.0,6.291122313945326e-08
942.0,6.318757209500126e-08
943.0,6.345681739011403e-08
944.0,6.371912123459716e-08
945.0,6.397464973677315e-08
946.0,6.422357046623619e-08
947.0,6.446604998969897e-08
948.0,6.470225139784518e-08
949.0,6.493233184093448e-08
950.0,6.515644009159448e-08
951.0,6.537471415437972e-08
952.0,6.558727894226755e-08
953.0,6.57942440393922e-08
954.0,6.599570156711805e-08
955.0,6.619172416802203e-08
956.0,6.638236312040508e-08
957.0,6.656764659497064e-08
958.0,6.674757806520474e-08
959.0,6.692213488297257e-08
960.0,6.709126702956337e-08
961.0,6.725489604923222e-08
962.0,6.74129141684302e-08
963.0,6.756518360172155e-08
964.0,6.77115360459374e-08
965.0,6.785177236611566e-08
966.0,6.798566247811577e-08
967.0,6.811294543249143e-08
968.0,6.823332970255532e-08
969.0,6.834649367736261e-08
970.0,6.845208635829517e-08
971.0,6.854972825640514e-08
972.0,6.86390124864811e-08
973.0,6.871950605239913e-08
974.0,6.879075131643292e-08
975.0,6.885226764311787e-08
976.0,6.890355320653333e-08
977.0,6.89440869487065e-08
978.0,6.897333067603806e-08
979.0,6.899073128000968e-08
980.0,6.899572306812696e-08
981.0,6.898773019124631e-08
982.0,6.896616915381111e-08
983.0,6.893045139366709e-08
984.0,6.887998591811699e-08
985.0,6.881418198287963e-08
986.0,6.873245180056565e-08
987.0,6.863421326550562e-08
988.0,6.85188926829222e-08
989.0,6.838592749221941e-08
990.0,6.823476897537993e-08
991.0,6.806488494156714e-08
992.0,6.787576237837409e-08
993.0,6.76669100590111e-08
994.0,6.743786109295849e-08
995.0,6.718817540519132e-08
996.0,6.691744212644602e-08
997.0,6.662528187503896e-08
998.0,6.63113489101588e-08
999.0,6.597533313712946e-08
1000.0,6.561696194600839e-08
1001.0,6.523600186544131e-08
1002.0,6.483226001396756e-08
1003.0,6.44055853312697e-08
1004.0,6.39558695725481e-08
1005.0,6.348304805071906e-08
1006.0,6.298710011362065e-08
1007.0,6.246804934643573e-08
1008.0,6.19259634926163e-08
1009.0,6.136095408958765e-08
1010.0,6.077317581841632e-08
1011.0,6.016282556946698e-08
1012.0,5.9530141229193225e-08
1013.0,5.887540019701147e-08
1014.0,5.819891764549429e-08
1015.0,5.7501044541118244e-08
1016.0,5.678216544589642e-08
1017.0,5.6042696122408195e-08
1018.0,5.5283080966399714e-08
1019.0,5.450379029249387e-08
1020.0,5.370531749949437e-08
1021.0,5.288817614218963e-08
1022.0,5.2052896936595613e-08
1023.0,5.1200024725423166e-08
1024.0,5.033011543029225e-08
1025.0,4.9443733016770736e-08
1026.0,4.8541446497494175e-08
1027.0,4.762382699727597e-08
1028.0,4.669144490228328e-08
1029.0,4.574486711305175e-08
1030.0,4.478465441823034e-08
1031.0,4.381135900258756e-08
1032.0,4.28255220994281e-08
1033.0,4.182767179452661e-08
1034.0,4.0818320986055186e-08
1035.0,3.979796550289189e-08
1036.0,3.8767082382461434e-08
1037.0,3.7726128308894074e-08
1038.0,3.667553821217402e-08
1039.0,3.5615724028339854e-08
1040.0,3.4547073619698627e-08
1041.0,3.346994985317275e-08
1042.0,3.2384689834956605e-08
1043.0,3.1291604300661524e-08
1044.0,3.0190977161768104e-08
1045.0,2.908306521099174e-08
1046.0,2.796809799036579e-08
1047.0,2.6846277825892335e-08
1048.0,2.571778003170013e-08
1049.0,2.4582753285456185e-08
1050.0,2.3441320175593954e-08
1051.0,2.229357791953668e-08
1052.0,2.113959925043747e-08
1053.0,1.9979433468429792e-08
1054.0,1.8813107651458296e-08
1055.0,1.7640628020489985e-08
1056.0,1.6461981453954288e-08
1057.0,1.5277137146153556e-08
1058.0,1.4086048403500748e-08
1059.0,1.2888654570359011e-08
1060.0,1.1684883073477594e-08
1061.0,1.047465157176615e-08
1062.0,9.257870197313633e-09
1063.0,8.034443874031722e-09
1064.0,6.804274701202938e-09
1065.0,5.5672643896539535e-09
1066.0,4.323316738058883e-09
1067.0,3.072340136339798e-09
1068.0,1.8142500825647012e-09
1069.0,5.489716993469572e-10
1070.0,-7.235577641398494e-10
1071.0,-2.003386457479873e-09
1072.0,-3.2905454928823476e-09
1073.0,-4.585046556842066e-09
1074.0,-5.886879577632129e-09
1075.0,-7.19601045728866e-09
1076.0,-8.512378879494775e-09
1077.0,-9.835896208615211e-09
1078.0,-1.1166443498258014e-08
1079.0,-1.250386962894411e-08
1080.0,-1.3847989593791565e-08
1081.0,-1.5198582949165697e-08
1082.0,-1.6555392444440356e-08
1083.0,-1.791812284176243e-08
1084.0,-1.9286439933689843e-08
1085.0,-2.065996976444464e-08
1086.0,-2.203829805946153e-08
1087.0,-2.342096986761387e-08
1088.0,-2.480748942044861e-08
1089.0,-2.6197320212330876e-08
1090.0,-2.75898853040569e-08
1091.0,-2.898456785013589e-08
1092.0,-3.038071184697104e-08
1093.0,-3.177762309612832e-08
1094.0,-3.317457037391233e-08
1095.0,-3.457078679535216e-08
1096.0,-3.5965471357520324e-08
1097.0,-3.73577906443456e-08
1098.0,-3.874688067286545e-08
1099.0,-4.013184885885139e-08
1100.0,-4.151177607797004e-08
1101.0,-4.288571879798814e-08
1102.0,-4.425271125911146e-08
1103.0,-4.561176768374331e-08
1104.0,-4.6961884502845e-08
1105.0,-4.830204259186907e-08
1106.0,-4.963120951349128e-08
1107.0,-5.094834176696619e-08
1108.0,-5.225238704549589e-08
1109.0,-5.354228650372625e-08
1110.0,-5.4816977037036016e-08
1111.0,-5.6075393572603206e-08
1112.0,-5.731647136995184e-08
1113.0,-5.853914832663437e-08
1114.0,-5.974236728313916e-08
1115.0,-6.092507831962696e-08
1116.0,-6.208624103547029e-08
1117.0,-6.322482680132451e-08
1118.0,-6.433982097316476e-08
1119.0,-6.543022505805054e-08
1120.0,-6.649505882145664e-08
1121.0,-6.753336232553483e-08
1122.0,-6.854419788702845e-08
1123.0,-6.952665194315749e-08
1124.0,-7.047983681396348e-08
1125.0,-7.140289235084717e-08
1126.0,-7.229498746345013e-08
1127.0,-7.315532151986865e-08
1128.0,-7.398312561749031e-08
1129.0,-7.477766372329526e-08
1130.0,-7.553823368379953e-08
1131.0,-7.626416810640833e-08
1132.0,-7.695483511554779e-08
1133.0,-7.760963898797293e-08
1134.0,-7.822802067209552e-08
1135.0,-7.880945819652947e-08
1136.0,-7.93534669733632e-08
1137.0,-7.985960000134021e-08
1138.0,-8.032744797285938e-08
1139.0,-8.07566392872402e-08
1140.0,-8.11468399723862e-08
1141.0,-8.14977535184734e-08
1142.0,-8.180912062974246e-08
1143.0,-8.20807189023855e-08
1144.0,-8.231236243710617e-08
1145.0,-8.250390139452205e-08
1146.0,-8.265522150114101e-08
1147.0,-8.276624351402105e-08
1148.0,-8.283692265328608e-08
1149.0,-8.286724801233061e-08
1150.0,-8.285724195504561e-08
1151.0,-8.28069595081033e-08
1152.0,-8.271648775501031e-08
1153.0,-8.258594523752549e-08
1154.0,-8.24154813690461e-08
1155.0,-8.22052758635447e-08
1156.0,-8.195553818231054e-08
1157.0,-8.166650699898161e-08
1158.0,-8.13384496817389e-08
1159.0,-8.097166179098065e-08
1160.0,-8.056646659130893e-08
1161.0,-8.012321457714496e-08
1162.0,-7.964228301081545e-08
1163.0,-7.912407547058106e-08
1164.0,-7.856902140444642e-08
1165.0,-7.797757568445407e-08
1166.0,-7.735021815620463e-08
1167.0,-7.668745317959279e-08
1168.0,-7.598980915835144e-08
1169.0,-7.525783805698877e-08
1170.0,-7.449211490390792e-08
1171.0,-7.369323727943229e-08
1172.0,-7.286182478763352e-08
1173.0,-7.199851851138052e-08
1174.0,-7.110398045076143e-08
1175.0,-7.017889294570462e-08
1176.0,-6.922395808373785e-08
1177.0,-6.823989709293905e-08
1178.0,-6.72274497185437e-08
1179.0,-6.618737358036193e-08
1180.0,-6.512044350775412e-08
1181.0,-6.402745084908518e-08
1182.0,-6.290920275261306e-08
1183.0,-6.176652141538153e-08
1184.0,-6.060024329618829e-08
1185.0,-5.9411218288609396e-08
1186.0,-5.820030885069955e-08
1187.0,-5.696838908941981e-08
1188.0,-5.571634379986807e-08
1189.0,-5.444506746131811e-08
1190.0,-5.315546319293195e-08
1191.0,-5.184844167146464e-08
1192.0,-5.052492001210624e-08
1193.0,-4.918582061293288e-08
1194.0,-4.7832069963770095e-08
1195.0,-4.646459742130572e-08
1196.0,-4.508433395335824e-08
1197.0,-4.3692210855958e-08
1198.0,-4.228915844769907e-08
1199.0,-4.087610474715309e-08
1200.0,-3.945397414068155e-08
1201.0,-3.80236860489463e-08
1202.0,-3.658615360068861e-08
1203.0,-3.5142282322427666e-08
1204.0,-3.369296885268097e-08
1205.0,-3.223909968875408e-08
1206.0,-3.078154997305804e-08
1207.0,-2.9321182324625033e-08
1208.0,-2.7858845720269628e-08
1209.0,-2.6395374428794272e-08
1210.0,-2.4931587000736735e-08
1211.0,-2.3468285315376635e-08
1212.0,-2.200625368642468e-08
1213.0,-2.054625802860168e-08
1214.0,-1.9089045089157438e-08
1215.0,-1.7635341750501822e-08
1216.0,-1.6185854411818727e-08
1217.0,-1.4741268458711932e-08
1218.0,-1.3302247830843568e-08
1219.0,-1.1869434698259132e-08
1220.0,-1.0443449257193649e-08
1221.0,-9.024889654972171e-09
1222.0,-7.614332051306107e-09
1223.0,-6.212330820844312e-09
1224.0,-4.8194188998148815e-09
1225.0,-3.436108277512807e-09
1226.0,-2.0628906307587176e-09
1227.0,-7.002380965362915e-10
1228.0,6.513958246850456e-10
1229.0,1.991575244838145e-09
1230.0,3.3198807556188296e-09
1231.0,4.6359082019820734e-09
1232.0,5.939267378291074e-09
1233.0,7.229580664025807e-09
1234.0,8.506481614713184e-09
1235.0,9.76961352195516e-09
1236.0,1.101862795539035e-08
1237.0,1.225318329946653e-08
1238.0,1.3472943298619635e-08
1239.0,1.4677575625292746e-08
1240.0,1.5866750485567638e-08
1241.0,1.704013927666315e-08
1242.0,1.819741330948246e-08
1243.0,1.9338242608341556e-08
1244.0,2.04622947991511e-08
1245.0,2.1569234096448202e-08
1246.0,2.2658720398696133e-08
1247.0,2.373040850030108e-08
1248.0,2.478394742774875e-08
1249.0,2.5818979905784503e-08
1250.0,2.683514195738315e-08
1251.0,2.783206263840306e-08
1252.0,2.8809363904606263e-08
1253.0,2.9766660605764508e-08
1254.0,3.0703560599517744e-08
1255.0,3.1619664976738586e-08
1256.0,3.251456839016194e-08
1257.0,3.3387859478753986e-08
1258.0,3.4239121381701834e-08
1259.0,3.5067932337733045e-08
1260.0,3.587386636696862e-08
1261.0,3.665649403310525e-08
1262.0,3.7415383283560215e-08
1263.0,3.8150100364614596e-08
1264.0,3.8860210807411306e-08
1265.0,3.954528047862511e-08
1266.0,4.020487668686536e-08
1267.0,4.083856933303836e-08
1268.0,4.144593209091096e-08
1269.0,4.202654360382648e-08
1270.0,4.257998868531961e-08
1271.0,4.3105859514909886e-08
1272.0,4.3603756824330214e-08
1273.0,4.4073291071989175e-08
1274.0,4.4514083603314054e-08
1275.0,4.492576779210778e-08
1276.0,4.530799015471382e-08
1277.0,4.566041142608576e-08
1278.0,4.5982707585426714e-08
1279.0,4.627457081890245e-08
1280.0,4.653571040788211e-08
1281.0,4.676585353290562e-08
1282.0,4.69647459856098e-08
1283.0,4.71321527828193e-08
1284.0,4.726785867902467e-08
1285.0,4.7371668575748764e-08
1286.0,4.744340782869212e-08
1287.0,4.748292245555137e-08
1288.0,4.749007924860324e-08
1289.0,4.746476579644792e-08
1290.0,4.740689041893837e-08
1291.0,4.731638201876807e-08
1292.0,4.719318985309699e-08
1293.0,4.703728322949125e-08
1294.0,4.684865113242625e-08
1295.0,4.662730178935532e-08
1296.0,4.637326218843711e-08
1297.0,4.608657756293383e-08
1298.0,4.576731085941927e-08
1299.0,4.541554220773098e-08
1300.0,4.503136840996189e-08
1301.0,4.461490246413581e-08
1302.0,4.416627313609656e-08
1303.0,4.368562459094375e-08
1304.0,4.3173116093379476e-08
1305.0,4.2628921784658006e-08
1306.0,4.2053230542045156e-08
1307.0,4.1446245924369955e-08
1308.0,4.08081862046239e-08
1309.0,4.0139284488376146e-08
1310.0,3.943978891551539e-08
1311.0,3.870996294229807e-08
1312.0,3.795008570019569e-08
1313.0,3.7160452426966077e-08
1314.0,3.634137496364298e-08
1315.0,3.549318230926053e-08
1316.0,3.461622122381559e-08
1317.0,3.371085686963269e-08
1318.0,3.277747348175729e-08
1319.0,3.181647505866972e-08
1320.0,3.0828286065139396e-08
1321.0,2.981335213974255e-08
1322.0,2.8772140800864562e-08
1323.0,2.770514214669085e-08
1324.0,2.6612869546099276e-08
1325.0,2.5495860318097215e-08
1326.0,2.435467639745412e-08
1327.0,2.3189904983435944e-08
1328.0,2.200215916721928e-08
1329.0,2.0792078532300574e-08
1330.0,1.9560329721566444e-08
1331.0,1.8307606964452957e-08
1332.0,1.7034632557244677e-08
1333.0,1.5742157288886615e-08
1334.0,1.4430960803917203e-08
1335.0,1.3101851893341929e-08
1336.0,1.1755668703176023e-08
1337.0,1.0393278848711447e-08
1338.0,9.015579420524706e-09
1339.0,7.623496866743759e-09
1340.0,6.217986736204785e-09
1341.0,4.800033269169673e-09
1342.0,3.3706488256710298e-09
1343.0,1.9308731455163334e-09
1344.0,4.817724379228388e-10
1345.0,-9.755616976246061e-10
1346.0,-2.4400135143192045e-09
1347.0,-3.910444516614019e-09
1348.0,-5.385695003618222e-09
1349.0,-6.864585744631591e-09
1350.0,-8.345919772822076e-09
1351.0,-9.828484281957417e-09
1352.0,-1.1311052610295594e-08
1353.0,-1.2792386295386885e-08
1354.0,-1.4271237183613627e-08
1355.0,-1.574634957852303e-08
1356.0,-1.7216462411987838e-08
1357.0,-1.8680311421838378e-08
1358.0,-2.0136631319358025e-08
1359.0,-2.1584157930672505e-08
1360.0,-2.3021630297876663e-08
1361.0,-2.4447792728394996e-08
1362.0,-2.5861396783957063e-08
1363.0,-2.726120320306255e-08
1364.0,-2.8645983752395526e-08
1365.0,-3.001452300320045e-08
1366.0,-3.136562002866297e-08
1367.0,-3.269809001867412e-08
1368.0,-3.4010765809418286e-08
1369.0,-3.530249932671086e-08
1370.0,-3.657216294337893e-08
1371.0,-3.781865075204407e-08
1372.0,-3.9040879755550566e-08
1373.0,-4.0237790978058567e-08
1374.0,-4.140835050056599e-08
1375.0,-4.255155042545515e-08
1376.0,-4.366640977541505e-08
1377.0,-4.47519753323031e-08
1378.0,-4.580732242100326e-08
1379.0,-4.683155564255076e-08
1380.0,-4.7823809560438735e-08
1381.0,-4.878324934461482e-08
1382.0,-4.9709071379292114e-08
1383.0,-5.0600503842840585e-08
1384.0,-5.145680726965174e-08
1385.0,-5.2277275103867995e-08
1386.0,-5.306123425289732e-08
1387.0,-5.3808045645528645e-08
1388.0,-5.451710479649764e-08
1389.0,-5.5187842377138654e-08
1390.0,-5.581972479011291e-08
1391.0,-5.641225474481972e-08
1392.0,-5.69649718289097e-08
1393.0,-5.7477453070230084e-08
1394.0,-5.794931348221769e-08
1395.0,-5.838020658403017e-08
1396.0,-5.8769824884893487e-08
1397.0,-5.911790032088637e-08
1398.0,-5.942420463216835e-08
1399.0,-5.968854966949305e-08
1400.0,-5.991078762017712e-08
1401.0,-6.009081114485688e-08
1402.0,-6.02285534173439e-08
1403.0,-6.032398806133772e-08
1404.0,-6.037712898007202e-08
1405.0,-6.038803007782845e-08
1406.0,-6.035678487511799e-08
1407.0,-6.02835260220181e-08
1408.0,-6.016842471667724e-08
1409.0,-6.001169003830705e-08
1410.0,-5.981356820608979e-08
1411.0,-5.95743417775279e-08
1412.0,-5.9294328801942624e-08
1413.0,-5.897388194668153e-08
1414.0,-5.861338761426196e-08
1415.0,-5.821326506738154e-08
1416.0,-5.777396557535612e-08
1417.0,-5.729597159083549e-08
1418.0,-5.677979596077251e-08
1419.0,-5.622598117152744e-08
1420.0,-5.5635098625100256e-08
1421.0,-5.500774794181215e-08
1422.0,-5.434455628395354e-08
1423.0,-5.3646177694355917e-08
1424.0,-5.291329244318859e-08
1425.0,-5.214660637586524e-08
1426.0,-5.1346850255283794e-08
1427.0,-5.051477909270423e-08
1428.0,-4.9651171462867855e-08
1429.0,-4.875682879998046e-08
1430.0,-4.783257467181798e-08
1431.0,-4.687925402966149e-08
1432.0,-4.589773243225642e-08
1433.0,-4.48888952426702e-08
1434.0,-4.385364679785493e-08
1435.0,-4.2792909551772765e-08
1436.0,-4.170762319376837e-08
1437.0,-4.059874374402719e-08
1438.0,-3.946724262703677e-08
1439.0,-3.831410572215294e-08
1440.0,-3.714033238883773e-08
1441.0,-3.594693446402686e-08
1442.0,-3.473493523006188e-08
1443.0,-3.3505368352274305e-08
1444.0,-3.2259276784798545e-08
1445.0,-3.099771164174556e-08
1446.0,-2.972173102918718e-08
1447.0,-2.8432398832252696e-08
1448.0,-2.713078345159986e-08
1449.0,-2.5817956484518876e-08
1450.0,-2.4494991347314957e-08
1451.0,-2.3162961836970147e-08
1452.0,-2.1822940631629425e-08
1453.0,-2.0475997731486675e-08
1454.0,-1.9123198843919174e-08
1455.0,-1.77656037186611e-08
1456.0,-1.6404264440186007e-08
1457.0,-1.504022368577485e-08
1458.0,-1.3674512959708266e-08
1459.0,-1.230815081663264e-08
1460.0,-1.0942141089534215e-08
1461.0,-9.577471139010334e-09
1462.0,-8.215110140277057e-09
1463.0,-6.856007422777561e-09
1464.0,-5.501090875063249e-09
1465.0,-4.151265425740989e-09
1466.0,-2.8074116102436778e-09
1467.0,-1.4703842326763483e-09
1468.0,-1.4101113113675707e-10
1469.0,1.1799079468430843e-09
1470.0,2.4916023544359098e-09
1471.0,3.793331439296326e-09
1472.0,5.084385321240018e-09
1473.0,6.3640855561549996e-09
1474.0,7.631785690037603e-09
1475.0,8.886871707686706e-09
1476.0,1.0128762380340956e-08
1477.0,1.135690951573555e-08
1478.0,1.2570798113018394e-08
1479.0,1.3769946423837998e-08
1480.0,1.4953905919358793e-08
1481.0,1.6122261160441915e-08
1482.0,1.7274629565059777e-08
1483.0,1.841066106467828e-08
1484.0,1.9530037641371464e-08
1485.0,2.0632472740098526e-08
1486.0,2.1717710554777784e-08
1487.0,2.2785525190993992e-08
1488.0,2.3835719711413495e-08
1489.0,2.4868125072144375e-08
1490.0,2.5882598959493583e-08
1491.0,2.6879024536882996e-08
1492.0,2.7857309111492904e-08
1493.0,2.881738273029639e-08
1494.0,2.9759196715994394e-08
1495.0,3.0682722154735014e-08
1496.0,3.158794834874472e-08
1497.0,3.2474881247487585e-08
1498.0,3.334354187065828e-08
1499.0,3.4193964735714657e-08
1500.0,3.502619630190319e-08
1501.0,3.584029344111404e-08
1502.0,3.6636321942803645e-08
1503.0,3.741435505627736e-08
1504.0,3.817447207041116e-08
1505.0,3.8916756929451005e-08
1506.0,3.9641296883700937e-08
1507.0,4.034818117502816e-08
1508.0,4.103749975859249e-08
1509.0,4.170934206358584e-08
1510.0,4.2363795796730525e-08
1511.0,4.3000945792669573e-08
1512.0,4.362087291526215e-08
1513.0,4.422365301370999e-08
1514.0,4.4809355937905784e-08
1515.0,4.537804461809986e-08
1516.0,4.592977421421359e-08
1517.0,4.6464591339874556e-08
1518.0,4.6982533366032e-08
1519.0,4.748362780901358e-08
1520.0,4.7967891807973265e-08
1521.0,4.843533169689863e-08
1522.0,4.888594267690422e-08
1523.0,4.931970859543435e-08
1524.0,4.9736601839608795e-08
1525.0,5.0136583350035204e-08
1526.0,5.051960275813806e-08
1527.0,5.0885598645055315e-08
1528.0,5.1234498915112764e-08
1529.0,5.156622127305459e-08
1530.0,5.188067379183417e-08
1531.0,5.2177755556636705e-08
1532.0,5.245735737062142e-08
1533.0,5.27193625083272e-08
1534.0,5.296364750366211e-08
1535.0,5.3190082961083804e-08
1536.0,5.339853438120736e-08
1537.0,5.3588862995568096e-08
1538.0,5.376092660912425e-08
1539.0,5.391458045251192e-08
1540.0,5.404967804832928e-08
1541.0,5.4166072096795094e-08
1542.0,5.426361538679782e-08
1543.0,5.434216173927629e-08
1544.0,5.440156699069453e-08
1545.0,5.4441690024185814e-08
1546.0,5.446239385428674e-08
1547.0,5.446354676846928e-08
1548.0,5.4445023525908575e-08
1549.0,5.4406706612014965e-08
1550.0,5.4348487546333833e-08
1551.0,5.4270268240697e-08
1552.0,5.4171962403078e-08
1553.0,5.4053496980437785e-08
1554.0,5.391481363178721e-08
1555.0,5.375587022126505e-08
1556.0,5.3576642319798866e-08
1557.0,5.337712470218835e-08
1558.0,5.315733282417503e-08
1559.0,5.291730426182514e-08
1560.0,5.2657100093971203e-08
1561.0,5.2376806207659826e-08
1562.0,5.207653450624582e-08
1563.0,5.175642399982797e-08
1564.0,5.141664175837555e-08
1565.0,5.1057383709266954e-08
1566.0,5.0678875262799234e-08
1567.0,5.0281371751348454e-08
1568.0,4.9865158670469625e-08
1569.0,4.943055171361024e-08
1570.0,4.89778965962213e-08
1571.0,4.850756866928209e-08
1572.0,4.801997232560907e-08
1573.0,4.7515540204048026e-08
1574.0,4.699473219697168e-08
1575.0,4.645803426653352e-08
1576.0,4.590595707599174e-08
1577.0,4.53390344444966e-08
1578.0,4.475782163662805e-08
1579.0,4.416289350087104e-08
1580.0,4.3554842473302745e-08
1581.0,4.293427646353113e-08
1582.0,4.230181663944109e-08
1583.0,4.1658095126212775e-08
1584.0,4.100375263418285e-08
1585.0,4.0339436029931095e-08
1586.0,3.966579586552376e-08
1587.0,3.8983483881819066e-08
1588.0,3.829315050281277e-08
1589.0,3.759544233897626e-08
1590.0,3.689099971811923e-08
1591.0,3.618045426204685e-08
1592.0,3.546442652598719e-08
1593.0,3.474352371567984e-08
1594.0,3.401833749465291e-08
1595.0,3.32894418922473e-08
1596.0,3.2557391321915885e-08
1597.0,3.182271871906929e-08
1598.0,3.108593380741564e-08
1599.0,3.0347521501727483e-08
1600.0,2.9607940453506268e-08
1601.0,2.8867621744716038e-08
1602.0,2.812696773389273e-08
1603.0,2.738635105840162e-08
1604.0,2.664611379613271e-08
1605.0,2.590656678910879e-08
1606.0,2.516798913009872e-08
1607.0,2.4430627811590553e-08
1608.0,2.3694697534894028e-08
1609.0,2.2960380675937153e-08
1610.0,2.2227827403217223e-08
1611.0,2.1497155942217302e-08
1612.0,2.076845297992653e-08
1613.0,2.0041774203457204e-08
1614.0,1.9317144967790497e-08
1615.0,1.8594561088439065e-08
1616.0,1.7873989754631786e-08
1617.0,1.715537055741414e-08
1618.0,1.6438616625085972e-08
1619.0,1.5723615856281755e-08
1620.0,1.501023223948662e-08
1621.0,1.4298307247280754e-08
1622.0,1.3587661293981621e-08
1623.0,1.2878095246056934e-08
1624.0,1.2169391975084288e-08
1625.0,1.14613179429862e-08
1626.0,1.0753624809231773e-08
1627.0,1.0046051050173137e-08
1628.0,9.338323581821973e-09
1629.0,8.630159379105573e-09
1630.0,7.92126708678975e-09
1631.0,7.211348619573912e-09
1632.0,6.5001007513152736e-09
1633.0,5.78721669594689e-09
1634.0,5.07238768499474e-09
1635.0,4.355304547908443e-09
1636.0,3.635659301247472e-09
1637.0,2.9131467513919835e-09
1638.0,2.18746611376989e-09
1639.0,1.458322650463605e-09
1640.0,7.254293275885491e-10
1641.0,-1.1491506496518117e-11
1642.0,-7.527064216959177e-10
1643.0,-1.4984691858913033e-09
1644.0,-2.2490190256737492e-09
1645.0,-3.0045788717889895e-09
1646.0,-3.765353595511653e-09
1647.0,-4.531528244941072e-09
1648.0,-5.303266292488927e-09
1649.0,-6.0807079060766205e-09
1650.0,-6.863968256860476e-09
1651.0,-7.653135875923556e-09
1652.0,-8.448271071360894e-09
1653.0,-9.249404415708511e-09
1654.0,-1.005653531214531e-08
1655.0,-1.086963064651275e-08
1656.0,-1.168862353092337e-08
1657.0,-1.2513412143880229e-08
1658.0,-1.3343858671853102e-08
1659.0,-1.4179788358048239e-08
1660.0,-1.5020988665068676e-08
1661.0,-1.5867208558738235e-08
1662.0,-1.671815792016611e-08
1663.0,-1.757350709192387e-08
1664.0,-1.8432886562305234e-08
1665.0,-1.9295886790070676e-08
1666.0,-2.016205817187345e-08
1667.0,-2.103091115587286e-08
1668.0,-2.1901916506893397e-08
1669.0,-2.2774505729360498e-08
1670.0,-2.364807165324983e-08
1671.0,-2.4521969185859337e-08
1672.0,-2.5395516229311296e-08
1673.0,-2.6267994760801002e-08
1674.0,-2.7138652069932708e-08
1675.0,-2.800670214547617e-08
1676.0,-2.887132720297654e-08
1677.0,-2.973167934472485e-08
1678.0,-3.058688234405034e-08
1679.0,-3.1436033546325946e-08
1680.0,-3.2278205879677645e-08
1681.0,-3.311244996964743e-08
1682.0,-3.393779635406491e-08
1683.0,-3.475325779644116e-08
1684.0,-3.5557831697335645e-08
1685.0,-3.6350502602954546e-08
1686.0,-3.713024480894096e-08
1687.0,-3.789602505515789e-08
1688.0,-3.864680530449107e-08
1689.0,-3.938154559605274e-08
1690.0,-4.009920696153563e-08
1691.0,-4.0798754392929394e-08
1692.0,-4.147915984965556e-08
1693.0,-4.2139405292896923e-08
1694.0,-4.277848573473607e-08
1695.0,-4.3395412290229035e-08
1696.0,-4.398921522183125e-08
1697.0,-4.4558946966973817e-08
1698.0,-4.510368514010289e-08
1699.0,-4.562253549984475e-08
1700.0,-4.611463487067093e-08
1701.0,-4.657915400714423e-08
1702.0,-4.7015300387818995e-08
1703.0,-4.7422320925333e-08
1704.0,-4.7799504579317615e-08
1705.0,-4.8146184859171914e-08
1706.0,-4.846174220378059e-08
1707.0,-4.874560622468365e-08
1708.0,-4.899725779887009e-08
1709.0,-4.921623099840681e-08
1710.0,-4.940211484676802e-08
1711.0,-4.9554554895009965e-08
1712.0,-4.967325461332655e-08
1713.0,-4.975797659418514e-08
1714.0,-4.980854356277511e-08
1715.0,-4.9824839190343136e-08
1716.0,-4.9806808706962056e-08
1717.0,-4.975445931194017e-08
1718.0,-4.966786038134933e-08
1719.0,-4.954714347234814e-08
1720.0,-4.939250212337395e-08
1721.0,-4.920419144889423e-08
1722.0,-4.898252752808567e-08
1723.0,-4.8727886588430964e-08
1724.0,-4.844070398696482e-08
1725.0,-4.812147299307686e-08
1726.0,-4.7770743377285335e-08
1727.0,-4.738911981062263e-08
1728.0,-4.6977260079732404e-08
1729.0,-4.6535873123694554e-08
1730.0,-4.606571689983485e-08
1731.0,-4.5567596087043685e-08
1732.0,-4.50423596360497e-08
1733.0,-4.44908981763716e-08
1734.0,-4.3914141289548605e-08
1735.0,-4.331305465858119e-08
1736.0,-4.2688637104855756e-08
1737.0,-4.2041917525700533e-08
1738.0,-4.137395174722311e-08
1739.0,-4.068581930780453e-08
1740.0,-3.9978620187688546e-08
1741.0,-3.925347149975132e-08
1742.0,-3.8511504155801224e-08
1743.0,-3.7753859521409454e-08
1744.0,-3.698168607034645e-08
1745.0,-3.619613604804002e-08
1746.0,-3.539836215314152e-08
1747.0,-3.458951424737782e-08
1748.0,-3.3770736105452055e-08
1749.0,-3.294316221810082e-08
1750.0,-3.2107914662653976e-08
1751.0,-3.126610005697385e-08
1752.0,-3.0418806614396156e-08
1753.0,-2.956710131869768e-08
1754.0,-2.8712027238649258e-08
1755.0,-2.7854601001333093e-08
1756.0,-2.699581044243984e-08
1757.0,-2.6136612450233183e-08
1758.0,-2.5277931017261795e-08
1759.0,-2.4420655509995225e-08
1760.0,-2.3565639162024434e-08
1761.0,-2.2713697792249474e-08
1762.0,-2.18656087460487e-08
1763.0,-2.1022110054707777e-08
1764.0,-2.0183899806049227e-08
1765.0,-1.9351635717013224e-08
1766.0,-1.8525934897097156e-08
1767.0,-1.7707373790590107e-08
1768.0,-1.6896488285633024e-08
1769.0,-1.6093773978757978e-08
1770.0,-1.529968658380203e-08
1771.0,-1.4514642473312653e-08
1772.0,-1.3739019338989437e-08
1773.0,-1.2973156956548012e-08
1774.0,-1.221735804076364e-08
1775.0,-1.1471889178199095e-08
1776.0,-1.0736981827359035e-08
1777.0,-1.0012833378270908e-08
1778.0,-9.299608265525519e-09
1779.0,-8.597439130122065e-09
1780.0,-7.906428025898766e-09
1781.0,-7.226647666498283e-09
1782.0,-6.558142709399309e-09
1783.0,-5.900931074687764e-09
1784.0,-5.255005297672691e-09
1785.0,-4.620333915660445e-09
1786.0,-3.996862889572499e-09
1787.0,-3.384517060297124e-09
1788.0,-2.7832016379286603e-09
1789.0,-2.1928037199830843e-09
1790.0,-1.613193832868091e-09
1791.0,-1.0442274894825977e-09
1792.0,-4.857467545174712e-10
1793.0,6.241819245210111e-11
1794.0,6.004475073658903e-10
1795.0,1.128530157418129e-09
1796.0,1.6468624334444315e-09
1797.0,2.1556465090029372e-09
1798.0,2.655089054458539e-09
1799.0,3.1453999119185604e-09
1800.0,3.6267908339774556e-09
1801.0,4.099474287107536e-09
1802.0,4.563662320021874e-09
1803.0,5.019565498003841e-09
1804.0,5.467391904810647e-09
1805.0,5.907346213140491e-09
1806.0,6.3396288225257725e-09
1807.0,6.764435060894386e-09
1808.0,7.1819544443035535e-09
1809.0,7.59236998881343e-09
1810.0,7.995857568466224e-09
1811.0,8.392585313409362e-09
1812.0,8.782713042496658e-09
1813.0,9.166391725439753e-09
1814.0,9.54376297068773e-09
1815.0,9.914958536385989e-09
1816.0,1.0280099862779517e-08
1817.0,1.0639297625397275e-08
1818.0,1.0992651309563785e-08
1819.0,1.1340248808230339e-08
1820.0,1.1682166046383226e-08
1821.0,1.2018466635787596e-08
1822.0,1.2349201563338606e-08
1823.0,1.2674408915321886e-08
1824.0,1.2994113639281127e-08
1825.0,1.330832734541328e-08
1826.0,1.3617048150283238e-08
1827.0,1.3920260566573569e-08
1828.0,1.4217935443024259e-08
1829.0,1.4510029958582317e-08
1830.0,1.479648767426623e-08
1831.0,1.5077238645479032e-08
1832.0,1.53521995965547e-08
1833.0,1.56212741584203e-08
1834.0,1.588435316969879e-08
1835.0,1.614131504138016e-08
1836.0,1.6392026184967515e-08
1837.0,1.6636341503509498e-08
1838.0,1.687410494448825e-08
1839.0,1.7105150113559032e-08
1840.0,1.7329300948426572e-08
1841.0,1.7546372452072816e-08
1842.0,1.7756171483928483e-08
1843.0,1.795849760692782e-08
1844.0,1.8153143988295676e-08
1845.0,1.833989835235993e-08
1846.0,1.851854398397861e-08
1847.0,1.8688860780534486e-08
1848.0,1.8850626348749578e-08
1849.0,1.9003617140598228e-08
1850.0,1.9147609621216893e-08
1851.0,1.928238146085184e-08
1852.0,1.940771274196379e-08
1853.0,1.9523387171682514e-08
1854.0,1.962919328953022e-08
1855.0,1.9724925660978933e-08
1856.0,1.981038604873585e-08
1857.0,1.988538455546729e-08
1858.0,1.994974073380845e-08
1859.0,2.0003284661499894e-08
1860.0,2.004585798074545e-08
1861.0,2.0077314901176245e-08
1862.0,2.0097523165441363e-08
1863.0,2.0106364975858114e-08
1864.0,2.0103737879938945e-08
1865.0,2.008955561217767e-08
1866.0,2.00637488897293e-08
1867.0,2.0026266160984007e-08
1868.0,1.9977074308277004e-08
1869.0,1.9916159308156587e-08
1870.0,1.98435268536543e-08
1871.0,1.975920294218056e-08
1872.0,1.9663234430171427e-08
1873.0,1.9555689552540013e-08
1874.0,1.943665840260885e-08
1875.0,1.9306253366837944e-08
1876.0,1.916460950770255e-08
1877.0,1.9011884887031022e-08
1878.0,1.8848260821226727e-08
1879.0,1.8673942059618735e-08
1880.0,1.8489156877833617e-08
1881.0,1.8294157078948578e-08
1882.0,1.8089217895445645e-08
1883.0,1.787463778435829e-08
1884.0,1.76507381069027e-08
1885.0,1.7417862683044235e-08
1886.0,1.7176377211622472e-08
1887.0,1.6926668548391153e-08
1888.0,1.6669143837528216e-08
1889.0,1.640422949600253e-08
1890.0,1.6132370053738312e-08
1891.0,1.585402685555095e-08
1892.0,1.5569676633654458e-08
1893.0,1.5279809962344522e-08
1894.0,1.498492960901269e-08
1895.0,1.4685548797703604e-08
1896.0,1.4382189402908498e-08
1897.0,1.4075380091833736e-08
1898.0,1.3765654432459761e-08
1899.0,1.3453548982686844e-08
1900.0,1.3139601374308547e-08
1901.0,1.2824348405693871e-08
1902.0,1.2508324158363011e-08
1903.0,1.2192058153421673e-08
1904.0,1.1876073563112337e-08
1905.0,1.1560885491095323e-08
1906.0,1.124699933342344e-08
1907.0,1.0934909230689168e-08
1908.0,1.0625096620374881e-08
1909.0,1.0318028897355199e-08
1910.0,1.0014158189980658e-08
1911.0,9.713920258622354e-09
1912.0,9.417733522358027e-09
1913.0,9.125998217871228e-09
1914.0,8.839095693227048e-09
1915.0,8.55738783799772e-09
1916.0,8.281216649812465e-09
1917.0,8.010903935903793e-09
1918.0,7.74675114743353e-09
1919.0,7.489039344736614e-09
1920.0,7.2380292923794045e-09
1921.0,6.993961682936684e-09
1922.0,6.757057487187845e-09
1923.0,6.527518426241577e-09
1924.0,6.305527558264333e-09
1925.0,6.091249969328685e-09
1926.0,5.884833554672859e-09
1927.0,5.686409873484131e-09
1928.0,5.496095057388074e-09
1929.0,5.313990750639964e-09
1930.0,5.1401850589497115e-09
1931.0,4.974753483678572e-09
1932.0,4.817759818232214e-09
1933.0,4.6692569836463104e-09
1934.0,4.5292877809988436e-09
1935.0,4.3978855398577605e-09
1936.0,4.275074644684807e-09
1937.0,4.160870924971566e-09
1938.0,4.055281899588017e-09
1939.0,3.958306870463684e-09
1940.0,3.869936864253409e-09
1941.0,3.790154423009788e-09
1942.0,3.7189332470710865e-09
1943.0,3.6562376962374307e-09
1944.0,3.6020221589273627e-09
1945.0,3.5562303030594672e-09
1946.0,3.5187942265955827e-09
1947.0,3.489633529600091e-09
1948.0,3.468654332667223e-09
1949.0,3.4557482682386046e-09
1950.0,3.450791471937522e-09
1951.0,3.4536436011427045e-09
1952.0,3.4641469077735763e-09
1953.0,3.4821253913645806e-09
1954.0,3.50738405677786e-09
1955.0,3.5397082985517232e-09
1956.0,3.5788634312527203e-09
1957.0,3.6245943825349627e-09
1958.0,3.676625563051781e-09
1959.0,3.734660924844419e-09
1960.0,3.798384217031182e-09
1961.0,3.867459444353335e-09
1962.0,3.941531530719991e-09
1963.0,4.020227186933759e-09
1964.0,4.103155979589985e-09
1965.0,4.189911596420551e-09
1966.0,4.280073301423249e-09
1967.0,4.373207570674106e-09
1968.0,4.468869897241179e-09
1969.0,4.566606751848589e-09
1970.0,4.66595768498707e-09
1971.0,4.766457555414304e-09
1972.0,4.86763886900888e-09
1973.0,4.969034210959787e-09
1974.0,5.0701787534536155e-09
1975.0,5.170612820084308e-09
1976.0,5.269884487141579e-09
1977.0,5.367552201296794e-09
1978.0,5.4631873932832165e-09
1979.0,5.5563770673868605e-09
1980.0,5.646726346245847e-09
1981.0,5.733860949747002e-09
1982.0,5.817429586359208e-09
1983.0,5.8971062353212885e-09
1984.0,5.9725922986950596e-09
1985.0,6.043618603695986e-09
1986.0,6.10994723821526e-09
1987.0,6.1713732057456314e-09
1988.0,6.227725889389972e-09
1989.0,6.278870317814257e-09
1990.0,6.324708228646122e-09
1991.0,6.365178926777107e-09
1992.0,6.4002599362081335e-09
1993.0,6.42996744421417e-09
1994.0,6.4543565354744534e-09
1995.0,6.473521211924829e-09
1996.0,6.487594192685084e-09
1997.0,6.496746488519851e-09
1998.0,6.501186746907787e-09
1999.0,6.501160366209524e-09
2000.0,6.496948380102937e-09
2001.0,6.488866116224334e-09
2002.0,6.477261635469935e-09
2003.0,6.4625139600333165e-09
2004.0,6.445031098609314e-09
2005.0,6.425247876591459e-09
2006.0,6.403623578430509e-09
2007.0,6.3806394095973385e-09
2008.0,6.356795787172822e-09
2009.0,6.332609470539058e-09
2010.0,6.308610546417437e-09
2011.0,6.285339285404098e-09
2012.0,6.263342889903361e-09
2013.0,6.24317215519624e-09
2014.0,6.225378065754993e-09
2015.0,6.210508348090643e-09
2016.0,6.199104000033629e-09
2017.0,6.191695814961479e-09
2018.0,6.188800918797216e-09
2019.0,6.190919338272083e-09
2020.0,6.198530620870676e-09
2021.0,6.2120905290930145e-09
2022.0,6.232027833168343e-09
2023.0,6.25874122666271e-09
2024.0,6.292596388518585e-09
2025.0,6.3339232133044674e-09
2026.0,6.383013229458696e-09
2027.0,6.440117223428287e-09
2028.0,6.5054430855400946e-09
2029.0,6.579153890878161e-09
2030.0,6.661366225781517e-09
2031.0,6.752148768578733e-09
2032.0,6.8515211319330175e-09
2033.0,6.959452973039212e-09
2034.0,7.075863376436946e-09
2035.0,7.200620512604887e-09
2036.0,7.333541574339898e-09
2037.0,7.474392992585415e-09
2038.0,7.622890933576394e-09
2039.0,7.77870207894272e-09
2040.0,7.941444688992697e-09
2041.0,8.110689947108261e-09
2042.0,8.28596358102894e-09
2043.0,8.466747755199391e-09
2044.0,8.652483226719395e-09
2045.0,8.84257175520827e-09
2046.0,9.0363787544368e-09
2047.0,9.233236171515696e-09
2048.0,9.43244557763454e-09
2049.0,9.633281452189639e-09
2050.0,9.83499463939185e-09
2051.0,1.0036815953510261e-08
2052.0,1.0237959906455413e-08
2053.0,1.043762852988492e-08
2054.0,1.0635015263341138e-08
2055.0,1.0829308879767941e-08
2056.0,1.1019697419998276e-08
2057.0,1.1205372108410891e-08
2058.0,1.138553122256897e-08
2059.0,1.1559383889965205e-08
2060.0,1.172615378525602e-08
2061.0,1.1885082702246748e-08
2062.0,1.2035433976974128e-08
2063.0,1.2176495741517459e-08
2064.0,1.2307583991869369e-08
2065.0,1.2428045456275286e-08
2066.0,1.2537260252488003e-08
2067.0,1.2634644323800346e-08
2068.0,1.2719651645186932e-08
2069.0,1.2791776192710723e-08
2070.0,1.2850553671424705e-08
2071.0,1.2895562999113596e-08
2072.0,1.292642754517936e-08
2073.0,1.2942816125479669e-08
2074.0,1.2944443754669453e-08
2075.0,1.2931072157660125e-08
2076.0,1.2902510041818307e-08
2077.0,1.2858613132080129e-08
2078.0,1.2799283972273978e-08
2079.0,1.2724471497196205e-08
2080.0,1.2634170381074823e-08
2081.0,1.2528420169042876e-08
2082.0,1.240730419935958e-08
2083.0,1.2270948325641391e-08
2084.0,1.2119519450337437e-08
2085.0,1.1953223882514676e-08
2086.0,1.1772305533987881e-08
2087.0,1.1577043968187553e-08
2088.0,1.1367752316990128e-08
2089.0,1.1144775082622331e-08
2090.0,1.0908485844177776e-08
2091.0,1.0659284890232087e-08
2092.0,1.0397596799628072e-08
2093.0,1.0123867991385618e-08
2094.0,9.838564262538753e-09
2095.0,9.542168330760097e-09
2096.0,9.235177397364455e-09
2097.0,8.918100745016603e-09
2098.0,8.591457382545206e-09
2099.0,8.255773746926329e-09
2100.0,7.911581470517892e-09
2101.0,7.559415220433782e-09
2102.0,7.199810616326552e-09
2103.0,6.833302232377024e-09
2104.0,6.460421688733442e-09
2105.0,6.081695836902452e-09
2106.0,5.6976450428186174e-09
2107.0,5.308781571113191e-09
2108.0,4.915608074922464e-09
2109.0,4.518616196964961e-09
2110.0,4.118285288528955e-09
2111.0,3.7150812526216637e-09
2112.0,3.309455515618082e-09
2113.0,2.9018441288745802e-09
2114.0,2.492666999066478e-09
2115.0,2.082327244242378e-09
2116.0,1.6712106716335882e-09
2117.0,1.2596853727041941e-09
2118.0,8.481014308209414e-10
2119.0,4.367907375258708e-10
2120.0,2.6066914502203227e-11
2121.0,-3.837746608902164e-10
2122.0,-7.924567290526295e-10
2123.0,-1.1997199249444727e-09
2124.0,-1.6053224652724953e-09
2125.0,-2.009039755621534e-09
2126.0,-2.410663928811931e-09
2127.0,-2.8100033265847455e-09
2128.0,-3.2068819370664883e-09
2129.0,-3.6011388010527063e-09
2130.0,-3.99262740101774e-09
2131.0,-4.3812150469657365e-09
2132.0,-4.7667822718611195e-09
2133.0,-5.149222246463659e-09
2134.0,-5.528440219657192e-09
2135.0,-5.904352986429836e-09
2136.0,-6.27688838201978e-09
2137.0,-6.645984798012871e-09
2138.0,-7.011590714815654e-09
2139.0,-7.373664244522701e-09
2140.0,-7.732172677737516e-09
2141.0,-8.087092026893795e-09
2142.0,-8.438406557591469e-09
2143.0,-8.786108299383386e-09
2144.0,-9.130196528824776e-09
2145.0,-9.470677220042982e-09
2146.0,-9.807562460768902e-09
2147.0,-1.0140869834186418e-08
2148.0,-1.0470621769095346e-08
2149.0,-1.0796844862829975e-08
2150.0,-1.11195691830364e-08
2151.0,-1.1438827555754194e-08
2152.0,-1.1754654848560597e-08
2153.0,-1.2067087259019619e-08
2154.0,-1.2376161619758029e-08
2155.0,-1.2681914731151207e-08
2156.0,-1.2984382730700364e-08
2157.0,-1.3283600505867578e-08
2158.0,-1.3579601155541367e-08
2159.0,-1.3872415504319967e-08
2160.0,-1.4162071672678131e-08
2161.0,-1.4448594704683517e-08
2162.0,-1.4732006253606807e-08
2163.0,-1.5012324324663047e-08
2164.0,-1.528956307318983e-08
2165.0,-1.5563732655785484e-08
2166.0,-1.5834839131022478e-08
2167.0,-1.610288440496984e-08
2168.0,-1.636786621520086e-08
2169.0,-1.6629778146066967e-08
2170.0,-1.688860966811052e-08
2171.0,-1.7144346195011888e-08
2172.0,-1.7396969151817017e-08
2173.0,-1.764645604832592e-08
2174.0,-1.7892780551660663e-08
2175.0,-1.81359125524828e-08
2176.0,-1.8375818220594594e-08
2177.0,-1.8612460047820425e-08
2178.0,-1.88457968781925e-08
2179.0,-1.9075783926581132e-08
2180.0,-1.930237278731807e-08
2181.0,-1.9525511435043333e-08
2182.0,-1.9745144221108675e-08
2183.0,-1.9961211869731452e-08
2184.0,-2.017365147838703e-08
2185.0,-2.038239652697767e-08
2186.0,-2.058737690057703e-08
2187.0,-2.078851893128548e-08
2188.0,-2.0985745465779158e-08
2189.0,-2.1178975965715937e-08
2190.0,-2.136812664742262e-08
2191.0,-2.155311066523349e-08
2192.0,-2.1733838340334833e-08
2193.0,-2.1910217434793422e-08
2194.0,-2.2082153468895967e-08
2195.0,-2.224955007910902e-08
2196.0,-2.241230941391716e-08
2197.0,-2.2570332565129245e-08
2198.0,-2.2723520032284434e-08
2199.0,-2.2871772217188897e-08
2200.0,-2.301498994457687e-08
2201.0,-2.3153075003888172e-08
2202.0,-2.328593070661795e-08
2203.0,-2.3413462453816617e-08
2204.0,-2.353557830901252e-08
2205.0,-2.3652189572905206e-08
2206.0,-2.3763211357512735e-08
2207.0,-2.3868563159048478e-08
2208.0,-2.396816943061669e-08
2209.0,-2.406196015748134e-08
2210.0,-2.414987143854488e-08
2211.0,-2.4231846077448853e-08
2212.0,-2.4307834185613104e-08
2213.0,-2.4377793797964096e-08
2214.0,-2.4441691500277685e-08
2215.0,-2.449950306511701e-08
2216.0,-2.455121409139095e-08
2217.0,-2.459682064040734e-08
2218.0,-2.4636329858807065e-08
2219.0,-2.466976057663341e-08
2220.0,-2.4697143868104128e-08
2221.0,-2.4718523563605123e-08
2222.0,-2.4733956703297727e-08
2223.0,-2.4743513924806967e-08
2224.0,-2.4747279779160134e-08
2225.0,-2.474535296994119e-08
2226.0,-2.4737846510662013e-08
2227.0,-2.4724887795754577e-08
2228.0,-2.470661858238283e-08
2229.0,-2.4683194883116742e-08
2230.0,-2.4654786772004783e-08
2231.0,-2.4621578107737672e-08
2232.0,-2.4583766177706965e-08
2233.0,-2.4541561266895993e-08
2234.0,-2.449518615631236e-08
2235.0,-2.4444875556595995e-08
2236.0,-2.4390875482649762e-08
2237.0,-2.4333442574378586e-08
2238.0,-2.42728433670532e-08
2239.0,-2.4209353512501188e-08
2240.0,-2.4143256949673156e-08
2241.0,-2.4074845021355364e-08
2242.0,-2.4004415534135063e-08
2243.0,-2.393227176115725e-08
2244.0,-2.3858721390403808e-08
2245.0,-2.378407542369075e-08
2246.0,-2.3708647032694864e-08
2247.0,-2.3632750378290404e-08
2248.0,-2.3556699398783893e-08
2249.0,-2.3480806571779825e-08
2250.0,-2.3405381653906387e-08
2251.0,-2.3330730402874227e-08
2252.0,-2.3257153287259875e-08
2253.0,-2.3184944190367952e-08
2254.0,-2.3114389114828057e-08
2255.0,-2.3045764893959348e-08
2256.0,-2.2979337914682294e-08
2257.0,-2.291536285562245e-08
2258.0,-2.2854081443768462e-08
2259.0,-2.2795721233557803e-08
2260.0,-2.2740494412719605e-08
2261.0,-2.268859663900396e-08
2262.0,-2.2640205911305197e-08
2263.0,-2.2595481478141383e-08
2264.0,-2.2554562786160145e-08
2265.0,-2.251756847130239e-08
2266.0,-2.2484595395587295e-08
2267.0,-2.2455717733255152e-08
2268.0,-2.243098611086691e-08
2269.0,-2.2410426806280945e-08
2270.0,-2.23940410110916e-08
2271.0,-2.23818041608648e-08
2272.0,-2.237366533821761e-08
2273.0,-2.2369546755631126e-08
2274.0,-2.236934332724028e-08
2275.0,-2.237292234066605e-08
2276.0,-2.238012324039383e-08
2277.0,-2.2390757533224727e-08
2278.0,-2.2404608824593174e-08
2279.0,-2.2421432992642197e-08
2280.0,-2.2440958505146338e-08
2281.0,-2.2462886882909098e-08
2282.0,-2.2486893312271283e-08
2283.0,-2.2512627408602422e-08
2284.0,-2.2539714131601984e-08
2285.0,-2.2567754851347146e-08
2286.0,-2.259632856080176e-08
2287.0,-2.2624993225956643e-08
2288.0,-2.2653287259818794e-08
2289.0,-2.2680731102632815e-08
2290.0,-2.270682888919152e-08
2291.0,-2.2731070184922426e-08
2292.0,-2.2752931774704215e-08
2293.0,-2.2771879491134543e-08
2294.0,-2.2787370071763407e-08
2295.0,-2.2798853037207564e-08
2296.0,-2.2805772583537838e-08
2297.0,-2.2807569482833972e-08
2298.0,-2.2803682985986186e-08
2299.0,-2.2793552722285526e-08
2300.0,-2.2776620591056306e-08
2301.0,-2.2752332641235702e-08
2302.0,-2.2720140935237194e-08
2303.0,-2.2679505393558708e-08
2304.0,-2.2629895616370256e-08
2305.0,-2.2570792677944598e-08
2306.0,-2.2501690889570987e-08
2307.0,-2.2422099526358462e-08
2308.0,-2.233154451248332e-08
2309.0,-2.2229570057751722e-08
2310.0,-2.211574023653618e-08
2311.0,-2.1989640499038803e-08
2312.0,-2.1850879104351818e-08
2313.0,-2.169908846427714e-08
2314.0,-2.1533926386261664e-08
2315.0,-2.1355077203673284e-08
2316.0,-2.1162252782335683e-08
2317.0,-2.0955193393715793e-08
2318.0,-2.0733668447372785e-08
2319.0,-2.049747707812314e-08
2320.0,-2.02464485865079e-08
2321.0,-1.9980442734147906e-08
2322.0,-1.969934989805516e-08
2323.0,-1.940309108960944e-08
2324.0,-1.9091617844620786e-08
2325.0,-1.8764911990972146e-08
2326.0,-1.8422985300355005e-08
2327.0,-1.8065879031011394e-08
2328.0,-1.7693663369090743e-08
2329.0,-1.7306436776958437e-08
2330.0,-1.690432525756977e-08
2331.0,-1.6487481544689366e-08
2332.0,-1.6056084228465077e-08
2333.0,-1.561033682384757e-08
2334.0,-1.5150466785807572e-08
2335.0,-1.4676724471370842e-08
2336.0,-1.41893820451654e-08
2337.0,-1.3688732322772279e-08
2338.0,-1.3175087544700943e-08
2339.0,-1.264877807342587e-08
2340.0,-1.2110151006798891e-08
2341.0,-1.1559568703190203e-08
2342.0,-1.0997407216512773e-08
2343.0,-1.0424054642407795e-08
2344.0,-9.839909380014554e-09
2345.0,-9.245378316632664e-09
2346.0,-8.640874944881488e-09
2347.0,-8.026817423721806e-09
2348.0,-7.4036265964469645e-09
2349.0,-6.7717239807021186e-09
2350.0,-6.131529747296962e-09
2351.0,-5.483460705527388e-09
2352.0,-4.827928312870334e-09
2353.0,-4.165336726438138e-09
2354.0,-3.4960809125494264e-09
2355.0,-2.820544829240654e-09
2356.0,-2.1390996947148938e-09
2357.0,-1.4521023530878428e-09
2358.0,-7.598937479879889e-10
2359.0,-6.279751496140295e-11
2360.0,6.388812949971804e-10
2361.0,1.3448573468879991e-09
2362.0,2.0548659935315613e-09
2363.0,2.7686640741135055e-09
2364.0,3.4860305281387045e-09
2365.0,4.206766816496823e-09
2366.0,4.9306971443974146e-09
2367.0,5.6576684837174645e-09
2368.0,6.387550394896358e-09
2369.0,7.1202346512496314e-09
2370.0,7.855634671287408e-09
2371.0,8.593684766442197e-09
2372.0,9.33433921193785e-09
2373.0,1.0077571147641193e-08
2374.0,1.0823371314296447e-08
2375.0,1.1571746629205514e-08
2376.0,1.2322718604723119e-08
2377.0,1.307632161301819e-08
2378.0,1.3832601001107672e-08
2379.0,1.4591611060992094e-08
2380.0,1.5353412861113008e-08
2381.0,1.6118071947767898e-08
2382.0,1.688565592839224e-08
2383.0,1.7656231951833472e-08
2384.0,1.8429864103138196e-08
2385.0,1.920661073201702e-08
2386.0,1.9986521735424404e-08
2387.0,2.076963581573465e-08
2388.0,2.1555977736906565e-08
2389.0,2.234555560193614e-08
2390.0,2.3138358175593685e-08
2391.0,2.393435227639337e-08
2392.0,2.4733480260500504e-08
2393.0,2.5535657617847832e-08
2394.0,2.634077069767654e-08
2395.0,2.7148674577872164e-08
2396.0,2.795919109032923e-08
2397.0,2.8772107013027147e-08
2398.0,2.9587172437974394e-08
2399.0,3.0404099322017396e-08
2400.0,3.1222560224388484e-08
2401.0,3.2042187231153974e-08
2402.0,3.2862571063109374e-08
2403.0,3.368326036047985e-08
2404.0,3.4503761135313225e-08
2405.0,3.532353638156806e-08
2406.0,3.6142005834269886e-08
2407.0,3.695854587227345e-08
2408.0,3.777248956325439e-08
2409.0,3.858312685411153e-08
2410.0,3.938970491440031e-08
2411.0,4.019142864354885e-08
2412.0,4.0987461353473466e-08
2413.0,4.177692563700686e-08
2414.0,4.255890443044605e-08
2415.0,4.333244227661582e-08
2416.0,4.409654679332086e-08
2417.0,4.485019035037032e-08
2418.0,4.559231195601908e-08
2419.0,4.632181935080386e-08
2420.0,4.7037591303941626e-08
2421.0,4.77384801051884e-08
2422.0,4.84233142432768e-08
2423.0,4.909090126035045e-08
2424.0,4.974003076999547e-08
2425.0,5.036947762478612e-08
2426.0,5.0978005218091456e-08
2427.0,5.15643689045118e-08
2428.0,5.212731952391521e-08
2429.0,5.266560701548137e-08
2430.0,5.31779841098439e-08
2431.0,5.366321008894661e-08
2432.0,5.412005460474782e-08
2433.0,5.454730154934507e-08
2434.0,5.4943752969617136e-08
2435.0,5.530823301847934e-08
2436.0,5.563959193284412e-08
2437.0,5.5936710026328596e-08
2438.0,5.6198501682976836e-08
2439.0,5.642391933658886e-08
2440.0,5.661195741862187e-08
2441.0,5.676165625614692e-08
2442.0,5.687210589992781e-08
2443.0,5.6942449861132766e-08
2444.0,5.697188873351591e-08
2445.0,5.695968367651226e-08
2446.0,5.690515973398658e-08
2447.0,5.680770896339872e-08
2448.0,5.6666793350771257e-08
2449.0,5.6481947488241645e-08
2450.0,5.625278099339333e-08
2451.0,5.59789806526018e-08
2452.0,5.5660312273439444e-08
2453.0,5.52966222333992e-08
2454.0,5.4887838714163636e-08
2455.0,5.443397261277429e-08
2456.0,5.3935118123532454e-08
2457.0,5.339145298715541e-08
2458.0,5.2803238406207074e-08
2459.0,5.217081862796017e-08
2460.0,5.149462019788524e-08
2461.0,5.0775150888914145e-08
2462.0,5.00129983131189e-08
2463.0,4.9208828223324656e-08
2464.0,4.836338251268345e-08
2465.0,4.747747692073499e-08
2466.0,4.6551998455361264e-08
2467.0,4.558790254170698e-08
2468.0,4.458620991168709e-08
2469.0,4.354800325064775e-08
2470.0,4.247442362028352e-08
2471.0,4.136666667853764e-08
2472.0,4.022597871795282e-08
2473.0,3.9053652544083165e-08
2474.0,3.785102321548609e-08
2475.0,3.6619463666904314e-08
2476.0,3.53603802377429e-08
2477.0,3.4075208128632666e-08
2478.0,3.2765406809335646e-08
2479.0,3.1432455401161755e-08
2480.0,3.0077848056288063e-08
2481.0,2.8703089355078916e-08
2482.0,2.7309689741060415e-08
2483.0,2.5899161011772055e-08
2484.0,2.4473011882309693e-08
2485.0,2.3032743637125252e-08
2486.0,2.1579845884794413e-08
2487.0,2.0115792430322207e-08
2488.0,1.86420372804566e-08
2489.0,1.716001079927742e-08
2490.0,1.5671116033329683e-08
2491.0,1.4176725227184874e-08
2492.0,1.2678176551193096e-08
2493.0,1.1176771062813908e-08
2494.0,9.673769920868095e-09
2495.0,8.170391868758492e-09
2496.0,6.667810999349763e-09
2497.0,5.16715481177555e-09
2498.0,3.6695025689641977e-09
2499.0,2.175883963372914e-09
2500.0,6.872780966804174e-10
2501.0,-7.953872230158547e-10
2502.0,-2.271235865343748e-09
2503.0,-3.739443444161411e-09
2504.0,-5.1992370690066825e-09
2505.0,-6.649894785137743e-09
2506.0,-8.090744707003416e-09
2507.0,-9.52116385177248e-09
2508.0,-1.0940576681995528e-08
2509.0,-1.2348453369408093e-08
2510.0,-1.3744307794941773e-08
2511.0,-1.5127695302811066e-08
2512.0,-1.6498210229023327e-08
2513.0,-1.7855483226926997e-08
2514.0,-1.919917841452282e-08
2515.0,-2.0528990370308145e-08
2516.0,-2.184464100650403e-08
2517.0,-2.314587635043583e-08
2518.0,-2.443246326609343e-08
2519.0,-2.5704186148068767e-08
2520.0,-2.6960843619185212e-08
2521.0,-2.8202245261488718e-08
2522.0,-2.9428208408073975e-08
2523.0,-3.0638555020679536e-08
2524.0,-3.183310867550022e-08
2525.0,-3.3011691677654385e-08
2526.0,-3.4174122323271916e-08
2527.0,-3.532021232669417e-08
2528.0,-3.644976442797571e-08
2529.0,-3.756257019228451e-08
2530.0,-3.865840800808642e-08
2531.0,-3.973704128591572e-08
2532.0,-4.0798216855287616e-08
2533.0,-4.18416635550018e-08
2534.0,-4.286709101185684e-08
2535.0,-4.3874188603726326e-08
2536.0,-4.4862624603959845e-08
2537.0,-4.5832045504733435e-08
2538.0,-4.6782075517600495e-08
2539.0,-4.7712316250749114e-08
2540.0,-4.8622346564597846e-08
2541.0,-4.9511722609646926e-08
2542.0,-5.037997805191405e-08
2543.0,-5.122662449154453e-08
2544.0,-5.205115207972813e-08
2545.0,-5.28530303383017e-08
2546.0,-5.3631709185458006e-08
2547.0,-5.4386620169507413e-08
2548.0,-5.511717791010941e-08
2549.0,-5.582278174262923e-08
2550.0,-5.650281755674027e-08
2551.0,-5.71566598158629e-08
2552.0,-5.77836737403094e-08
2553.0,-5.838321763469427e-08
2554.0,-5.8954645339305944e-08
2555.0,-5.949730878512054e-08
2556.0,-6.001056063218587e-08
2557.0,-6.04937569708276e-08
2558.0,-6.094626006472017e-08
2559.0,-6.136744111472996e-08
2560.0,-6.175668302285315e-08
2561.0,-6.211338313665399e-08
2562.0,-6.243695595637332e-08
2563.0,-6.272683578927859e-08
2564.0,-6.29824793386889e-08
2565.0,-6.320336821795002e-08
2566.0,-6.338901138190177e-08
2567.0,-6.353894746996937e-08
2568.0,-6.365274705614986e-08
2569.0,-6.373001480184157e-08
2570.0,-6.377039150746487e-08
2571.0,-6.377355605826541e-08
2572.0,-6.373922725907163e-08
2573.0,-6.366716555242001e-08
2574.0,-6.355717461416713e-08
2575.0,-6.34091028201688e-08
2576.0,-6.322284457695538e-08
2577.0,-6.299834150899307e-08
2578.0,-6.273558349535636e-08
2579.0,-6.243460954950868e-08
2580.0,-6.209550853719776e-08
2581.0,-6.17184197287038e-08
2582.0,-6.130353318255845e-08
2583.0,-6.085108995873072e-08
2584.0,-6.036138216036462e-08
2585.0,-5.983475280393748e-08
2586.0,-5.927159551765457e-08
2587.0,-5.8672354067285165e-08
2588.0,-5.803752170828795e-08
2589.0,-5.736764036368115e-08
2590.0,-5.6663299629018686e-08
2591.0,-5.5925135608765404e-08
2592.0,-5.5153829591410885e-08
2593.0,-5.4350106572894255e-08
2594.0,-5.351473363894067e-08
2595.0,-5.264851821669199e-08
2596.0,-5.175230620467041e-08
2597.0,-5.082697998815598e-08
2598.0,-4.9873456345255486e-08
2599.0,-4.889268424775884e-08
2600.0,-4.7885642560415806e-08
2601.0,-4.685333764255241e-08
2602.0,-4.5796800856887235e-08
2603.0,-4.471708599156955e-08
2604.0,-4.3615266602185616e-08
2605.0,-4.2492433280207945e-08
2606.0,-4.134969085322908e-08
2607.0,-4.018815552130473e-08
2608.0,-3.900895193359602e-08
2609.0,-3.7813210209834205e-08
2610.0,-3.6602062911132006e-08
2611.0,-3.5376641964567935e-08
2612.0,-3.413807554694906e-08
2613.0,-3.2887484935901875e-08
2614.0,-3.162598134032596e-08
2615.0,-3.035466272608354e-08
2616.0,-2.9074610655991332e-08
2617.0,-2.7786887165806865e-08
2618.0,-2.649253169995405e-08
2619.0,-2.519255813177838e-08
2620.0,-2.3887951892771333e-08
2621.0,-2.2579667233572592e-08
2622.0,-2.1268624637097485e-08
2623.0,-1.995570840138334e-08
2624.0,-1.8641764407368684e-08
2625.0,-1.7327598085206756e-08
2626.0,-1.6013972591387622e-08
2627.0,-1.4701607207132198e-08
2628.0,-1.3391175966244996e-08
2629.0,-1.2083306518291559e-08
2630.0,-1.0778579230524285e-08
2631.0,-9.477526529351591e-09
2632.0,-8.180632479919591e-09
2633.0,-6.888332600970642e-09
2634.0,-5.601013911120698e-09
2635.0,-4.3190152015608124e-09
2636.0,-3.0426275291695332e-09
2637.0,-1.7720949236370166e-09
2638.0,-5.076153024778626e-10
2639.0,7.506584117403315e-10
2640.0,2.0026169775728085e-09
2641.0,3.248193330714519e-09
2642.0,4.48736089816476e-09
2643.0,5.7201317412257684e-09
2644.0,6.9465545396941455e-09
2645.0,8.166712429611305e-09
2646.0,9.38072070546685e-09
2647.0,1.0588724395971109e-08
2648.0,1.1790895721519576e-08
2649.0,1.2987431441481286e-08
2650.0,1.4178550100141366e-08
2651.0,1.5364489181426697e-08
2652.0,1.6545502184565423e-08
2653.0,1.7721855635330606e-08
2654.0,1.889382604980795e-08
2655.0,2.0061696869077192e-08
2656.0,2.122575538346029e-08
2657.0,2.2386289663880316e-08
2658.0,2.354358551555125e-08
2659.0,2.4697923466585524e-08
2660.0,2.5849575802423858e-08
2661.0,2.6998803656681512e-08
2662.0,2.8145854169112476e-08
2663.0,2.9290957720624963e-08
2664.0,3.043432525345352e-08
2665.0,3.1576145682678546e-08
2666.0,3.271658340400037e-08
2667.0,3.385577590171573e-08
2668.0,3.4993831459783875e-08
2669.0,3.613082697808022e-08
2670.0,3.726680589607206e-08
2671.0,3.8401776227228596e-08
2672.0,3.95357087089682e-08
2673.0,4.066853507455757e-08
2674.0,4.1800146455247364e-08
2675.0,4.2930391923120074e-08
2676.0,4.405907718749208e-08
2677.0,4.5185963460116995e-08
2678.0,4.6310766506461747e-08
2679.0,4.7433155900972096e-08
2680.0,4.8552754502772624e-08
2681.0,4.966913816517341e-08
2682.0,5.0781835688880634e-08
2683.0,5.189032902540885e-08
2684.0,5.299405373339525e-08
2685.0,5.4092399685978484e-08
2686.0,5.51847120227349e-08
2687.0,5.627029233602811e-08
2688.0,5.734840007964202e-08
2689.0,5.841825418683009e-08
2690.0,5.947903488464616e-08
2691.0,6.052988569124491e-08
2692.0,6.156991558266692e-08
2693.0,6.259820131527138e-08
2694.0,6.361378988937792e-08
2695.0,6.461570113922543e-08
2696.0,6.56029304343898e-08
2697.0,6.657445147786022e-08
2698.0,6.752921918540855e-08
2699.0,6.846617263009693e-08
2700.0,6.938423803580397e-08
2701.0,7.028233180475083e-08
2702.0,7.115936356546882e-08
2703.0,7.201423922891613e-08
2704.0,7.284586404164772e-08
2705.0,7.36531456264052e-08
2706.0,7.443499700220646e-08
2707.0,7.519033957752297e-08
2708.0,7.591810611094097e-08
2709.0,7.661724363381113e-08
2710.0,7.728671632936597e-08
2711.0,7.792550836313742e-08
2712.0,7.853262666012597e-08
2713.0,7.910710362456706e-08
2714.0,7.964799979802855e-08
2715.0,8.015440645097423e-08
2716.0,8.062544810187402e-08
2717.0,8.106028495656653e-08
2718.0,8.145811525939899e-08
2719.0,8.181817754719974e-08
2720.0,8.213975279717563e-08
2721.0,8.242216645959894e-08
2722.0,8.266479036519594e-08
2723.0,8.286704449578964e-08
2724.0,8.30283986058343e-08
2725.0,8.314837368279307e-08
2726.0,8.322654323603668e-08
2727.0,8.326253440661576e-08
2728.0,8.325602889311897e-08
2729.0,8.320676369136452e-08
2730.0,8.311453164793761e-08
2731.0,8.297918182973358e-08
2732.0,8.280061971338272e-08
2733.0,8.257880719938167e-08
2734.0,8.231376245628949e-08
2735.0,8.200555960121718e-08
2736.0,8.165432822431379e-08
2737.0,8.126025276645652e-08
2738.0,8.082357175987073e-08
2739.0,8.034457694042166e-08
2740.0,7.982361223839096e-08
2741.0,7.926107265263267e-08
2742.0,7.865740301135822e-08
2743.0,7.801309662114525e-08
2744.0,7.732869380420855e-08
2745.0,7.66047803230573e-08
2746.0,7.584198569161035e-08
2747.0,7.50409813724563e-08
2748.0,7.420247886117143e-08
2749.0,7.332722766039459e-08
2750.0,7.241601314810808e-08
2751.0,7.146965434565978e-08
2752.0,7.048900159169557e-08
2753.0,6.947493412911247e-08
2754.0,6.84283576138731e-08
2755.0,6.735020155711966e-08
2756.0,6.624141671526128e-08
2757.0,6.51029724459182e-08
2758.0,6.393585405014726e-08
2759.0,6.274106012341482e-08
2760.0,6.151959993993588e-08
2761.0,6.027249089711933e-08
2762.0,5.9000756047761165e-08
2763.0,5.770542174606938e-08
2764.0,5.6387515429265845e-08
2765.0,5.5048063550238844e-08
2766.0,5.3688089670160976e-08
2767.0,5.2308612714677773e-08
2768.0,5.091064539371269e-08
2769.0,4.949519278261367e-08
2770.0,4.806325106047302e-08
2771.0,4.6615806399256176e-08
2772.0,4.515383399453165e-08
2773.0,4.367829722559326e-08
2774.0,4.219014693063957e-08
2775.0,4.069032078210867e-08
2776.0,3.917974274838768e-08
2777.0,3.7659322630765785e-08
2778.0,3.612995566811836e-08
2779.0,3.459252220537455e-08
2780.0,3.304788742442045e-08
2781.0,3.149690113746281e-08
2782.0,2.994039764323178e-08
2783.0,2.8379195646169706e-08
2784.0,2.6814098238701236e-08
2785.0,2.5245892947513113e-08
2786.0,2.367535184632131e-08
2787.0,2.210323173884542e-08
2788.0,2.053027441578156e-08
2789.0,1.8957206988393927e-08
2790.0,1.738474229933013e-08
2791.0,1.5813579408850356e-08
2792.0,1.4244404152318383e-08
2793.0,1.2677889762794856e-08
2794.0,1.1114697550508977e-08
2795.0,9.555477628207261e-09
2796.0,8.000869667995836e-09
2797.0,6.45150367250396e-09
2798.0,4.908000742425123e-09
2799.0,3.3709738241481508e-09
2800.0,1.8410284243371183e-09
2801.0,3.187632816855463e-10
2802.0,-1.1952290108905693e-09
2803.0,-2.7003614378113527e-09
2804.0,-4.196052048729895e-09
2805.0,-5.681723504850171e-09
2806.0,-7.156802685624975e-09
2807.0,-8.620720357286e-09
2808.0,-1.0072910903771864e-08
2809.0,-1.1512812119571527e-08
2810.0,-1.293986506271055e-08
2811.0,-1.4353513964706445e-08
2812.0,-1.5753206193435285e-08
2813.0,-1.713839226505384e-08
2814.0,-1.8508525902468237e-08
2815.0,-1.986306413989083e-08
2816.0,-2.1201467475080255e-08
2817.0,-2.252320007238685e-08
2818.0,-2.3827730020580915e-08
2819.0,-2.511452964969496e-08
2820.0,-2.6383075911018696e-08
2821.0,-2.7632850824359237e-08
2822.0,-2.886334199683256e-08
2823.0,-3.007404321736265e-08
2824.0,-3.126445513016672e-08
2825.0,-3.2434085988548424e-08
2826.0,-3.3582452487569735e-08
2827.0,-3.4709080671315164e-08
2828.0,-3.5813506908105486e-08
2829.0,-3.689527892516975e-08
2830.0,-3.795395689250054e-08
2831.0,-3.898911454370771e-08
2832.0,-4.000034032019831e-08
2833.0,-4.098723852467558e-08
2834.0,-4.194943047059933e-08
2835.0,-4.288655561494705e-08
2836.0,-4.3798272661961384e-08
2837.0,-4.468426062600652e-08
2838.0,-4.5544219842410994e-08
2839.0,-4.637787291598134e-08
2840.0,-4.7184965597915344e-08
2841.0,-4.796526758396604e-08
2842.0,-4.871857323018652e-08
2843.0,-4.944470218648442e-08
2844.0,-5.0143499951330647e-08
2845.0,-5.0814838352765516e-08
2846.0,-5.145861596134285e-08
2847.0,-5.207475844016306e-08
2848.0,-5.266321883635735e-08
2849.0,-5.322397781795556e-08
2850.0,-5.375704385998995e-08
2851.0,-5.426245338353108e-08
2852.0,-5.4740270851039723e-08
2853.0,-5.519058882109457e-08
2854.0,-5.561352796499767e-08
2855.0,-5.600923704657646e-08
2856.0,-5.6377892864811734e-08
2857.0,-5.67197001574169e-08
2858.0,-5.70348914627639e-08
2859.0,-5.732372693747401e-08
2860.0,-5.7586494126828886e-08
2861.0,-5.7823507684218286e-08
2862.0,-5.803510903401842e-08
2863.0,-5.822166597002276e-08
2864.0,-5.838357217934816e-08
2865.0,-5.8521246680162153e-08
2866.0,-5.863513316149869e-08
2867.0,-5.8725699215520565e-08
2868.0,-5.879343545641369e-08
2869.0,-5.883885452452797e-08
2870.0,-5.886248997866184e-08
2871.0,-5.8864895083298776e-08
2872.0,-5.884664150089478e-08
2873.0,-5.880831790141105e-08
2874.0,-5.8750528501599236e-08
2875.0,-5.8673891545164985e-08
2876.0,-5.85790377327729e-08
2877.0,-5.846660860897249e-08
2878.0,-5.8337254911997724e-08
2879.0,-5.819163489168882e-08
2880.0,-5.803041259972734e-08
2881.0,-5.785425615455817e-08
2882.0,-5.7663835981112826e-08
2883.0,-5.745982302325281e-08
2884.0,-5.7242886924912824e-08
2885.0,-5.7013694174364834e-08
2886.0,-5.677290620533369e-08
2887.0,-5.652117744956179e-08
2888.0,-5.625915333798255e-08
2889.0,-5.598746825127532e-08
2890.0,-5.570674342450234e-08
2891.0,-5.541758481432241e-08
2892.0,-5.5120580940256645e-08
2893.0,-5.4816300712814756e-08
2894.0,-5.450529126104348e-08
2895.0,-5.418807577148231e-08
2896.0,-5.386515135094397e-08
2897.0,-5.35369869274334e-08
2898.0,-5.32040212065039e-08
2899.0,-5.2866660703621346e-08
2900.0,-5.2525277875617644e-08
2901.0,-5.2180209375065466e-08
2902.0,-5.183175445008266e-08
2903.0,-5.148017350946091e-08
2904.0,-5.112568687039213e-08
2905.0,-5.076847370413806e-08
2906.0,-5.040867119361949e-08
2907.0,-5.0046373915643086e-08
2908.0,-4.968163345890066e-08
2909.0,-4.931445828663325e-08
2910.0,-4.894481384994251e-08
2911.0,-4.8572622954488566e-08
2912.0,-4.819776638004371e-08
2913.0,-4.782008374926815e-08
2914.0,-4.743937463951533e-08
2915.0,-4.7055399929905835e-08
2916.0,-4.6667883375322824e-08
2917.0,-4.627651339885403e-08
2918.0,-4.5880945093984795e-08
2919.0,-4.548080242721902e-08
2920.0,-4.507568063061666e-08
2921.0,-4.466514877201886e-08
2922.0,-4.424875248880299e-08
2923.0,-4.38260168692166e-08
2924.0,-4.339644946375905e-08
2925.0,-4.295954340781253e-08
2926.0,-4.25147806362285e-08
2927.0,-4.20616351711058e-08
2928.0,-4.159957646494447e-08
2929.0,-4.1128072781730644e-08
2930.0,-4.064659459804782e-08
2931.0,-4.0154618005798604e-08
2932.0,-3.9651628098596604e-08
2933.0,-3.913712232571828e-08
2934.0,-3.861061380003371e-08
2935.0,-3.807163454832382e-08
2936.0,-3.751973869311122e-08
2937.0,-3.695450555504869e-08
2938.0,-3.637554266496084e-08
2939.0,-3.578248867506234e-08
2940.0,-3.5175016159269836e-08
2941.0,-3.455283429261442e-08
2942.0,-3.391569139949441e-08
2943.0,-3.3263377359702496e-08
2944.0,-3.259572585985228e-08
2945.0,-3.191261647672927e-08
2946.0,-3.1213976579012965e-08
2947.0,-3.0499783034660094e-08
2948.0,-2.977006371219904e-08
2949.0,-2.9024898764847793e-08
2950.0,-2.8264421686920403e-08
2951.0,-2.7488820132500796e-08
2952.0,-2.6698336486783194e-08
2953.0,-2.5893268181230986e-08
2954.0,-2.5073967745481856e-08
2955.0,-2.4240842591822246e-08
2956.0,-2.3394354531440103e-08
2957.0,-2.2535019024853934e-08
2958.0,-2.1663404171534343e-08
2959.0,-2.0780129445493004e-08
2960.0,-1.988586418429942e-08
2961.0,-1.8981325838936835e-08
2962.0,-1.806727799194702e-08
2963.0,-1.7144528151765925e-08
2964.0,-1.621392533149528e-08
2965.0,-1.5276357420209732e-08
2966.0,-1.4332748354788886e-08
2967.0,-1.3384055101038466e-08
2968.0,-1.2431264454693838e-08
2969.0,-1.1475389675015538e-08
2970.0,-1.0517466965040145e-08
2971.0,-9.558551812742104e-09
2972.0,-8.599715206986046e-09
2973.0,-7.64203974226577e-09
2974.0,-6.686615627597563e-09
2975.0,-5.734536617644157e-09
2976.0,-4.786895887604927e-09
2977.0,-3.844781876577194e-09
2978.0,-2.909274125946584e-09
2979.0,-1.9814391395268742e-09
2980.0,-1.0623262911204192e-09
2981.0,-1.529638037854e-10
2982.0,7.456451758582176e-10
2983.0,1.6325263851072037e-09
2984.0,2.50673811083036e-09
2985.0,3.3673746893257685e-09
2986.0,4.213569816667086e-09
2987.0,5.044499646899916e-09
2988.0,5.859385657347496e-09
2989.0,6.657497262989219e-09
2990.0,7.438154165143343e-09
2991.0,8.200728423059105e-09
2992.0,8.944646240200367e-09
2993.0,9.669389459905109e-09
2994.0,1.037449676752791e-08
2995.0,1.1059564597801676e-08
2996.0,1.1724247747099794e-08
2997.0,1.2368259691217963e-08
2998.0,1.2991372610885523e-08
2999.0,1.3593417129472019e-08
3000.0,1.4174281769624726e-08
3001.0,1.4733912137333521e-08
3002.0,1.527230984343535e-08
3003.0,1.5789531174304518e-08
3004.0,1.6285685525183654e-08
3005.0,1.67609336107742e-08
3006.0,1.7215485468449644e-08
3007.0,1.764959827028646e-08
3008.0,1.8063573961026537e-08
3009.0,1.8457756739654167e-08
3010.0,1.8832530402406268e-08
3011.0,1.918831556507594e-08
3012.0,1.9525566782504273e-08
3013.0,1.984476958294739e-08
3014.0,2.014643743457361e-08
3015.0,2.043110866094503e-08
3016.0,2.0699343322013725e-08
3017.0,2.095172007679197e-08
3018.0,2.1188833043299608e-08
3019.0,2.1411288670374083e-08
3020.0,2.161970263421319e-08
3021.0,2.1814696770313963e-08
3022.0,2.199689604922831e-08
3023.0,2.2166925602554997e-08
3024.0,2.2325407804072204e-08
3025.0,2.247295941029866e-08
3026.0,2.2610188765014855e-08
3027.0,2.273769307251011e-08
3028.0,2.2856055743914187e-08
3029.0,2.296584382061346e-08
3030.0,2.306760547964921e-08
3031.0,2.3161867628302385e-08
3032.0,2.3249133597881986e-08
3033.0,2.3329880949399737e-08
3034.0,2.340455940643573e-08
3035.0,2.3473588933209113e-08
3036.0,2.3537357978165316e-08
3037.0,2.3596221904342428e-08
3038.0,2.3650501626862026e-08
3039.0,2.3700482475584322e-08
3040.0,2.3746413298195e-08
3041.0,2.3788505816138678e-08
3042.0,2.3826934242848172e-08
3043.0,2.3861835170885356e-08
3044.0,2.3893307732325624e-08
3045.0,2.3921414034960798e-08
3046.0,2.3946179875178375e-08
3047.0,2.396759572623877e-08
3048.0,2.398561799802393e-08
3049.0,2.400017056136148e-08
3050.0,2.4011146526956725e-08
3051.0,2.401841026595506e-08
3052.0,2.4021799656316005e-08
3053.0,2.4021128536360865e-08
3054.0,2.4016189343588902e-08
3055.0,2.400675591292574e-08
3056.0,2.3992586404604377e-08
3057.0,2.3973426328964157e-08
3058.0,2.3949011634255166e-08
3059.0,2.3919071824069944e-08
3060.0,2.3883333072993554e-08
3061.0,2.3841521312151648e-08
3062.0,2.379336526008726e-08
3063.0,2.3738599378014882e-08
3064.0,2.367696673132798e-08
3065.0,2.360822174132139e-08
3066.0,2.3532132812820646e-08
3067.0,2.3448484825024783e-08
3068.0,2.3357081474533832e-08
3069.0,2.325774746122814e-08
3070.0,2.3150330508966625e-08
3071.0,2.303470321353708e-08
3072.0,2.2910764709894088e-08
3073.0,2.2778442149657867e-08
3074.0,2.2637691978390507e-08
3075.0,2.2488501000910518e-08
3076.0,2.2330887222726768e-08
3077.0,2.2164900457062302e-08
3078.0,2.1990622689514634e-08
3079.0,2.1808168195287307e-08
3080.0,2.1617683406630154e-08
3081.0,2.1419346530832516e-08
3082.0,2.1213366922110815e-08
3083.0,2.0999984213871257e-08
3084.0,2.0779467220723786e-08
3085.0,2.0552112621988384e-08
3086.0,2.031824344009634e-08
3087.0,2.0078207328229148e-08
3088.0,1.9832374682118414e-08
3089.0,1.9581136591822445e-08
3090.0,1.932490265079071e-08
3091.0,1.906409864097874e-08
3092.0,1.8799164113185143e-08
3093.0,1.8530549880953233e-08
3094.0,1.8258715445016228e-08
3095.0,1.798412636393349e-08
3096.0,1.770725158510156e-08
3097.0,1.7428560748522174e-08
3098.0,1.714852147414989e-08
3099.0,1.6867596643240797e-08
3100.0,1.6586241684968196e-08
3101.0,1.6304901880874247e-08
3102.0,1.6024009700979878e-08
3103.0,1.5743982186783602e-08
3104.0,1.5465218397965063e-08
3105.0,1.5188096940651556e-08
3106.0,1.4912973595013405e-08
3107.0,1.4640179059204766e-08
3108.0,1.437001682615913e-08
3109.0,1.4102761209498e-08
3110.0,1.3838655534086899e-08
3111.0,1.3577910505422634e-08
3112.0,1.3320702770862171e-08
3113.0,1.3067173685438502e-08
3114.0,1.2817428295441304e-08
3115.0,1.2571534553113192e-08
3116.0,1.232952277478443e-08
3117.0,1.2091385352233403e-08
3118.0,1.1857076723416717e-08
3119.0,1.1626513604686477e-08
3120.0,1.1399575483013346e-08
3121.0,1.117610536437093e-08
3122.0,1.0955910773624447e-08
3123.0,1.0738765001318894e-08
3124.0,1.0524408592430751e-08
3125.0,1.031255107064673e-08
3126.0,1.0102872889192858e-08
3127.0,9.895027596294931e-09
3128.0,9.688644200491899e-09
3129.0,9.483329718282024e-09
3130.0,9.278671883781987e-09
3131.0,9.074241997340454e-09
3132.0,8.869597888022814e-09
3133.0,8.664286964265511e-09
3134.0,8.457849327718133e-09
3135.0,8.249820926534035e-09
3136.0,8.03973672547333e-09
3137.0,7.827133871170331e-09
3138.0,7.61155483215132e-09
3139.0,7.392550494914996e-09
3140.0,7.1696831996011755e-09
3141.0,6.942529701116861e-09
3142.0,6.710684043482282e-09
3143.0,6.47376033635954e-09
3144.0,6.231395423621274e-09
3145.0,5.983251434809519e-09
3146.0,5.729018211129241e-09
3147.0,5.4684155976139825e-09
3148.0,5.20119559230801e-09
3149.0,4.927144342349976e-09
3150.0,4.646083976169224e-09
3151.0,4.357874260606291e-09
3152.0,4.062414071478133e-09
3153.0,3.75964266587203e-09
3154.0,3.4495407444398738e-09
3155.0,3.132131292639477e-09
3156.0,2.8074801917063095e-09
3157.0,2.4756965929654325e-09
3158.0,2.1369330519368295e-09
3159.0,1.791385420659395e-09
3160.0,1.4392924978668206e-09
3161.0,1.08093543794341e-09
3162.0,7.166369215400644e-10
3163.0,3.467600931257041e-10
3164.0,-2.829272697824602e-11
3165.0,-4.0808154665454554e-10
3166.0,-7.921304110514154e-10
3167.0,-1.1799293037732649e-09
3168.0,-1.5709362253025438e-09
3169.0,-1.9645794318656616e-09
3170.0,-2.3602598167380723e-09
3171.0,-2.7573534156214875e-09
3172.0,-3.1552140181791654e-09
3173.0,-3.5531758691945808e-09
3174.0,-3.950556445049126e-09
3175.0,-4.346659293573022e-09
3176.0,-4.74077692682126e-09
3177.0,-5.132193756441147e-09
3178.0,-5.520189060296652e-09
3179.0,-5.9040399677973225e-09
3180.0,-6.283024450748493e-09
3181.0,-6.656424306274625e-09
3182.0,-7.023528117463279e-09
3183.0,-7.383634175541921e-09
3184.0,-7.736053345644861e-09
3185.0,-8.080111857621588e-09
3186.0,-8.41515400392594e-09
3187.0,-8.74054472782119e-09
3188.0,-9.055672086433526e-09
3189.0,-9.359949574275463e-09
3190.0,-9.652818293627264e-09
3191.0,-9.933748958888458e-09
3192.0,-1.0202243723266977e-08
3193.0,-1.0457837818252557e-08
3194.0,-1.0700100998827331e-08
3195.0,-1.0928638789537367e-08
3196.0,-1.1143093528001583e-08
3197.0,-1.1343145203545027e-08
3198.0,-1.152851209016752e-08
3199.0,-1.1698951175372306e-08
3200.0,-1.1854258389085315e-08
3201.0,-1.1994268639133565e-08
3202.0,-1.2118855660872704e-08
3203.0,-1.2227931688613933e-08
3204.0,-1.2321446956174497e-08
3205.0,-1.239938903378262e-08
3206.0,-1.2461782008794362e-08
3207.0,-1.2508685518185239e-08
3208.0,-1.2540193641774921e-08
3209.0,-1.2556433666516201e-08
3210.0,-1.2557564733186608e-08
3211.0,-1.2543776377027766e-08
3212.0,-1.251528697374636e-08
3213.0,-1.2472342102299583e-08
3214.0,-1.2415212835801192e-08
3215.0,-1.2344193971326972e-08
3216.0,-1.2259602208514378e-08
3217.0,-1.2161774286134566e-08
3218.0,-1.2051065085703848e-08
3219.0,-1.192784571189405e-08
3220.0,-1.1792501560829802e-08
3221.0,-1.164543038876365e-08
3222.0,-1.1487040394590494e-08
3223.0,-1.13177483303672e-08
3224.0,-1.1137977655056058e-08
3225.0,-1.0948156748291468e-08
3226.0,-1.0748717202640212e-08
3227.0,-1.05400922141353e-08
3228.0,-1.0322715091655299e-08
3229.0,-1.0097017906008273e-08
3230.0,-9.863430299363228e-09
3231.0,-9.622378474620123e-09
3232.0,-9.37428438171606e-09
3233.0,-9.11956511334738e-09
3234.0,-8.858632516576659e-09
3235.0,-8.59189302008996e-09
3236.0,-8.319747670149115e-09
3237.0,-8.042592362138633e-09
3238.0,-7.760818249571896e-09
3239.0,-7.474812308722241e-09
3240.0,-7.18495803448466e-09
3241.0,-6.891636241382433e-09
3242.0,-6.5952259427880825e-09
3243.0,-6.296105281377083e-09
3244.0,-5.994652484186578e-09
3245.0,-5.691246816061153e-09
3246.0,-5.386269505871892e-09
3247.0,-5.0801046209846086e-09
3248.0,-4.7731398669269524e-09
3249.0,-4.465767290835062e-09
3250.0,-4.158383869240511e-09
3251.0,-3.8513919634314e-09
3252.0,-3.545199628924595e-09
3253.0,-3.2402207691753325e-09
3254.0,-2.9368751271944254e-09
3255.0,-2.635588111729446e-09
3256.0,-2.3367904564152678e-09
3257.0,-2.0409177106117695e-09
3258.0,-1.748409560206516e-09
3259.0,-1.4597089766418933e-09
3260.0,-1.1752611937207776e-09
3261.0,-8.955125144183121e-10
3262.0,-6.209089533172366e-10
3263.0,-3.518947237685072e-10
3264.0,-8.891058251778926e-11
3265.0,1.6760795146935253e-10
3266.0,4.172324836569288e-10
3267.0,6.595437138773444e-10
3268.0,8.941334675924658e-10
3269.0,1.1206067677173269e-09
3270.0,1.3385839270595916e-09
3271.0,1.5477026412848945e-09
3272.0,1.7476200617489759e-09
3273.0,1.9380148275611368e-09
3274.0,2.1185890372922835e-09
3275.0,2.289070142213562e-09
3276.0,2.4492127439819543e-09
3277.0,2.5988002801081172e-09
3278.0,2.7376465808215848e-09
3279.0,2.865597281465242e-09
3280.0,2.982531075289579e-09
3281.0,3.0883607924067675e-09
3282.0,3.183034291883909e-09
3283.0,3.266535155806267e-09
3284.0,3.3388831767040497e-09
3285.0,3.4001346327808593e-09
3286.0,3.4503823485389395e-09
3287.0,3.4897555412140217e-09
3288.0,3.518419455585457e-09
3289.0,3.53657479141781e-09
3290.0,3.544456929402137e-09
3291.0,3.5423349627292364e-09
3292.0,3.530510541827126e-09
3293.0,3.5093165396787664e-09
3294.0,3.479115545242365e-09
3295.0,3.44029819267435e-09
3296.0,3.3932813336258168e-09
3297.0,3.3385060588934202e-09
3298.0,3.2764355750343658e-09
3299.0,3.2075529420236047e-09
3300.0,3.132358679665911e-09
3301.0,3.0513682526743802e-09
3302.0,2.9651094466118845e-09
3303.0,2.874119649117303e-09
3304.0,2.778943052928491e-09
3305.0,2.680127799134933e-09
3306.0,2.578223080728427e-09
3307.0,2.473776227546332e-09
3308.0,2.3673297940737446e-09
3309.0,2.259418671827816e-09
3310.0,2.1505672487287896e-09
3311.0,2.0412866389529196e-09
3312.0,1.932072007787349e-09
3313.0,1.8234000163943793e-09
3314.0,1.7157264107515558e-09
3315.0,1.609483777184247e-09
3316.0,1.5050794838802487e-09
3317.0,1.4028938241214495e-09
3318.0,1.3032783738341675e-09
3319.0,1.2065545744133974e-09
3320.0,1.1130125513425725e-09
3321.0,1.0229101783972446e-09
3322.0,9.364723948577239e-10
3323.0,8.538907793488704e-10
3324.0,7.753233800451405e-10
3325.0,7.008947981453627e-10
3326.0,6.306965197967751e-10
3327.0,5.647874903689243e-10
3328.0,5.031949235507683e-10
3329.0,4.459153362398251e-10
3330.0,3.929157991953737e-10
3331.0,3.441353931214937e-10
3332.0,2.99486859579966e-10
3333.0,2.5885843520046524e-10
