dataset,station,component,method,peak_time,score,significant,snr,kurt,econc,leakage,vetoed,ulp_score,ulp_pass
ingv,ECPN,mag,max,2023-01-21 12:26:29,0.6112,False,5.1684549446249495,0.11105254637262174,0.04351599954613673,0.6977449889427341,False,5.677061531855902,True
ingv,ECPN,mag,max,2022-12-10 21:15:09,0.6143,True,5.976514474613755,-0.3733375615073711,0.180914638102139,0.6193954079590483,False,5.4585181136163925,True
ingv,ECPN,mag,max,2023-01-10 20:52:41,0.6593,True,4.108618770859961,-0.3555092097939343,0.040804338446320865,0.9615720618378468,False,5.205808074405183,True
ingv,ECPN,mag,max,2023-01-10 15:03:12,0.6008,False,4.711434739465928,-0.06276565456200522,0.01870032343913773,1.031260775807186,False,5.11264261417995,False
ingv,ECPN,mag,max,2022-11-26 19:54:04,0.6699,True,4.641976263986161,-0.10991143244437529,0.0722489591527494,1.1074363764797603,False,5.036955968215779,False
ingv,EEC1,mag,max,2022-11-30 05:04:15,0.5294,False,4.149387376777428,-0.1257063625096153,0.03132770888576053,0.32202865512551765,False,4.981974398670184,True
ingv,EEC1,mag,max,2022-11-30 03:46:40,0.5341,False,9.950648614730738,2.0346041895351306,0.3417018081361485,0.45918465092496163,False,4.943791500381536,True
ingv,ECPN,mag,max,2023-01-10 16:17:07,0.6544,True,5.099539123423851,1.0339156114789239,0.0427010981624744,0.9945455962898342,False,4.919497818383096,True
experiment,EC1,mag,max,2023-07-27 13:22:44,0.6523,True,5.108120926778373,-0.42695446952289196,0.06770204239969856,,False,4.863674953955499,False
experiment,EC1,mag,max,2023-07-27 10:44:29,0.7,True,4.247077480596697,-0.7441950276737428,0.10273561791560315,,False,4.447396566138027,False
ingv,EEC1,mag,max,2022-11-30 08:50:36,0.5108,False,6.224587833030252,-0.06509231152434536,0.0954754474690273,1.2975939154873268,False,4.446981652962299,False
ingv,ECPN,mag,max,2023-01-16 10:30:51,0.6287,True,4.609813103331972,0.570670475767991,0.09086598988474855,0.8307141022924506,False,4.391515258065659,True
ingv,ECPN,mag,stack,2022-12-10 11:52:21,0.3704,False,7.8631095749859545,0.7755958329696369,0.13009785611371535,0.7863357180686025,False,4.381017071283145,True
ingv,EEC1,mag,max,2023-01-10 18:43:23,0.5499,True,4.626224365635686,-0.3491069583242399,0.1319136403514495,0.7324277558478807,False,4.1257383081164125,True
ingv,ECPN,mag,max,2022-12-10 14:08:01,0.6007,False,7.047941453326967,3.51934056923258,0.10594958402372721,0.776668289668964,False,3.9742812647336434,True
ingv,EEC1,mag,max,2022-12-12 13:42:22,0.6274,True,2.389765244846263,-0.757021409759528,0.10840286846194834,0.4217553852063756,False,3.9280284524569415,True
ingv,ECPN,mag,stack,2022-12-03 17:12:14,0.3871,True,7.786801262060651,-0.27412482427966145,0.2725454203874454,0.708080770126401,False,3.910317728574742,True
ingv,ECPN,mag,max,2023-01-07 04:33:32,0.6783,True,2.629294231694827,-0.6731393136607675,0.04254054650889131,1.3211313193858791,False,3.863915907436388,False
ingv,ECPN,mag,stack,2022-12-10 21:11:25,0.3892,True,5.976514474613755,-0.40896071756346997,0.15300713327574114,0.654948042049936,False,3.8090628104369184,True
ingv,ECPN,mag,max,2022-12-01 02:45:01,0.6297,True,3.702660515399904,0.26644296810302937,0.04350673779208804,1.2614406348499267,False,3.734670519145233,False
ingv,ECPN,mag,stack,2023-01-10 13:11:34,0.3846,True,6.528850346481371,-0.22734236310262634,0.1787603822140073,0.7574955032128337,False,3.690189236850906,True
ingv,ECPN,mag,max,2022-11-24 07:01:50,0.6064,False,3.7120111706331946,-0.4036078386046924,0.10136971196257942,1.1335136642969807,False,3.631221094782611,False
experiment,ECOR,mag,max,2023-08-01 08:15:54,0.5813,False,2.7739606104641843,0.02178315598891345,0.06058975362265262,0.5524086402025722,False,3.585185783488537,True
experiment,ECIT,mag,max,2023-07-25 03:08:29,0.6762,True,3.022440777364653,-0.18550471325589557,0.11838420738870788,0.9803009519586129,False,3.5568461031746264,True
ingv,ECPN,mag,max,2023-01-10 18:02:09,0.6259,True,3.7331660959643744,-0.44515993490362815,0.09236641215211776,1.4141530165634453,False,3.532431202001351,False
ingv,ECPN,mag,max,2023-01-20 20:15:11,0.6101,False,3.476325392099917,-0.42660447491532816,0.04904872837148098,1.5373926543144851,False,3.4295401644008963,False
ingv,ECPN,mag,stack,2022-11-23 08:57:55,0.3631,False,6.215296031551846,-0.20065952351125071,0.07719835357872706,1.3354204263989273,False,3.415575841721087,False
ingv,EEC1,mag,max,2022-12-15 10:41:54,0.5845,True,3.963666828425547,1.132966205232158,0.06333107567456175,0.895678067047998,False,3.2761659383765545,True
ingv,ECPN,mag,stack,2022-11-26 19:45:28,0.4528,True,4.207661762538525,-0.4115253577108109,0.07043850884399354,0.9875290909795703,False,3.2547466778483707,True
ingv,ECPN,mag,max,2023-01-10 19:34:23,0.6078,False,2.3072950937867174,-0.5237043109555426,0.04654313518059043,1.0605875640590554,False,3.2330006045778017,False
ingv,ECPN,mag,max,2023-02-12 19:14:09,0.591,False,2.3598653590295924,-0.47405737508933843,0.0036899755306743017,1.2650078203750998,False,3.230627676183138,False
ingv,ECPN,mag,max,2023-01-04 02:21:34,0.7673,True,2.7188218438872167,0.17930062710360684,0.11338450963947831,1.53035194152154,False,3.089429014973137,False
ingv,ECPN,mag,max,2023-01-13 16:13:35,0.5992,False,3.122037976273591,0.517917564634518,0.04903269831355824,1.0761260771144212,False,3.037574899878261,False
ingv,ECPN,mag,max,2023-01-01 23:10:24,0.603,False,2.0019790584693875,-0.47856453014451006,0.01787523981924699,1.210715650882644,False,2.982313233530013,False
ingv,ECPN,mag,max,2023-02-12 03:09:06,0.658,True,1.7854616246597348,-0.6826597796657481,0.06821801018604176,1.1723840261910958,False,2.973663364510109,False
ingv,ECPN,mag,max,2022-12-03 13:06:43,0.6027,False,7.059485114139007,0.913613445046475,0.4069166558805253,0.7185954958243458,False,2.96099592690625,True
ingv,ECPN,mag,stack,2023-01-10 15:37:47,0.3947,True,4.93175698910556,-0.8027666619766873,0.17628417067722044,0.7625132410638462,False,2.9050579295659524,True
ingv,ECPN,mag,stack,2023-01-10 21:10:26,0.3727,True,4.108618770859961,-0.5153593054242585,0.038879868644129664,0.9989183214557968,False,2.8668466414562994,True
ingv,ECPN,mag,max,2022-12-22 20:32:17,0.6798,True,2.686705247702607,-0.3609432472041969,0.08672284622084123,1.6205763015623371,False,2.8418090462957943,False
ingv,EEC1,mag,stack,2023-01-10 18:51:44,0.3436,True,4.626224365635686,-0.51089064363231,0.12057686053321187,0.6116836852984849,False,2.7828335025389546,True
ingv,ECPN,mag,max,2023-01-07 17:52:31,0.6451,True,1.6541669034054374,-0.1475628813110359,0.03698612447611197,1.1113791864352438,False,2.7742581701990776,False
experiment,EC10,mag,max,2023-07-31 12:53:29,0.5771,False,2.990864062517813,-0.6066368830791484,0.14318364259965166,0.9632981699043166,False,2.7728693293825963,True
ingv,ECPN,mag,max,2022-12-07 08:54:42,0.6063,False,1.8799570830961623,0.28287840931452823,0.03315824205937229,0.8389458571026986,False,2.75009555029331,True
ingv,EEC1,mag,max,2023-01-10 23:19:13,0.54,True,3.1626177559692406,0.38366073506974363,0.05839468745350012,0.9720577953981605,False,2.7215333673818662,True
ingv,EEC1,mag,max,2023-01-21 14:24:29,0.5209,False,4.319247402536375,1.5828230855671261,0.09507451854159267,0.6792662032528008,False,2.7042695482683152,True
ingv,EEC1,mag,max,2022-11-19 11:44:05,0.5661,True,3.142300645114144,-0.927412235366651,0.1989941494778691,0.8470527201668345,False,2.644964896436952,True
experiment,EC10,mag,max,2023-08-02 07:54:00,0.5997,False,4.733217245831824,2.567577219397532,0.022942401534639525,1.4435925485674108,False,2.633334826704523,False
ingv,EEC1,mag,max,2022-11-19 20:56:15,0.529,False,2.4287520219689913,-0.5134709711092396,0.0905087790379216,0.788712269241023,False,2.6123774370481225,True
ingv,ECPN,mag,max,2022-12-27 11:44:33,0.6775,True,2.3583023436827397,-0.1010637040904867,0.10520307549144091,1.3406189032959928,False,2.5879139746062316,False
ingv,EEC1,mag,stack,2023-01-10 14:27:48,0.3194,False,4.821401864902061,0.13262899242620296,0.026153782186320074,1.064501734004185,False,2.568883531954733,False
ingv,ECPN,mag,max,2022-12-27 20:58:36,0.6443,True,2.113842871151701,0.2116521924737378,0.02669286252845689,1.4073359648765729,False,2.567172606337736,False
experiment,EC1,mag,max,2023-07-27 12:05:16,0.659,True,3.687614409615905,-0.32034232313349875,0.1846300554798537,,False,2.5414576580972223,False
ingv,ECPN,mag,stack,2022-12-16 23:09:27,0.3721,False,6.303116687726513,1.857174090497404,0.08255535352868563,0.9953186868562244,False,2.5374666561332937,True
ingv,ECPN,mag,max,2023-02-23 18:25:50,0.6144,True,2.2898057419743734,0.7866105452119707,0.014447543737441858,1.162872766128912,False,2.5186975541455636,False
ingv,ECPN,mag,max,2022-12-07 13:36:53,0.5983,False,2.2950567991966095,-0.017325936135797804,0.009466907127336973,1.5072447942683476,False,2.515742885366659,False
ingv,ECPN,mag,max,2022-11-15 18:34:58,0.6194,True,2.9220804646474696,-0.7852676598417534,0.11285640914693228,1.6621486687826903,False,2.5066509335004565,False
ingv,ECPN,mag,max,2022-12-12 13:55:04,0.6081,False,3.7767002653641044,0.8482847028633325,0.10076907964356693,1.3732025008389315,False,2.4781185732435733,False
ingv,ECPN,mag,max,2023-01-09 03:25:48,0.6055,False,2.8676683667721545,1.495413163330591,0.04847159367596026,0.8842996862674932,False,2.4711298871866805,True
ingv,EEC1,mag,max,2023-02-09 23:43:18,0.5472,True,6.0881762294093145,0.3327342765848553,0.14554824781421496,2.2901403039810804,False,2.459340211007394,False
experiment,ECIT,mag,max,2023-07-25 14:55:35,0.5651,False,2.393935075830535,-0.7931020047467867,0.06340461658698303,1.4266289444461293,False,2.4475989978742714,False
ingv,ECPN,mag,stack,2023-01-10 17:36:40,0.3765,True,5.255322619493671,0.27856088008572133,0.1350485529685382,0.9243618175500046,False,2.425391208063825,True
ingv,ECPN,mag,max,2023-01-12 19:33:00,0.7276,True,2.1784345040147497,-0.45028758166428995,0.11582351931131746,1.776095068488664,False,2.388740636876027,False
ingv,ECPN,mag,max,2022-12-29 13:50:57,0.6258,True,2.205173632451371,-0.7027055476560009,0.1320091482884918,1.2079824163819797,False,2.3774159318530668,False
ingv,EEC1,mag,max,2023-01-21 13:25:11,0.5116,False,3.1105064803471683,0.8187710900158609,0.07343001249589598,0.7136852753170433,False,2.35075086366435,True
ingv,ECPN,mag,max,2023-02-04 10:27:51,0.607,False,1.9910246090676953,-0.4984894290394566,0.07357009365765661,1.3172980518615174,False,2.32124815897357,False
ingv,EEC1,mag,max,2022-11-30 10:09:09,0.5078,False,2.474042176296824,-0.5570260897353534,0.053581292969206884,1.187945881272707,False,2.297871195680286,False
ingv,ECPN,mag,stack,2023-01-21 14:44:09,0.363,False,4.666355536241328,-0.3903205892638346,0.10754669227836446,1.1244583446707874,False,2.2939344308719436,False
ingv,ECPN,mag,max,2023-01-06 23:04:25,0.6881,True,1.7285333982501248,-0.6599788886406963,0.05816771443382187,1.8628338769714694,False,2.2839229952514515,False
experiment,EC1,mag,stack,2023-07-27 10:50:10,0.3887,True,4.586713623166462,-0.9208014249247962,0.09640830411275678,,False,2.283615493869509,False
ingv,ECPN,mag,max,2023-01-04 17:23:22,0.6371,True,1.8528275152760985,-0.29415485889294724,0.04717268893827882,1.527414486447722,False,2.2803151621423052,False
ingv,ECPN,mag,max,2023-02-06 23:47:53,0.6087,False,2.0591201800519268,-0.5222918832287262,0.030826718999600048,1.7177679155235464,False,2.259994933539485,False
ingv,EEC1,mag,max,2023-02-07 23:28:40,0.5532,True,1.6822497530375924,-0.7873815836404874,0.09030359156748426,0.9111100623987088,False,2.2333693512902877,True
ingv,ECPN,mag,max,2023-02-10 19:59:33,0.6377,True,2.0148227764837587,0.3767894222668642,0.13460754350636664,0.7177704121225582,False,2.230579610461804,True
ingv,EEC1,mag,max,2023-02-10 08:20:32,0.6203,True,6.085464138772615,1.0732241211340723,0.2913053816842061,1.5086788979242267,False,2.2239914388959883,False
ingv,EEC1,mag,max,2022-11-24 19:14:32,0.5355,False,2.2895056608371975,-0.16841149022143442,0.12532306616697395,0.6173053456676681,False,2.2107444732862445,True
ingv,ECPN,mag,max,2022-12-09 00:08:47,0.6404,True,2.2119531918546183,0.07757051444500718,0.04271294164925679,1.649416202695356,False,2.2070319633985758,False
ingv,ECPN,mag,max,2023-01-31 14:08:27,0.6181,True,2.7351104611067076,-0.028348547868508156,0.08112307875573375,1.6044272101549195,False,2.203371583113857,False
ingv,EEC1,mag,stack,2022-11-19 11:34:24,0.3583,True,3.142300645114144,-0.5914475067259386,0.03050474781130792,0.9275714808085441,False,2.1997120997644686,True
ingv,EEC1,mag,max,2023-02-09 16:08:29,0.5319,False,3.5392965093229236,-0.5429056434039312,0.15759256657885598,1.2871336620213334,False,2.189187482978709,False
ingv,ECPN,mag,max,2022-11-20 18:04:20,0.6301,True,3.8931385240294607,0.6654431665804563,0.11103823922893524,1.8109686257435378,False,2.164590662363314,False
ingv,ECPN,mag,max,2023-02-03 03:15:10,0.6312,True,2.05349602771887,-0.2791635054689636,0.06926184098934782,1.5474901268006536,False,2.1364794817155364,False
ingv,ECPN,mag,max,2023-02-12 00:56:11,0.6627,True,1.732523598092192,-0.521482961680134,0.07560800420780263,1.6518155178020442,False,2.1027704663012714,False
ingv,EEC1,mag,max,2022-11-16 04:09:17,0.6346,True,2.26718036321436,-0.520214803338388,0.18382524851856646,1.0525594955746775,False,2.0831106583577434,False
ingv,ECPN,mag,max,2023-02-11 23:55:58,0.6694,True,1.7921975553354057,-0.800022489229467,0.18880142603254918,1.1255849196661454,False,2.0368626144204804,False
ingv,ECPN,mag,max,2023-01-21 23:07:11,0.6104,False,2.618715000725154,-0.4667677910847092,0.13502004679707955,1.4611689199753388,False,2.0266232593188676,False
ingv,EEC1,mag,max,2022-12-27 05:11:57,0.5596,True,1.9091222570559638,0.7023765872544816,0.04676038622788138,0.8091271434541347,False,1.9913966109061274,True
ingv,ECPN,mag,stack,2022-12-01 03:17:46,0.4044,True,4.44529298337122,-0.5797372354031918,0.08012223158372084,1.7674667449749049,False,1.9550209452804563,False
experiment,EC1,mag,max,2023-07-28 10:34:22,0.6116,False,2.2440454370569642,0.13387553485461057,0.054504658388942064,,False,1.9320739321475493,False
ingv,ECPN,mag,max,2023-02-19 15:18:43,0.5935,False,2.4704180153500825,-0.19179732440969532,0.09373522719447014,1.4927318803554517,False,1.9312467588389228,False
ingv,ECPN,mag,max,2023-02-04 07:14:50,0.7188,True,2.3151454369188262,-0.33471635780184883,0.26307432943689335,1.0542656474201473,False,1.9180297080402187,False
ingv,ECPN,mag,max,2023-01-22 02:29:42,0.6095,False,2.326985931230734,-0.34878613424507954,0.10342566980091682,1.575655522521231,False,1.847777865311665,False
ingv,ECPN,mag,max,2023-01-02 01:31:11,0.6293,True,2.5762435212584442,0.6262913897496256,0.038809160103769655,1.803153912947469,False,1.8407201088279321,False
ingv,ECPN,mag,max,2023-01-05 22:48:17,0.6583,True,1.5432691545654753,-0.21267010600055825,0.0788118082218311,1.533771799766631,False,1.8299016774914905,False
experiment,EC1,mag,stack,2023-07-27 12:08:56,0.393,True,3.687614409615905,-0.36502704545131204,0.032592918140781774,,False,1.8266797347421535,False
ingv,EEC1,mag,max,2023-01-04 04:11:18,0.5826,True,1.6655593518311076,-0.44400075145202633,0.06768640025057374,1.3625225482027215,False,1.8067768473690151,False
ingv,ECPN,mag,max,2023-01-30 23:15:59,0.5929,False,3.5807950431771807,1.2063172333145822,0.18593054930049818,0.8879673917224277,False,1.7879888363204548,True
ingv,EEC1,mag,max,2022-11-19 18:38:28,0.5448,True,2.3783514367270246,0.10656973598728525,0.08398946900284089,1.1739350154500652,False,1.7834609753026782,False
ingv,ECPN,mag,max,2023-01-02 05:39:17,0.6422,True,1.856033967210378,0.2631459959200808,0.03692135429711118,1.712027008683448,False,1.770604548792201,False
experiment,ECOR,mag,stack,2023-07-31 11:13:37,0.3678,False,5.087399173086357,2.4013454421099496,0.0716580488995567,0.6207196050099587,False,1.770189456000815,True
ingv,ECPN,mag,max,2023-01-12 02:12:59,0.6623,True,2.2049280424032625,-0.4183688147115294,0.06871599438724807,2.1917765206787903,False,1.710491585114148,False
ingv,ECPN,mag,max,2023-01-11 06:38:21,0.627,True,2.0302228826066986,-0.9343662708012128,0.15947809662856857,1.5269711899459602,False,1.6859721638896885,False
ingv,EEC1,mag,stack,2023-01-10 10:06:35,0.323,False,5.930017050525826,0.21183751531812778,0.0928889190314996,1.8539143629434653,False,1.6633952744470388,False
ingv,EEC1,mag,stack,2022-11-18 04:06:18,0.3213,False,3.5152686666397077,0.7903685729036156,0.00995847508439977,0.7526737022541298,False,1.6633523166626396,True
ingv,ECPN,mag,max,2022-12-27 22:59:59,0.5932,False,1.5646948027206615,-0.7502220214346309,0.11190586818085321,1.3239096323075017,False,1.6502390341763173,False
ingv,ECPN,mag,max,2022-12-07 11:23:35,0.599,False,2.7320754731250925,0.7709383500989921,0.07437099453683699,1.5316841558431693,False,1.6442847761740282,False
ingv,ECPN,mag,stack,2023-01-18 22:30:16,0.3758,True,6.515633898333223,0.847822595082997,0.2912514454075248,0.8262914371654532,False,1.638929029069215,True
ingv,ECPN,mag,max,2022-12-31 11:08:31,0.7272,True,1.7497810217263614,-0.1826662932211267,0.11996022775434861,1.907634903547958,False,1.6210746105202252,False
ingv,ECPN,mag,max,2022-12-30 15:32:34,0.6538,True,2.5511672164806467,-0.09521347539204994,0.18974736042697946,1.4027447946212603,False,1.6190658121828796,False
ingv,ECPN,mag,max,2023-02-03 01:33:20,0.5935,False,1.981953387919682,0.2905303935391319,0.04561729850139234,1.537146824717348,False,1.6051213593357816,False
ingv,EEC1,mag,max,2022-12-13 06:47:28,0.5355,False,2.09441128251208,-0.48564974638227376,0.1785380616578445,0.726141225905582,False,1.5981794442752015,True
ingv,EEC1,mag,max,2023-01-29 13:35:20,0.538,True,2.451968237141763,0.7827290551322386,0.1329272951042266,0.635047459007043,False,1.5907130576920245,True
ingv,ECPN,mag,max,2023-02-03 00:32:18,0.6099,False,2.104974816876753,-0.10860118960113052,0.08656246453274095,1.6410331644466345,False,1.5746010252643963,False
ingv,ECPN,mag,max,2022-12-10 03:02:39,0.5963,False,2.624263928496425,-0.3750465602421582,0.1883862094078331,1.2859278255694364,False,1.5704263631742346,False
ingv,ECPN,mag,max,2022-12-24 00:43:53,0.5939,False,2.05800488009326,0.20059583019693372,0.08029661672827769,1.416401357384097,False,1.5635834633543304,False
ingv,ECPN,mag,stack,2023-01-01 23:10:04,0.4086,True,2.0019790584693875,-0.4904809963169714,0.008177340850491096,1.130909861851485,False,1.5595275324281481,False
ingv,EEC1,mag,stack,2023-02-09 23:41:48,0.319,False,6.0881762294093145,0.4562410102775729,0.10686101209096147,1.785464193279672,False,1.5445557306478763,False
ingv,ECPN,mag,max,2023-01-01 22:13:00,0.5915,False,1.7745228514854423,0.28943847580292514,0.045364497540121757,1.4523072963487562,False,1.543850199686713,False
ingv,ECPN,mag,max,2022-12-31 09:23:08,0.6133,True,2.5872693333843584,0.7600492165586057,0.0973510439366635,1.4781153726791472,False,1.5049413131849754,False
ingv,ECPN,mag,stack,2023-02-12 19:14:04,0.3697,False,2.3598653590295924,-0.47523973338968695,0.0037083436048039754,1.1675521667686555,False,1.5026511451292075,False
ingv,ECPN,mag,max,2022-12-29 03:26:47,0.6058,False,1.8411453800038087,-0.5794537947605134,0.13558532240808407,1.412271979313157,False,1.5010938562523006,False
ingv,EEC1,mag,max,2022-12-10 20:39:17,0.5074,False,1.6724495911180202,-0.7620022949945264,0.08951539461308132,1.1480599052106673,False,1.4923508308862057,False
ingv,ECPN,mag,stack,2023-02-04 07:13:35,0.4344,True,2.3151454369188262,-0.42185124136237784,0.07519944087029534,1.021133159801781,False,1.4781409685091338,False
ingv,EEC1,mag,stack,2022-11-20 03:38:10,0.3222,False,2.5357739066014595,-0.6511820983318328,0.06184278017026125,0.7208890371245671,False,1.4305421692072025,True
ingv,ECPN,mag,max,2023-02-19 14:07:03,0.6315,True,2.0871884975384334,-0.5404460489427758,0.2308265205898553,1.0916184414112853,False,1.4068752087873406,False
ingv,EEC1,mag,max,2023-01-29 15:34:30,0.5078,False,2.7224729827412926,1.5759650874940245,0.0446893176647142,0.969675721658212,False,1.388223354986533,True
ingv,ECPN,mag,stack,2023-02-07 15:38:13,0.3955,True,2.6308626430279767,0.06579855545224822,0.01692779943660976,1.19916916444274,False,1.3821994811223506,False
ingv,ECPN,mag,stack,2022-11-27 12:33:46,0.3896,True,4.164748784894663,-0.37013621172022226,0.16152166242022556,1.2549809317818736,False,1.3803981462467967,False
ingv,ECPN,mag,max,2022-12-30 18:01:03,0.6095,False,2.1003938888616878,-0.41167856696134697,0.11230781541227011,1.7560256811085102,False,1.3649427510094425,False
ingv,ECPN,mag,stack,2022-12-27 12:04:50,0.4018,True,2.781977145889577,-0.8249919238083971,0.1301629418405224,0.9997263395592292,False,1.3555789397463034,True
ingv,ECPN,mag,max,2023-02-18 17:24:57,0.6586,True,2.07875885248178,0.1262307140119039,0.1305250780189992,1.65026795057776,False,1.3519237346966637,False
ingv,ECPN,mag,stack,2022-12-07 16:24:49,0.3981,True,2.1926036039121044,-0.6798999280904647,0.0379466497324588,1.2470202081701842,False,1.3012755037381678,False
ingv,ECPN,mag,stack,2022-11-21 09:09:39,0.3797,True,3.7351010287233297,0.08291370651583296,0.054365061637244576,1.5384049731699188,False,1.281325525133584,False
experiment,ECOR,mag,max,2023-08-02 10:41:52,0.6494,True,2.46626280443313,-0.49127745575171433,0.17432359130170977,1.8707880321075674,False,1.2805213053460454,False
ingv,ECPN,mag,max,2023-02-04 22:32:09,0.6117,False,1.9096552338102788,-0.46716593626092706,0.14790360252630183,1.503898037229301,False,1.275517397119439,False
ingv,ECPN,mag,max,2023-01-26 14:04:19,0.6293,True,1.79628275969853,-0.009763444532652876,0.09855917234118947,1.6593183767677493,False,1.27399530520149,False
ingv,EEC1,mag,stack,2023-02-10 03:17:59,0.3352,True,5.8470924874306585,0.6781562653174498,0.14963966391518835,1.5308039433586953,False,1.2690735822163468,False
ingv,ECPN,mag,max,2023-02-04 17:36:15,0.5917,False,2.0337594646760766,-0.05939867026752621,0.18712904251812237,0.9924054419755541,False,1.2589302838826235,True
ingv,ECPN,mag,max,2022-12-26 19:13:39,0.5908,False,2.2480862523635623,0.31149736582688536,0.11014776978563758,1.4661392497893961,False,1.2483657782594386,False
ingv,EEC1,mag,stack,2022-12-03 06:24:39,0.3283,False,1.944860079316733,-0.46599786373498153,0.029755194969469462,0.6875144976349099,False,1.2355433439489198,True
ingv,EEC1,mag,stack,2022-11-30 10:08:21,0.3245,False,2.474042176296824,-0.5463868335872948,0.07129369904434563,0.7196562147575549,False,1.2344364564062467,True
ingv,ECPN,mag,max,2023-01-02 14:35:38,0.6618,True,2.079716093771616,0.3826601444549711,0.16925761083328916,1.360061220816403,False,1.2288893290931084,False
ingv,ECPN,mag,max,2022-12-30 19:35:20,0.6825,True,1.2714581871437425,-0.8890275162771939,0.11526341173722184,2.0379947465389625,False,1.21696303666395,False
ingv,ECPN,mag,max,2023-01-10 23:56:01,0.6122,True,2.575858837203227,0.5718584759392176,0.060131939233027155,2.0205627501564383,False,1.215841536572416,False
experiment,EC10,mag,max,2023-07-29 13:02:37,0.5725,False,2.5015946736484955,-0.23227737971957607,0.1724186348032458,1.3641096349221393,False,1.2155005083783186,False
ingv,ECPN,mag,max,2023-01-13 02:52:43,0.6467,True,1.4379440696307244,-0.6366865008094993,0.23731431846665987,0.9493848734514004,False,1.2149812663431718,True
ingv,EEC1,mag,max,2023-02-08 19:18:36,0.5214,False,1.8570663992797571,-0.8148079909633132,0.19642830671246556,0.8273109375760146,False,1.1997221704899093,True
ingv,ECPN,mag,max,2023-02-10 22:34:14,0.6456,True,2.2613356840863745,-0.5856242394148357,0.22714514755922408,1.5038730558359379,False,1.1497716411859698,False
ingv,ECPN,mag,stack,2023-01-16 19:14:48,0.3828,True,2.7655518996410717,-0.7260131013146132,0.09404767047989847,1.2236776375689116,False,1.149714877852738,False
ingv,ECPN,mag,max,2023-01-07 00:12:27,0.5897,False,2.315723840760544,0.0887791279992074,0.14651467268803506,1.4300849130149191,False,1.1443712137520734,False
ingv,ECPN,mag,stack,2023-01-21 13:13:56,0.4052,True,3.505876223255857,0.5942033141522525,0.05404095738663969,1.403227352938681,False,1.1441947427173456,False
ingv,EEC1,mag,max,2022-12-28 06:14:09,0.5472,True,1.9577774813119708,1.3762951083085486,0.09624299556265511,0.6841147604538883,False,1.1396455135223822,True
ingv,ECPN,mag,max,2023-01-04 15:23:59,0.5919,False,1.4603429143039632,-0.5690073906386908,0.10456697163652807,1.5810996130912018,False,1.133581861515855,False
ingv,EEC1,mag,max,2022-12-26 22:32:39,0.5804,True,1.9630503307769753,0.7598563861458483,0.04157033233326545,1.5787544256605646,False,1.1281231186494975,False
ingv,ECPN,mag,max,2023-01-14 18:46:20,0.603,False,2.2272752889838716,0.17102630641782035,0.057782616233500166,2.047407366121473,False,1.1241822080292354,False
ingv,EEC1,mag,max,2022-12-02 18:05:24,0.5095,False,1.9428962885337655,-0.5746088011495769,0.1517896439189698,1.0541518947612147,False,1.1166281306792862,False
ingv,EEC1,mag,stack,2022-12-12 14:03:04,0.3764,True,2.389765244846263,-0.3764454024433057,0.10138771322020297,0.7809966171793952,False,1.1002162890809846,True
ingv,EEC1,mag,max,2022-12-27 12:43:23,0.5051,False,1.143681123911712,-0.44231782509326,0.02362047678282921,1.4156000332909071,False,1.087450213655551,False
ingv,ECPN,mag,max,2022-12-07 16:14:53,0.6127,True,2.1926036039121044,-0.40199334160447675,0.1578152082083085,1.7127267319967086,False,1.073015605871074,False
ingv,EEC1,mag,stack,2022-12-15 01:27:33,0.3492,True,2.5450592279967776,-0.32952952454671935,0.10465517930067054,0.6841730257421726,False,1.0687473814125474,True
ingv,ECPN,mag,stack,2023-01-14 01:38:48,0.407,True,1.8357142291585737,-0.8309792976998391,0.08077817383394523,1.048493697576255,False,1.0539041992565283,False
ingv,ECPN,mag,max,2023-01-14 01:24:53,0.629,True,1.8357142291585737,-0.4104174374997007,0.14068192684870132,1.7555879072110177,False,1.0351185881300227,False
ingv,ECPN,mag,max,2023-02-15 21:32:32,0.6044,False,2.4081868161234268,1.0124697093891282,0.07908536832487395,1.6625435525663972,False,1.0242003996010913,False
ingv,ECPN,mag,stack,2022-12-27 20:57:18,0.394,True,2.113842871151701,-0.17781892443497682,0.016875054937325967,1.269215605639074,False,1.0238026595034508,False
ingv,ECPN,mag,stack,2022-12-22 20:32:51,0.418,True,2.686705247702607,-0.3505049972491947,0.09418029227129249,1.3053638795998554,False,0.9998806853598043,False
ingv,ECPN,mag,max,2023-01-03 03:07:26,0.6159,True,1.9276296699982456,-0.28825915171710026,0.15791645092090056,1.5858977455950714,False,0.9838999824714465,False
ingv,ECPN,mag,max,2023-02-11 20:42:11,0.6461,True,1.2362884689389997,-0.3005854278108422,0.18963349937091525,1.1587260629427536,False,0.9811814986192885,False
ingv,EEC1,mag,max,2023-02-12 06:13:36,0.5108,False,1.2833442131596726,-0.8220623860949932,0.12093395810614574,1.120626206813842,False,0.9775538951228377,False
ingv,ECPN,mag,max,2023-01-03 22:24:17,0.6557,True,1.7849873637122022,-0.3175108697570268,0.18954342342846867,1.5412859923425906,False,0.9765286452455532,False
ingv,ECPN,mag,max,2023-02-16 23:26:06,0.5953,False,2.074183635637712,0.6372005675830428,0.07095162459893378,1.6989425980844888,False,0.9705395248509956,False
ingv,ECPN,mag,max,2022-12-19 04:34:38,0.6,False,2.0087228601060825,-0.6792642618249838,0.15011616280031784,1.8011158731982524,False,0.9632466188649055,False
ingv,ECPN,mag,stack,2022-11-18 09:35:24,0.3633,False,4.981511863699342,1.6087788994258858,0.11166132100108642,1.2302629629489055,False,0.9472518469012721,False
ingv,ECPN,mag,max,2022-12-24 11:37:26,0.6174,True,2.4902931885128967,0.5201140115824638,0.17644914770672585,1.419946753916939,False,0.9340064786362348,False
ingv,EEC1,mag,max,2022-11-17 03:16:56,0.506,False,2.1863801797953193,-0.1042485951995058,0.10199902854368247,1.412492841617538,False,0.9334209552877373,False
experiment,ECOR,mag,stack,2023-07-26 21:56:17,0.3665,False,2.563706297152165,0.25521643895010193,0.07222002576563731,0.8357902463384934,False,0.9204649056698609,True
ingv,EEC1,mag,stack,2022-11-17 04:07:49,0.3279,False,1.9499722199093792,-0.5045919015668887,0.11983887372636437,0.30888791650258945,False,0.9138529293133453,True
ingv,ECPN,mag,stack,2022-12-10 02:53:10,0.3669,False,2.784607410592236,-0.2758105118800698,0.050319804923288323,1.3884400487714936,False,0.909405099242639,False
ingv,EEC1,mag,stack,2022-12-04 04:35:43,0.3906,True,2.60979060563281,-0.7556660195226139,0.14471884671121968,1.0152457131771435,False,0.9070508433161266,False
ingv,EEC1,mag,max,2023-01-19 05:09:40,0.5056,False,3.893872820520413,1.4668090108989666,0.09774579216777167,1.6511393293105068,False,0.9059690148196876,False
ingv,EEC1,mag,stack,2022-11-25 01:09:23,0.3767,True,5.335584171320844,3.5418015231193793,0.05397820205009685,0.9799745178764006,False,0.9038425421727344,True
ingv,ECPN,mag,stack,2022-12-07 19:06:20,0.3674,False,1.8377307585937126,-0.27987780171457155,0.05696929084277227,0.8110511412456056,False,0.9034140940851567,True
ingv,ECPN,mag,stack,2022-12-15 12:23:44,0.3689,False,3.0289324096016776,-0.38296709922868155,0.13218624310898658,1.0388256352012788,False,0.8901080658242055,False
ingv,ECPN,mag,stack,2023-02-15 11:22:03,0.3953,True,2.5786229532480696,-0.23138236357752406,0.13295983429772465,0.8657800116214784,False,0.8787298598371538,True
experiment,ECIT,mag,stack,2023-07-25 03:26:18,0.3724,False,3.52104791637532,-0.29590415373911405,0.07081741888133235,1.731936234122294,False,0.877242649932117,False
ingv,ECPN,mag,stack,2023-01-02 01:25:08,0.3854,True,2.4610395707650414,0.07174468778860366,0.040686947213649155,1.2336225566884729,False,0.8721415641499835,False
ingv,EEC1,mag,stack,2023-01-21 11:37:57,0.3306,True,1.9126282347654926,-0.5091946488523909,0.11921873194109922,0.3413059023660871,False,0.8696891519840758,True
ingv,ECPN,mag,max,2023-01-12 04:13:09,0.6183,True,1.8324781521429423,-0.10118508525182879,0.11030563914872937,1.8722408873610277,False,0.8571025596970212,False
experiment,EC1,mag,max,2023-07-29 22:20:32,0.6076,False,1.6146813826141222,-0.4639816970846886,0.15139583446682628,,False,0.856509631387502,False
ingv,ECPN,mag,max,2023-01-07 07:40:46,0.6471,True,2.5050400291583714,1.0705037344184047,0.08065736267541052,2.058798384819688,False,0.8437016353764872,False
ingv,EEC1,mag,max,2022-12-04 04:34:59,0.5727,True,2.60979060563281,-0.7803240246241478,0.17588872080354015,1.945647696735365,False,0.8324785011238157,False
ingv,ECPN,mag,max,2023-02-01 01:37:06,0.6171,True,1.9622226043610367,-0.3099716798168308,0.1342714119325908,1.9043654745045795,False,0.8181008218250672,False
ingv,EEC1,mag,stack,2022-12-22 02:04:33,0.3195,False,2.807072671084102,-0.24733561588035569,0.13179357272230868,0.6076591873321034,False,0.8137400443139023,True
ingv,ECPN,mag,max,2023-01-04 06:46:51,0.6583,True,2.336615774526329,-0.27884652821798195,0.27374164472898294,1.3831644446666504,False,0.8133472074842978,False
ingv,ECPN,mag,stack,2023-02-12 01:13:46,0.388,True,2.304014528625555,-0.6248108914428663,0.11578878883978194,1.0300595417651777,False,0.8086697698134453,False
ingv,ECPN,mag,max,2023-02-13 01:07:15,0.6347,True,2.347083136972875,0.3308566156477335,0.13415900939046724,1.9234158153843077,False,0.7993692838586828,False
ingv,ECPN,mag,stack,2022-12-10 09:17:49,0.3634,False,3.1101983794093133,-0.6132029081968731,0.16931249666863693,0.981042553659209,False,0.788732505939244,True
ingv,EEC1,mag,stack,2022-12-26 22:31:41,0.3636,True,2.072261282888514,0.9960877187594637,0.03392073781655061,0.540219572268152,False,0.7706849218347047,True
ingv,ECPN,mag,max,2023-01-04 12:02:08,0.6793,True,2.0371309488619294,0.2568948226289556,0.1566355459413502,1.9210983486215694,False,0.7585778814062916,False
ingv,EEC1,mag,max,2022-11-28 17:04:23,0.5524,True,1.8357272883649085,-0.09845896104340479,0.16298671661421904,1.188435680177096,False,0.7539253000072147,False
ingv,EEC1,mag,stack,2023-01-11 23:24:38,0.3335,True,2.3550764906206623,0.3818425825385696,0.07953725449471873,0.530937591945857,False,0.7442206690705474,True
ingv,EEC1,mag,max,2022-12-30 02:35:52,0.5118,False,1.7663861851329699,0.30080470422963934,0.10111759560279171,1.1536550377021184,False,0.7316897607088763,False
ingv,ECPN,mag,stack,2022-12-31 11:08:55,0.4451,True,1.5432355315024173,-0.5583989052924729,0.1248486313079033,0.8994230671981804,False,0.7230173543696417,True
ingv,EEC1,mag,max,2022-11-17 17:18:14,0.5542,True,2.3177950136538463,-0.20370001857251552,0.03669440129291348,2.437137512798137,False,0.7051707026897498,False
ingv,ECPN,mag,stack,2022-12-07 21:56:02,0.3732,True,1.8525031423018732,-0.5575625061096203,0.11355703947776499,0.7393345754914635,False,0.705098204885179,True
ingv,ECPN,mag,stack,2022-12-26 19:12:50,0.3707,False,2.2480862523635623,0.08437555339389835,0.10014924106175886,0.7292582387011283,False,0.6970366033025976,True
ingv,ECPN,mag,max,2022-12-31 14:50:04,0.6024,False,1.9826006473064124,-0.05128608687008107,0.12842133873714123,1.8266169813753343,False,0.6956829337263344,False
ingv,ECPN,mag,max,2023-02-16 12:51:19,0.6127,True,1.7129216241150234,-0.021147774530321684,0.10521559079334,1.8864093295075688,False,0.6863618808305629,False
ingv,ECPN,mag,stack,2022-12-05 08:21:57,0.3661,False,2.359766608801237,-0.7136844482281601,0.05142411545841633,1.5203677851331392,False,0.6697476279575746,False
ingv,ECPN,mag,max,2023-01-01 05:58:47,0.6311,True,1.8678083780078123,-0.37715618476737234,0.1876304133614231,1.7073966553485282,False,0.6612585840762999,False
ingv,ECPN,mag,max,2022-12-13 08:00:03,0.6003,False,2.3527352473032606,-0.6710527225135134,0.17842628793890383,2.016161265048742,False,0.6545456809823612,False
ingv,EEC1,mag,max,2022-11-27 19:57:43,0.6527,True,3.1487017949177623,-0.6849864950276232,0.15116920572498158,2.979749851987038,False,0.6518114774288859,False
ingv,EEC1,mag,max,2023-01-29 11:57:55,0.5114,False,2.229756462032058,1.547166481674763,0.1419943878315288,0.5912904315676575,False,0.6183344998221922,True
ingv,ECPN,mag,stack,2022-12-29 08:58:28,0.3738,True,1.4896422436527077,-0.9458658361377665,0.06425546410492056,1.135395309705176,False,0.6139023537886077,False
ingv,EEC1,mag,stack,2022-11-20 11:51:29,0.3233,False,2.82821664910963,0.1496749023800099,0.12389000282317521,0.6612160614179581,False,0.5839521788280178,True
ingv,ECPN,mag,max,2023-02-17 21:19:10,0.6741,True,1.545243891768399,-0.3952644779205259,0.19458648815155688,1.8126384768555484,False,0.5573943708402602,False
ingv,EEC1,mag,stack,2022-11-19 19:02:08,0.3605,True,2.3783514367270246,-0.6813775908409028,0.16002033859830267,0.8207452468314279,False,0.5384342632538512,True
ingv,EEC1,mag,stack,2023-01-30 11:26:27,0.3301,False,1.6959048894679105,0.18642643437248552,0.014357376272619146,0.8289258376602083,False,0.5383645943832274,True
ingv,EEC1,mag,stack,2022-12-11 10:56:11,0.3344,True,2.9521700916749762,0.31989770574423115,0.05166634540904994,1.248674745987483,False,0.5349314785744552,False
ingv,EEC1,mag,max,2023-01-04 19:06:22,0.5496,True,1.9107455294524653,1.9159201888209179,0.018759772169094868,1.3684627105694387,False,0.5315843102227396,False
ingv,EEC1,mag,max,2023-01-01 03:56:12,0.5695,True,1.7573289081172192,-0.35053367761171694,0.13496442041388812,1.733131397050849,False,0.5154620656154453,False
ingv,EEC1,mag,stack,2022-12-03 16:39:16,0.3305,True,3.6040379296530216,1.0822437007612864,0.020920672876543988,1.4512298429207489,False,0.5064836877218954,False
ingv,ECPN,mag,max,2022-12-06 23:49:38,0.6907,True,1.720698760842679,-0.4432944847695266,0.3230396170480084,1.1971858986233783,False,0.482204888331456,False
ingv,EEC1,mag,stack,2022-11-19 03:46:27,0.3598,True,2.084038292972843,-0.6195220109715027,0.07689329340189054,1.2370087571461839,False,0.4779893327608689,False
ingv,ECPN,mag,stack,2022-12-29 13:51:37,0.42,True,2.205173632451371,-0.6341579221187117,0.1605788620884432,1.0943930427213262,False,0.4725333041420532,False
ingv,EEC1,mag,max,2023-02-04 00:33:51,0.5205,False,3.2417592228236285,2.537873988199146,0.0368256863489132,1.5948530829048864,False,0.42562911528594916,False
ingv,ECPN,mag,stack,2023-01-03 22:38:17,0.4018,True,1.4323629197531598,-0.8248896160627885,0.0799137777013528,1.2631189382050143,False,0.38250167939443486,False
ingv,ECPN,mag,stack,2023-02-08 03:37:47,0.3665,False,1.9364200061985393,-0.4739353415248524,0.05065648903087492,1.3742465211868664,False,0.3754650518111423,False
ingv,ECPN,mag,stack,2022-12-19 04:59:59,0.3934,True,2.9670115688683985,-0.2371926153284618,0.11207534103226088,1.5788206372459646,False,0.3747864664964261,False
ingv,EEC1,mag,stack,2022-11-16 13:05:24,0.3188,False,2.354977312074584,-0.4897253175053762,0.09834480975081646,1.00812505111392,False,0.37361825586410474,False
ingv,ECPN,mag,stack,2022-12-26 17:58:14,0.3904,True,1.5051610540325826,-1.0834215517354422,0.1038520085134987,1.2128439153489354,False,0.36375588348943183,False
ingv,EEC1,mag,max,2022-11-18 10:01:54,0.5451,True,5.271297068378967,2.899721793557503,0.2711499532879917,1.146627286917167,False,0.35049315417486837,False
ingv,ECPN,mag,max,2022-12-22 17:41:21,0.6012,False,1.6328658067229702,-0.2963788062561252,0.24379827030087808,1.1864735129700588,False,0.34786460512907014,False
ingv,ECPN,mag,max,2022-12-25 15:48:42,0.6002,False,2.013560009262398,0.3201684162572276,0.21261722508381464,1.3103285249502163,False,0.343241487979577,False
ingv,EEC1,mag,max,2022-11-29 00:25:05,0.5395,True,1.0516723603201545,-0.7554014545986125,0.2178025566880732,0.9030078035212018,False,0.33950496916102624,True
ingv,ECPN,mag,max,2023-02-07 14:56:07,0.6265,True,1.9235566511381108,0.1847472708599054,0.134382439037775,2.0331550481212517,False,0.3321794630721434,False
ingv,ECPN,mag,stack,2023-02-17 06:12:32,0.3808,True,1.9672633472438912,-0.16194627854550037,0.04481462433380569,1.3948842296556965,False,0.32869448067381196,False
ingv,ECPN,mag,max,2022-12-18 11:03:49,0.6313,True,1.9719979434651587,0.07581731718677842,0.08316244375348925,2.5019620117569414,False,0.327816328582881,False
ingv,ECPN,mag,max,2023-02-07 22:57:57,0.6097,False,1.3397515082387248,-0.2512154928719519,0.10595219924331767,2.021408070556483,False,0.3223151079191071,False
ingv,EEC1,mag,stack,2022-11-27 19:57:58,0.3349,True,3.1487017949177623,-0.6676947204252062,0.17030349374659354,1.1896841482299576,False,0.31198506808520043,False
ingv,ECPN,mag,stack,2022-12-12 09:34:14,0.3643,False,3.0884131068222587,-0.31916862425218584,0.16930065923771853,1.167991656241418,False,0.3053380562277685,False
ingv,EEC1,mag,stack,2023-01-21 13:36:21,0.3276,False,2.9829789376386446,1.4899340924015227,0.09273225334127527,0.5242737813547563,False,0.2991785743643347,True
ingv,EEC1,mag,max,2022-12-16 10:35:02,0.5334,False,2.386732933585681,0.12882950411412475,0.21744623881189634,1.2219603072725835,False,0.29540988654607697,False
ingv,ECPN,mag,stack,2022-12-28 23:59:09,0.3823,True,2.176082370637191,0.06738799954053976,0.1754123127041726,0.528323102120958,False,0.2924584483671573,True
ingv,ECPN,mag,stack,2022-12-24 11:20:17,0.3732,True,2.4902931885128967,-0.4497413253063871,0.1122893895841833,1.3492782482513463,False,0.2921351759177601,False
ingv,EEC1,mag,stack,2022-11-27 05:39:31,0.3415,True,3.854606931397347,0.024678579680561974,0.23878754070994282,0.8335987778033054,False,0.28119390634904007,True
ingv,EEC1,mag,stack,2022-12-07 21:06:55,0.3277,False,2.067853665911223,-0.2948781869563577,0.07562026144122766,1.02389885805128,False,0.2796231928995738,False
ingv,ECPN,mag,max,2023-02-10 18:50:07,0.6124,True,2.3404242711289034,-0.022192053361500985,0.17541209308354577,2.0432898159722397,False,0.2789035170937372,False
ingv,ECPN,mag,stack,2023-02-06 23:48:09,0.4141,True,1.673300858896317,-0.6959640873623547,0.03157467024087911,1.8238483597074917,False,0.27030340885096993,False
ingv,ECPN,mag,stack,2023-02-21 08:16:31,0.3782,True,2.5189864385252414,-0.14558835248087343,0.08140597112991306,1.5049788212023458,False,0.225592957829284,False
ingv,EEC1,mag,stack,2022-12-17 00:22:40,0.34,True,2.072454583909181,-0.24601276023882201,0.13675892141575322,0.7210094981771097,False,0.1803989689900547,True
ingv,ECPN,mag,stack,2023-01-31 15:30:13,0.3636,False,2.1913856930330975,-0.5494164055562729,0.09194649004202489,1.3917530997113723,False,0.17943462782119762,False
ingv,ECPN,mag,max,2023-01-25 07:13:57,0.6287,True,1.3573962653286424,0.02398897223376739,0.12511141410752824,1.9751121102275495,False,0.17927346416283996,False
ingv,ECPN,mag,stack,2023-01-07 05:27:11,0.3681,False,1.9926549464437673,0.016411270807777267,0.06390527230498617,1.2228143161648384,False,0.17227364806121093,False
experiment,ECIT,mag,stack,2023-07-29 13:32:05,0.3726,False,1.8005073253311905,0.0079809886152864,0.17269406718242192,0.3908979129859028,False,0.17013775610615345,True
ingv,ECPN,mag,max,2023-02-12 09:12:22,0.6015,False,1.8053706961902567,-0.7282952577247479,0.2572186768397488,1.537814827770191,False,0.16455763253789474,False
ingv,ECPN,mag,stack,2023-01-12 19:38:30,0.4124,True,1.9029347828035739,-0.6840056661099787,0.12257725288081404,1.385299152547878,False,0.15992977853538964,False
ingv,EEC1,mag,stack,2022-12-13 06:51:05,0.3383,True,2.212699685410704,-0.5575775741436235,0.1408075587521586,0.9326320622165352,False,0.15968725424763897,True
ingv,EEC1,mag,max,2022-11-18 07:11:17,0.543,True,1.8071724997427343,-0.4830609718968861,0.13559171445881274,1.9251112587298371,False,0.14721591962394281,False
ingv,ECPN,mag,stack,2023-01-27 10:37:06,0.377,True,1.5221992347044084,-0.9406431396842811,0.09806979279914947,1.2717413450402595,False,0.13685640022850515,False
ingv,ECPN,mag,stack,2022-12-29 03:28:54,0.3714,False,1.8411453800038087,-0.7796766594353701,0.1293307183035555,1.150152957346541,False,0.09900602270120817,False
ingv,ECPN,mag,stack,2023-01-23 05:30:24,0.3896,True,1.73821732046856,-0.5597642300787138,0.04197940883971428,1.7001410027185182,False,0.09307327931746395,False
ingv,ECPN,mag,stack,2023-02-21 03:58:11,0.3951,True,1.2912047362987702,-0.641096114291932,0.07374954404773372,1.3026322637147651,False,0.08617771608874686,False
ingv,ECPN,mag,stack,2023-01-15 16:54:38,0.3774,True,1.9272029545959901,-0.1655781137408856,0.06064832995435567,1.4239781052989242,False,0.07280731502244508,False
experiment,ECOR,mag,stack,2023-08-02 13:15:27,0.3655,False,5.284396242465628,3.5676165973663485,0.12825910349063824,0.9425984302382622,False,0.07091561434747651,True
experiment,ECIT,mag,stack,2023-07-30 14:36:53,0.3645,False,2.409676891947947,-0.1386054017837548,0.18396469940595017,0.7716717323380761,False,0.04749623831645455,True
ingv,EEC1,mag,max,2023-02-11 20:36:04,0.5737,True,1.3827221841627222,-0.49245552109879887,0.14312979835277884,1.902070864784699,False,0.0272701430058212,False
ingv,EEC1,mag,max,2023-01-15 07:35:20,0.5457,True,2.805123419393267,3.5576909244893047,0.11255534414870311,0.744294552689006,False,0.02486061674684925,True
ingv,EEC1,mag,stack,2022-12-15 21:01:07,0.338,True,2.587800645655264,-0.04914365960418188,0.10015497929262925,1.3230973521795442,False,-0.05240471374003347,False
ingv,ECPN,mag,stack,2023-02-12 21:53:00,0.3691,False,1.6505538203342096,-0.23789523157649395,0.05944208589227437,1.3535888386740802,False,-0.058475649976692634,False
ingv,EEC1,mag,stack,2023-02-08 03:35:12,0.3185,False,1.918821840424683,-0.5817848414982061,0.1873118421959434,0.5017023901401938,False,-0.07461775914530899,True
ingv,EEC1,mag,max,2023-01-03 01:21:41,0.5666,True,3.08697864154997,3.626450731288892,0.07780393199721818,1.3118162528403068,False,-0.0825647170634789,False
ingv,ECPN,mag,stack,2023-02-07 09:35:23,0.4082,True,1.7616347543704365,-0.5923909781223498,0.12963950292122664,1.359227340852633,False,-0.08738386486468785,False
ingv,ECPN,mag,max,2023-01-13 15:11:24,0.6659,True,1.6795134915844028,-0.04813212220537233,0.09621519115922252,2.8058581391303243,False,-0.08984396594429778,False
ingv,ECPN,mag,stack,2022-11-19 12:34:49,0.3917,True,3.8108207575689628,0.1769073575672131,0.22820387664047923,1.369052289853187,False,-0.09457757370713787,False
ingv,ECPN,mag,stack,2023-02-12 10:45:55,0.3662,False,2.0974604252049383,-0.18102134456098407,0.12568598763373828,1.1346062464003803,False,-0.10252184703876477,False
ingv,ECPN,mag,stack,2023-02-12 00:07:39,0.3673,False,1.7921975553354057,-0.9758974166717524,0.13037655173786586,1.3361996060392693,False,-0.11098802857018614,False
ingv,ECPN,mag,stack,2022-11-15 18:46:42,0.3937,True,2.9220804646474696,-0.659110122275425,0.1907159706721031,1.5813436315784575,False,-0.13899237125914274,False
ingv,EEC1,mag,max,2022-12-11 11:21:13,0.5855,True,2.388291174993726,-0.6228316194622319,0.21393659442818685,2.2889461164876046,False,-0.21280383762873667,False
ingv,EEC1,mag,stack,2023-01-31 23:06:35,0.3272,False,2.2415113288415953,1.0140880895622653,0.06232685957862278,0.9138367792398022,False,-0.22235718933577608,True
ingv,EEC1,mag,stack,2023-02-07 20:32:14,0.326,False,1.8279258630509074,-0.3089424750322789,0.11444181398943194,0.9750277989206232,False,-0.23229606170238404,True
ingv,EEC1,mag,stack,2022-11-17 17:24:45,0.3571,True,2.3177950136538463,-0.18124232257606776,0.03103225253055014,1.9939007623228915,False,-0.28835607318039536,False
ingv,ECPN,mag,stack,2022-12-30 15:28:33,0.4093,True,2.5511672164806467,0.14664738249009224,0.17889898369198623,1.2621528891027305,False,-0.3082269187764813,False
ingv,ECPN,mag,stack,2022-12-29 04:41:39,0.3661,False,1.5484667940627312,-0.8111350469164882,0.06574630095291796,1.7108551581958253,False,-0.33056217961300305,False
ingv,ECPN,mag,max,2023-01-05 05:27:56,0.6124,True,1.5865405263912153,-0.6408866699872267,0.2278812262941933,1.9977331048998208,False,-0.34680098519213753,False
ingv,ECPN,mag,stack,2023-02-12 09:22:53,0.4206,True,1.8053706961902567,-0.6729549952560432,0.16380674648768764,1.4521005115028365,False,-0.35881849963214285,False
experiment,ECOR,mag,stack,2023-07-27 18:06:59,0.3795,True,2.0078373318641694,-0.02792077133295967,0.1832774675345294,0.8930809368647833,False,-0.3956064651488619,True
ingv,ECPN,mag,stack,2022-12-07 13:07:02,0.3712,False,3.0322526584793037,0.1666432918366958,0.161409747627089,1.48968839828064,False,-0.4046732674411242,False
experiment,ECIT,mag,stack,2023-07-25 14:28:40,0.38,True,3.6367905907124047,-0.1927847429897831,0.19121208791016767,1.861070575298513,False,-0.40717944919935595,False
ingv,EEC1,mag,max,2023-01-12 23:14:54,0.5237,False,1.8909051486283117,-0.03132423714087196,0.09037931007910414,2.3380984800609648,False,-0.40831531209098837,False
ingv,EEC1,mag,max,2023-01-07 11:30:41,0.5055,False,1.1621313400844366,0.16954647675574464,0.1425693795410749,1.3524814975381663,False,-0.4091359401935574,False
ingv,ECPN,mag,stack,2023-01-04 15:14:07,0.3687,False,2.316022273282754,1.0937215947625658,0.026790848840503315,1.5433255338870315,False,-0.41201908347955857,False
ingv,EEC1,mag,max,2023-01-13 05:39:38,0.5539,True,1.616813099566684,0.3197323386147355,0.27877226850677883,0.8837257408909045,False,-0.41456165416840984,True
ingv,ECPN,mag,stack,2023-01-02 06:05:17,0.3725,True,1.8873890545805947,-0.7194997128764129,0.10116871476482962,1.7168019322439179,False,-0.42405339293816313,False
ingv,EEC1,mag,stack,2023-01-29 10:28:01,0.3343,True,1.3168598908947693,-0.04250211216823141,0.05499150692317921,1.1635337473918785,False,-0.4470130030178805,False
ingv,EEC1,mag,stack,2022-12-24 13:31:02,0.3248,False,1.844948777996238,1.0561328247052124,0.06486955702930043,0.7933021606353243,False,-0.4476690730824724,True
ingv,ECPN,mag,stack,2023-02-19 14:02:58,0.3725,True,2.0871884975384334,-0.44005792452248604,0.17658298273485873,1.1858327015630192,False,-0.4486387072700284,False
ingv,EEC1,mag,stack,2022-12-18 14:44:00,0.3248,False,2.342663443704374,-0.32370806952552167,0.11122747367514332,1.4527633917222857,False,-0.46150134006239796,False
ingv,ECPN,mag,stack,2023-01-07 07:46:55,0.3912,True,1.7766905437409621,-0.29783992965524364,0.049267946093092055,1.9411381661433689,False,-0.4615321217754321,False
ingv,EEC1,mag,stack,2022-12-16 22:36:39,0.3238,False,2.86742937534298,0.46294959361106125,0.19212248224926357,0.793961359302507,False,-0.462301633469266,True
ingv,ECPN,mag,stack,2023-02-19 15:24:45,0.3889,True,2.4704180153500825,-0.3106432034848896,0.23651795685179014,1.0319923448932062,False,-0.46313617825986997,False
ingv,ECPN,mag,max,2023-02-21 03:49:42,0.6108,False,1.2912047362987702,-0.7234622355541411,0.14326153384368767,2.530596731654718,False,-0.46439589517408775,False
ingv,EEC1,mag,max,2022-12-04 14:05:02,0.5829,True,2.4192765531116347,0.9223950117311497,0.36480166077818293,0.6551264847687296,False,-0.46854109901676244,True
ingv,ECPN,mag,stack,2022-12-04 01:25:58,0.3725,True,2.2087981072477807,-0.2784399955572874,0.10152559264241394,1.713348185150071,False,-0.47407901827822413,False
ingv,ECPN,mag,stack,2023-02-11 06:52:45,0.3677,False,1.5413412165493154,-0.8636694393129538,0.13661738147797095,1.353611158878701,False,-0.476535733000299,False
ingv,ECPN,mag,stack,2023-01-31 06:41:25,0.3772,True,2.8667951716072526,-0.08523227814271594,0.21590859786807315,1.228916002745106,False,-0.4765921725185159,False
ingv,ECPN,mag,stack,2022-12-30 16:31:02,0.3768,True,2.273786054469036,-0.5378175654864745,0.15448691266096196,1.5397652686216765,False,-0.4769086119851294,False
ingv,ECPN,mag,stack,2023-02-10 22:34:42,0.3794,True,2.2613356840863745,-0.6659546271802528,0.1519949725860933,1.631677570785342,False,-0.4804143346805716,False
ingv,ECPN,mag,stack,2023-02-16 12:50:13,0.3976,True,1.7129216241150234,0.12832422416761036,0.0778707480564304,1.5478140088226082,False,-0.48385491462495334,False
ingv,EEC1,mag,stack,2022-11-21 11:29:04,0.3203,False,2.046991921889268,-0.6494620558435473,0.14895405431123074,1.2162173828407414,False,-0.5444785749636367,False
ingv,ECPN,mag,stack,2023-02-15 02:41:17,0.388,True,2.017365433000117,0.030473051073659718,0.09683932296657596,1.6260235323063434,False,-0.5467917001878785,False
ingv,EEC1,mag,max,2022-12-24 13:33:45,0.5493,True,1.844948777996238,1.4979500594883364,0.1874607541721586,1.1305799482155048,False,-0.5527745588252062,False
ingv,EEC1,mag,stack,2022-12-10 04:04:05,0.3352,True,4.369101135735715,1.6127390098964938,0.22811069817294077,0.9661861776499266,False,-0.5611956925388013,True
ingv,ECPN,mag,stack,2023-01-07 17:59:36,0.3979,True,1.6541669034054374,0.025464122264891476,0.06387711899520257,1.7313442123579261,False,-0.5789757012964099,False
ingv,EEC1,mag,max,2022-11-15 07:40:14,0.5086,False,4.127562789983697,2.8595667653620334,0.19811666606666922,1.460478952518993,False,-0.5823683343361559,False
ingv,ECPN,mag,stack,2022-12-15 17:03:53,0.3738,True,2.2122805864288746,-0.21858858928937197,0.12404243695358591,1.614971271830327,False,-0.5847348447659501,False
ingv,EEC1,mag,stack,2023-02-10 15:04:14,0.3187,False,3.936576444104459,-0.5781253625261327,0.18302854768890184,2.043127670210752,False,-0.586725330164739,False
ingv,ECPN,mag,stack,2022-12-05 12:10:26,0.3877,True,1.7512150419550165,0.24332772715104323,0.11768467125916476,1.2542411862802103,False,-0.592992653680445,False
ingv,ECPN,mag,stack,2022-12-26 01:09:20,0.3661,False,1.2803578939013478,-0.44657421947853404,0.14636030126272354,1.011091740821667,False,-0.6061504298442337,False
ingv,EEC1,mag,max,2023-01-19 12:27:00,0.5735,True,1.6828523649391685,0.33799134498121397,0.3031326296056273,0.9949914199530525,False,-0.6065760453209689,True
ingv,ECPN,mag,stack,2023-01-01 16:40:23,0.3786,True,2.7594753919869155,1.8948787428973874,0.05610251563401166,1.3931528811566631,False,-0.6111654743097774,False
ingv,ECPN,mag,stack,2022-12-25 11:28:56,0.3714,False,1.925028590290741,-0.09341419431893705,0.12345621975823212,1.4035325231207099,False,-0.6203188673682909,False
ingv,ECPN,mag,stack,2023-01-17 13:50:36,0.364,False,3.9369363070358236,-0.17813601592285178,0.31724544280634154,1.206643122725329,False,-0.6214747152678437,False
ingv,EEC1,mag,stack,2022-12-22 00:21:48,0.318,False,2.227001068465389,-0.6355763110284722,0.1885830078283363,1.0864626021379429,False,-0.6339230116651361,False
ingv,EEC1,mag,max,2022-11-17 19:19:51,0.521,False,2.651818867750923,-0.5198026579413311,0.19632768931460132,2.424752590149709,False,-0.6356105572788604,False
ingv,ECPN,mag,stack,2022-12-30 18:00:43,0.3688,False,2.1003938888616878,-0.3788834276148374,0.11072876379154306,1.739044698340965,False,-0.6492806747751747,False
ingv,EEC1,mag,stack,2022-12-23 22:48:31,0.3525,True,2.043176424613715,0.025627347697997127,0.17465040796314452,0.9669997669942336,False,-0.6526068707842746,True
ingv,ECPN,mag,stack,2023-01-06 23:10:49,0.4301,True,1.629872549888484,-0.7990261043228393,0.1475737811536012,1.8043445043599746,False,-0.672066201695975,False
ingv,ECPN,mag,stack,2023-01-04 02:01:09,0.3919,True,1.6242084917297406,-0.2808702795420559,0.07999407231949376,1.7970235322260761,False,-0.6892645334849724,False
ingv,ECPN,mag,max,2022-12-18 04:19:25,0.5917,False,1.9027955097944762,1.0739327485904857,0.0823679829418684,2.4518814272425304,False,-0.6893534130347306,False
experiment,ECOR,mag,stack,2023-07-28 22:33:38,0.3695,False,2.172291356356387,0.31019786617649014,0.12063608739680466,1.4014094237769015,False,-0.6905828648868257,False
ingv,EEC1,mag,max,2023-02-12 19:11:52,0.5178,False,1.710446766713067,-0.5658694051235815,0.17680344322280436,2.0679629691293275,False,-0.6940772785893761,False
ingv,ECPN,mag,stack,2023-01-16 14:47:29,0.3745,True,2.3120799448321017,-0.10697116725663403,0.1423470002256224,1.5771829834040578,False,-0.7035366512614906,False
ingv,ECPN,mag,stack,2022-12-13 08:05:18,0.3759,True,2.3527352473032606,-0.5851859721590582,0.19021564534048033,1.516887282801598,False,-0.7064900625909648,False
experiment,ECIT,mag,max,2023-07-29 15:05:15,0.566,False,2.9840657280428364,1.3418380967990045,0.14601196917541043,2.363039953060827,False,-0.7200020211636069,False
ingv,ECPN,mag,stack,2023-02-23 18:26:40,0.3684,False,2.2898057419743734,0.8825994944490465,0.02179199943729705,1.8887027637869653,False,-0.7277057059057178,False
ingv,ECPN,mag,stack,2023-01-04 12:01:03,0.3825,True,2.0371309488619294,0.2559674126015663,0.09056032817245391,1.6638315047323835,False,-0.7284899228297315,False
ingv,EEC1,mag,max,2022-12-13 00:10:13,0.5324,False,2.07094081446779,0.3290572027303309,0.026104583771688904,2.9877440275430778,False,-0.73323510020964,False
ingv,ECPN,mag,stack,2022-12-30 09:30:35,0.3876,True,1.4839122462549599,-0.754259764820389,0.15137865788455204,1.469314502721761,False,-0.7423069539520021,False
ingv,ECPN,mag,stack,2022-12-31 09:06:55,0.3838,True,2.980863569468551,0.8179622433195055,0.16113198628366296,1.4567371089901218,False,-0.7511503442555599,False
ingv,ECPN,mag,stack,2022-12-08 18:46:09,0.3666,False,1.8244187265222815,-0.43522207661561785,0.08581172140561849,1.8509511633922697,False,-0.7651499224996394,False
ingv,EEC1,mag,stack,2022-12-15 10:48:42,0.37,True,3.963666828425547,2.875079872076639,0.14231012404351806,1.0532692115922748,False,-0.7674663947993744,False
ingv,ECPN,mag,stack,2023-01-14 18:46:24,0.371,False,2.2272752889838716,0.1484679226300245,0.051694209041256094,2.0628076048854993,False,-0.7790543789860798,False
ingv,ECPN,mag,stack,2023-01-19 10:45:13,0.3667,False,3.817296756979477,-0.024770357449990232,0.3300070923889402,1.1049113339307823,False,-0.7853940705922369,False
ingv,ECPN,mag,stack,2023-01-15 15:48:31,0.4012,True,1.7805784264043216,-0.5408617299138077,0.12623252035766544,1.8201842645762751,False,-0.7885693434131753,False
ingv,ECPN,mag,stack,2023-02-03 16:28:32,0.3632,False,1.7141662602597152,-0.14183755403814802,0.08871658370942898,1.6250375944962308,False,-0.7985015812992345,False
ingv,EEC1,mag,max,2023-01-23 21:30:30,0.5259,False,3.5213798250969712,4.019675757383784,0.06439269652999947,1.721499271971042,False,-0.8015996598710695,False
ingv,ECPN,mag,stack,2023-01-11 03:03:23,0.4075,True,2.7379178317741997,-0.1680862422305336,0.29393334020304906,1.0699160757357267,False,-0.8096793821981525,False
experiment,ECIT,mag,max,2023-07-29 10:59:44,0.554,False,3.235606932766335,1.1389881450855261,0.36268979142602453,1.1217344628455788,False,-0.8456634747828935,False
ingv,ECPN,mag,stack,2023-02-08 21:56:24,0.3669,False,2.841009388544679,-0.35564722418938155,0.22446912775398017,1.48891966734666,False,-0.8466993337504388,False
ingv,ECPN,mag,stack,2023-01-12 01:38:25,0.3946,True,1.7632275676961375,0.4150706265817279,0.045237134088394935,1.8994452564317017,False,-0.8490588602586792,False
ingv,ECPN,mag,stack,2022-12-07 10:24:39,0.3635,False,1.9311077465726334,-0.20319860743276896,0.0727504781638149,1.9330350886272702,False,-0.8568209014504603,False
experiment,ECOR,mag,stack,2023-08-02 07:01:18,0.3663,False,2.592602568985366,-0.5132651897204936,0.07849736402511232,2.4473116694431822,False,-0.8646359650654325,False
ingv,EEC1,mag,max,2023-01-14 00:07:45,0.5835,True,3.1656270593989952,2.8009639422108004,0.27025851407959484,1.0874127758143983,False,-0.8696522708503701,False
ingv,ECPN,mag,stack,2023-02-12 03:25:10,0.3897,True,1.612949645657615,-0.9123098814859527,0.06496990382941766,2.336127099883798,False,-0.8879288417878763,False
ingv,ECPN,mag,stack,2023-01-23 13:58:31,0.3642,False,1.7709757527371102,-0.1826994382792626,0.08289627596812853,1.7945915162880788,False,-0.8985609281404247,False
ingv,EEC1,mag,stack,2022-12-01 11:55:22,0.3426,True,2.091598716239225,-0.6553931534274429,0.14687218276028272,1.6419573973721162,False,-0.9000714203858632,False
ingv,EEC1,mag,max,2022-11-16 20:19:51,0.535,False,2.5805692763019437,0.23651688499408374,0.10808443183839209,2.893060645092481,False,-0.9058994628865253,False
ingv,ECPN,mag,stack,2023-01-05 22:43:42,0.3917,True,1.5838654160850967,-0.31329512998464004,0.15065896451574196,1.4564109862526244,False,-0.9131595283728431,False
ingv,EEC1,mag,stack,2023-01-29 15:34:25,0.3455,True,2.7224729827412926,1.5686855776566588,0.045305903017121,1.633454615053111,False,-0.9245984742835306,False
ingv,EEC1,mag,max,2023-01-27 05:18:11,0.5296,False,1.3240713813320921,-0.7549161213086362,0.2516005463033201,1.65850786301364,False,-0.9293942964989882,False
ingv,ECPN,mag,stack,2022-12-22 21:40:00,0.3953,True,1.7444171595420068,-0.6669622922238103,0.18381881053076174,1.5325596067956977,False,-0.9373167011827906,False
ingv,ECPN,mag,stack,2022-12-25 14:45:52,0.3686,False,1.7153372952361172,0.4334199441812343,0.03335704736653548,1.8606231048012296,False,-0.9480430377323211,False
ingv,EEC1,mag,max,2022-11-16 12:36:33,0.5377,True,2.193111424727619,-0.47551310274184644,0.20222701124218104,2.4245487071305605,False,-0.9556925757639098,False
ingv,EEC1,mag,max,2022-12-10 04:51:17,0.5514,True,2.7788529588627293,1.421871486532253,0.09578928432183727,2.635221650653917,False,-0.9578898601929171,False
ingv,ECPN,mag,stack,2023-01-09 02:30:40,0.3905,True,1.525343344574425,-0.317498494811554,0.09908806864822961,1.8113193806173256,False,-0.9637112785859718,False
ingv,ECPN,mag,stack,2022-12-07 08:50:26,0.3767,True,1.8799570830961623,0.21850885147926924,0.0646257874686542,1.919740088316647,False,-0.9862584018291234,False
ingv,EEC1,mag,stack,2023-01-02 16:57:54,0.32,False,1.6806696305819075,0.4092115820789406,0.03516503646162209,1.5854632308659573,False,-0.9961008750614571,False
ingv,EEC1,mag,max,2022-11-15 23:23:37,0.5332,False,4.309359899955398,1.2982589276912933,0.33802774423906623,1.8093533768770012,False,-0.9969513309589296,False
ingv,EEC1,mag,max,2022-11-20 04:40:53,0.5103,False,2.1060320739312517,-0.14769193472809894,0.17608353279821903,2.2617360971770615,False,-1.0005408123978103,False
ingv,ECPN,mag,max,2023-02-15 01:18:03,0.6226,True,1.5511069907596808,-0.11596691709736717,0.254184850882459,2.0618996090939716,False,-1.010973080525442,False
ingv,ECPN,mag,max,2022-12-05 12:03:25,0.6199,True,1.7512150419550165,0.13850810025690174,0.2526151030405389,2.0448264864973065,False,-1.011817846979779,False
ingv,ECPN,mag,stack,2023-02-10 19:50:34,0.3727,True,2.4611245864235474,-0.03508710995811448,0.19754433916689576,1.4506015886073647,False,-1.0127577132215215,False
ingv,ECPN,mag,stack,2022-12-08 23:21:02,0.3663,False,1.4323435875578432,-0.8051088334309382,0.11020907175892668,1.817255684170508,False,-1.0163803841917858,False
ingv,ECPN,mag,stack,2023-01-26 14:27:50,0.3713,False,1.79628275969853,-0.15607835426428318,0.15288047508113425,1.437922499507741,False,-1.0199067914420292,False
ingv,ECPN,mag,stack,2023-01-19 12:20:15,0.3645,False,3.8982858360948165,1.6755874568454132,0.26075623653557234,0.9497133181892676,False,-1.0382981897317776,True
ingv,EEC1,mag,max,2023-01-21 09:07:01,0.5515,True,4.652511312045619,2.198368903887717,0.4040989270637236,1.237878620764674,False,-1.0403588358747458,False
ingv,EEC1,mag,max,2022-12-23 23:32:21,0.5212,False,4.121858332755652,1.385287568661897,0.2336279615664548,2.351661198308873,False,-1.0533847839356603,False
ingv,EEC1,mag,stack,2022-12-14 16:43:43,0.3602,True,2.6523145683105085,0.1798476556846147,0.013480664396469923,2.6892914441706526,False,-1.061045630373175,False
ingv,ECPN,mag,stack,2023-01-01 05:46:38,0.4096,True,1.8678083780078123,0.2631725650027117,0.10859123834734066,1.8581768753967696,False,-1.095820957594186,False
ingv,ECPN,mag,max,2022-12-16 05:25:29,0.6118,False,2.2811302608335766,0.21052830874550033,0.2973645737375158,2.0135217023458223,False,-1.097933447099778,False
ingv,ECPN,mag,stack,2023-01-30 22:17:28,0.3633,False,1.8972259051055282,-0.5022675423908294,0.16411605525530845,1.597748501297311,False,-1.0983832011635086,False
ingv,EEC1,mag,stack,2023-02-07 23:19:13,0.3449,True,2.371096258256172,0.284747174517352,0.029112513783043272,2.309540587088326,False,-1.1069815761276032,False
ingv,EEC1,mag,stack,2023-01-28 03:30:42,0.3447,True,2.461903868990051,0.9326049413400956,0.15248680853325164,1.214892441853722,False,-1.1541593786634907,False
experiment,EC1,mag,stack,2023-08-02 06:23:43,0.3717,False,4.734882858701177,5.211927391747805,0.003514766048010094,,False,-1.162031001850003,False
ingv,EEC1,mag,stack,2022-12-27 12:46:41,0.3185,False,1.2504270904611685,-0.5204082751125525,0.06598852955423753,1.7049369522219848,False,-1.1733358532561275,False
ingv,ECPN,mag,stack,2023-01-04 06:45:31,0.3963,True,2.336615774526329,-0.46694380508400446,0.24731820302483784,1.520146482150862,False,-1.198240248237397,False
ingv,ECPN,mag,stack,2022-12-25 23:09:59,0.3902,True,1.9038451281466249,-0.6588590272683619,0.21923140107998026,1.5308581817492746,False,-1.2032882326518841,False
ingv,EEC1,mag,stack,2023-01-01 03:56:22,0.3498,True,1.7573289081172192,-0.3376956713664745,0.14557838619681576,1.5587686021109195,False,-1.2040968713780202,False
ingv,ECPN,mag,stack,2023-02-21 18:43:22,0.3927,True,1.8009845051212132,-0.07601786675865885,0.04487828522953314,2.413329210100757,False,-1.2133839105189226,False
ingv,ECPN,mag,stack,2022-12-06 23:47:46,0.3732,True,1.720698760842679,-0.4845775262739247,0.1192362486179949,1.94506048640623,False,-1.2215545356714221,False
ingv,ECPN,mag,stack,2022-12-25 02:35:17,0.3916,True,1.4310906651291317,-0.8546525221297783,0.17031214282339383,1.726234523694118,False,-1.2317435195456776,False
ingv,ECPN,mag,max,2023-01-04 04:12:52,0.625,True,1.8220271168283615,0.8083801666081545,0.23064598427483463,2.104641501284227,False,-1.2536856379782677,False
ingv,EEC1,mag,stack,2022-12-13 05:49:02,0.3292,False,2.5217586612591023,0.09262714423468044,0.06813680749419902,2.231668839843978,False,-1.255287101104824,False
ingv,ECPN,mag,max,2022-12-28 03:36:40,0.6113,False,1.283767407558843,0.1138397251084231,0.2043015038731938,2.248023398038184,False,-1.2584407778494304,False
ingv,ECPN,mag,stack,2023-02-22 16:28:05,0.3861,True,1.5157120028279425,-0.14842271614402414,0.0882790350460891,1.982874806562333,False,-1.2653626146115617,False
ingv,EEC1,mag,max,2023-01-20 04:50:47,0.5431,True,2.167010474952433,-0.2877883069114535,0.18017070291308007,2.722134434084396,False,-1.2693794644242336,False
experiment,EC10,mag,stack,2023-07-31 12:41:32,0.3588,False,3.174380314706798,0.24680089398818428,0.2287504461959914,1.6004146628935692,False,-1.2714086747229993,False
ingv,ECPN,mag,stack,2022-12-06 16:36:19,0.3783,True,1.228053354836671,-0.5526545627609734,0.1366495271010184,1.6431848338449648,False,-1.2725632438025962,False
ingv,EEC1,mag,max,2022-12-17 07:14:25,0.5345,False,3.184943681465141,1.1030076886910205,0.33554072853903405,1.4876743235768515,False,-1.2780133568321428,False
ingv,ECPN,mag,stack,2023-02-01 20:45:41,0.3705,False,1.8687065452943332,0.16239142455493782,0.1355775173198838,1.6216908839082127,False,-1.2837040249661462,False
ingv,EEC1,mag,stack,2022-12-13 00:25:47,0.3735,True,2.0450376462088333,0.6188675873787775,0.22358174315139703,0.9216730150901095,False,-1.3111746434141618,True
ingv,ECPN,mag,stack,2022-12-30 19:34:39,0.4136,True,1.2714581871437425,-0.827628787419282,0.11600867553696076,2.20289835040043,False,-1.3365949557382766,False
experiment,EC1,mag,stack,2023-07-29 22:20:47,0.3775,False,1.6146813826141222,-0.49891822573856626,0.1800554624631379,,False,-1.342386413609677,False
ingv,EEC1,mag,stack,2023-01-15 04:31:20,0.3334,True,2.001839903110818,0.8656370427786371,0.010844441161438711,2.0372426280677614,False,-1.3475061205140397,False
ingv,ECPN,mag,stack,2023-02-13 23:30:28,0.3922,True,1.6469855293426852,-0.2784130483665974,0.0693658505792724,2.365280670061388,False,-1.3722864225185547,False
ingv,EEC1,mag,stack,2022-11-18 07:11:28,0.3559,True,1.8071724997427343,-0.4849637239593241,0.14644209470061212,1.8186551895282228,False,-1.3856460534962802,False
ingv,ECPN,mag,stack,2022-12-25 09:35:24,0.365,False,1.9213286899913582,0.20029951505943977,0.1663807678164353,1.4769223818053019,False,-1.4121286596345803,False
ingv,ECPN,mag,stack,2023-02-08 07:31:44,0.3774,True,1.6739501648567738,-0.43332510452027506,0.1372851813898767,1.953708884952299,False,-1.4503505562155485,False
experiment,EC10,mag,max,2023-07-24 17:52:35,0.6018,False,1.8305505701763591,-0.267213026973137,0.13042164035134093,3.3474232485374307,False,-1.459308373073593,False
ingv,EEC1,mag,max,2023-01-26 09:13:04,0.5758,True,3.1701202260045167,4.1191648759547945,0.0863074587884517,2.080190257429772,False,-1.4609679738811647,False
ingv,ECPN,mag,stack,2023-01-02 14:26:18,0.3897,True,2.079716093771616,0.20073496518616052,0.13716869342926438,1.9684007466972084,False,-1.4858339844375572,False
ingv,ECPN,mag,stack,2023-01-27 06:49:52,0.3921,True,1.3536633697860752,-0.5787274004099565,0.18965032935399362,1.5994841423512571,False,-1.495947115279582,False
ingv,ECPN,mag,stack,2022-12-25 15:49:30,0.4095,True,2.013560009262398,0.3514008947975502,0.24238740902732223,1.2590221213454182,False,-1.5081302674128927,False
ingv,EEC1,mag,stack,2023-02-01 13:31:27,0.319,False,1.7547693253408292,-0.26504848724378816,0.20879032406716366,1.1253939948467904,False,-1.5246873315528733,False
ingv,ECPN,mag,stack,2023-02-04 22:17:07,0.387,True,1.619524785948287,-0.4715875327602981,0.18860335166125697,1.695847228481209,False,-1.5257764870151176,False
ingv,ECPN,mag,stack,2023-01-13 14:49:07,0.3657,False,1.4850803486181607,0.2488777971719771,0.04336457960473492,2.1450364417207552,False,-1.5311146443231243,False
experiment,ECIT,mag,stack,2023-08-02 06:21:10,0.3617,False,3.886315131758829,3.89986662516755,0.09560124786585043,1.3358886812919286,False,-1.5661877502314758,False
ingv,EEC1,mag,max,2022-12-10 11:41:02,0.5131,False,4.666934626720322,3.81314983854735,0.08872641711170416,2.77805369038303,False,-1.5750743240171756,False
ingv,ECPN,mag,stack,2023-01-15 20:08:24,0.3773,True,2.4747708126773724,0.931834814989092,0.12849135749616447,1.8827817062567533,False,-1.5802307742099757,False
ingv,EEC1,mag,stack,2023-01-27 00:38:29,0.335,True,2.4990332331495932,1.2292401524396404,0.2227913078435295,0.8490440684399968,False,-1.5887484429233683,True
ingv,ECPN,mag,stack,2022-12-31 18:35:49,0.3817,True,1.955262190154376,-0.41605376810504113,0.10921733252867749,2.426004596026371,False,-1.5924603120641874,False
ingv,ECPN,mag,stack,2023-02-03 02:05:06,0.3893,True,1.672358036907084,-0.5042855491950711,0.19037391104607468,1.8129307659532716,False,-1.6241322674120795,False
ingv,ECPN,mag,stack,2023-01-12 02:37:55,0.4314,True,2.2049280424032625,0.28851292267863027,0.09198759998068867,2.6706585535737943,False,-1.646793541957153,False
ingv,ECPN,mag,stack,2022-12-02 22:34:36,0.3761,True,2.070434699281834,-0.2890244539118876,0.1545203336792772,2.1288576040605856,False,-1.6605075091567572,False
ingv,ECPN,mag,stack,2023-01-27 16:39:31,0.3776,True,2.8352172314793047,2.451338509763084,0.07372893410276965,1.7772047227069667,False,-1.6708035578272273,False
ingv,EEC1,mag,max,2023-01-04 15:51:05,0.5132,False,2.0075148834152716,2.741226221586099,0.09321807666306993,1.8498582856175536,False,-1.6979167423020998,False
ingv,EEC1,mag,stack,2022-11-17 19:19:41,0.3574,True,2.651818867750923,-0.5026081769917936,0.19622685941299878,2.2216244923403234,False,-1.7385510150595334,False
ingv,ECPN,mag,max,2023-02-13 06:18:36,0.5909,False,1.6466704544834536,0.6154135719920704,0.32586346335221006,1.5867547231938064,False,-1.749606591052499,False
ingv,ECPN,mag,stack,2023-01-11 00:03:49,0.382,True,2.575858837203227,1.6464492129365231,0.0816224579692025,2.060746155765908,False,-1.7550646594416923,False
experiment,ECOR,mag,stack,2023-08-02 10:41:38,0.3741,False,2.46626280443313,-0.5020190864595704,0.19341276301271262,2.259515991123849,False,-1.774572468139573,False
ingv,ECPN,mag,stack,2023-02-01 13:16:26,0.3939,True,1.4578983025840977,-0.5530757700586975,0.228350763476482,1.6047686219526598,False,-1.8031661958420553,False
ingv,ECPN,mag,stack,2023-02-10 18:44:54,0.4275,True,2.3404242711289034,0.2138344069966669,0.23197552009814162,1.9112996552382793,False,-1.81774861542391,False
ingv,ECPN,mag,stack,2023-02-17 22:57:51,0.3987,True,2.1511930590076136,-0.37550879192444464,0.23703449846971464,1.9308927273532723,False,-1.8749535934655162,False
ingv,ECPN,mag,stack,2023-01-11 20:41:11,0.3847,True,2.5083364210700347,0.3951780202363757,0.2771204814405871,1.3918874513267798,False,-1.8781082895716805,False
ingv,ECPN,mag,stack,2022-12-24 18:45:11,0.3774,True,2.0280349634557533,1.3276903636055577,0.058338665547031286,2.14629822975021,False,-1.9046031775841203,False
ingv,ECPN,mag,stack,2023-02-17 21:19:55,0.4029,True,1.545243891768399,-0.39362590477546755,0.20582793649136955,1.8687128072784198,False,-1.922154868952502,False
ingv,ECPN,mag,stack,2023-01-13 02:52:16,0.3954,True,1.4379440696307244,-0.6884958417364504,0.19836827616969363,1.9707401047416095,False,-1.9352563236309774,False
ingv,EEC1,mag,stack,2023-01-07 23:20:16,0.3307,True,2.4991098438925916,1.425347471841584,0.06163800857309891,2.0894841707534013,False,-1.9376369134261338,False
ingv,EEC1,mag,max,2023-01-22 23:51:21,0.5252,False,5.425613662024496,6.190354658488541,0.05258571045854355,2.62192498831641,False,-1.961571881668685,False
ingv,EEC1,mag,stack,2022-11-16 04:09:30,0.3725,True,2.26718036321436,-0.5351563680975304,0.19093617738011534,2.307164884416839,False,-1.9692766936029138,False
ingv,EEC1,mag,stack,2022-12-01 17:44:15,0.324,False,2.655279185279536,0.235432975932663,0.36751192721036413,0.643721820398649,False,-1.9861271609073718,True
ingv,EEC1,mag,max,2022-12-01 14:06:43,0.5077,False,2.548333104334458,0.00758142384854521,0.31244342597844166,2.169521779338732,False,-1.9861406381417637,False
ingv,EEC1,mag,stack,2022-11-17 15:02:30,0.3483,True,2.5467180146878294,-0.32772837467339233,0.21936155032130347,2.0950026118846283,False,-2.0722956341569065,False
ingv,ECPN,mag,max,2023-02-20 11:21:26,0.606,False,2.257604279140221,0.894802117045356,0.42346731371771856,1.437203843751165,False,-2.073747112492265,False
ingv,EEC1,mag,stack,2023-01-26 09:29:19,0.3468,True,3.1701202260045167,4.52177028163392,0.06698361882122751,1.105402781375251,False,-2.103049343675009,False
ingv,ECPN,mag,stack,2022-12-23 11:46:24,0.4078,True,2.471686739758711,0.04951232971699682,0.22372103913942398,2.2134767055879347,False,-2.1091346362842174,False
ingv,EEC1,mag,stack,2023-01-29 02:15:36,0.3287,False,1.4914067725904325,-0.6896168414165502,0.1572486502090098,2.0398119199371525,False,-2.1468576680478693,False
ingv,EEC1,mag,stack,2022-11-15 07:40:21,0.3605,True,4.127562789983697,2.854751153202601,0.20189081340971615,1.6595764560847823,False,-2.148346481448395,False
ingv,EEC1,mag,stack,2023-01-26 19:46:31,0.3372,True,2.401645152674061,0.6210245475780867,0.10551426404209154,2.3459796787136966,False,-2.1894214994392556,False
ingv,ECPN,mag,stack,2023-02-14 17:12:51,0.3747,True,1.864356173782552,0.2000657795332894,0.18001613026134627,1.995259261091126,False,-2.2467234167558505,False
ingv,EEC1,mag,max,2023-02-03 14:54:51,0.5093,False,1.3347056322160098,-0.41931818762757,0.11436205648438617,3.2644793589326575,False,-2.2580493121724814,False
ingv,EEC1,mag,stack,2022-11-16 20:16:23,0.3532,True,2.5805692763019437,0.4827897150747371,0.4345425858062549,0.3841449599625606,False,-2.2669979284226223,True
ingv,ECPN,mag,stack,2023-02-13 18:01:40,0.386,True,2.0082384372243633,-0.40326937679877073,0.298846189657654,1.6388081394067013,False,-2.272479963944338,False
ingv,EEC1,mag,max,2022-12-01 23:26:28,0.527,False,3.0257485060680716,0.6158976464797896,0.14359652971362485,3.6354848124405508,False,-2.2850112322805707,False
ingv,EEC1,mag,max,2022-12-01 16:03:11,0.5467,True,2.7190464563603323,0.7841789139981143,0.08645257250465158,3.9012395366794848,False,-2.3008923680856874,False
ingv,ECPN,mag,stack,2022-12-18 03:54:42,0.3953,True,2.0670252266030142,0.19659158052336156,0.27814902096039495,1.6153114159340067,False,-2.333364893368245,False
ingv,EEC1,mag,stack,2023-01-10 23:18:50,0.3484,True,3.1626177559692406,0.2628610993736906,0.05696930628956652,3.4883837992165367,False,-2.3688719570343792,False
ingv,ECPN,mag,max,2023-01-27 07:31:40,0.5917,False,3.037146657303972,1.9118877238445098,0.3998035544075669,1.703339064130784,False,-2.426668205059554,False
ingv,ECPN,mag,stack,2022-12-28 03:58:08,0.3842,True,2.2700260652520448,2.902792180100896,0.041963158975228926,2.045980849240006,False,-2.4613091855004514,False
ingv,EEC1,mag,max,2023-01-15 03:38:54,0.5319,False,1.8518423346829764,1.1141200460186713,0.17403406501132346,2.6634743068394773,False,-2.4671021668047146,False
ingv,ECPN,mag,stack,2022-12-31 19:43:08,0.3757,True,1.6379561197134682,-0.013077780247154891,0.20785944769602707,1.9652201552478044,False,-2.5026901967561264,False
ingv,EEC1,mag,max,2023-01-13 16:52:12,0.56,True,2.1559497892644597,1.4510319941975665,0.148646176694055,3.0405381620419782,False,-2.507174830109414,False
ingv,ECPN,mag,stack,2023-02-15 01:18:33,0.382,True,1.5511069907596808,-0.19077675666813487,0.2437185717239128,1.8095371409711178,False,-2.5264327805747615,False
ingv,EEC1,mag,max,2023-01-05 03:55:28,0.5248,False,3.037489895035317,2.2463999831412496,0.3617086268852157,1.4818904412466511,False,-2.5376261494559724,False
ingv,ECPN,mag,stack,2023-02-07 22:58:25,0.3822,True,1.3397515082387248,-0.309998988864562,0.17945888246778371,2.209165549967166,False,-2.5462152458981295,False
ingv,EEC1,mag,stack,2022-12-04 14:04:52,0.3598,True,2.4192765531116347,0.9203612001330388,0.36368342420795924,0.8074773004392946,False,-2.554653483832638,True
ingv,EEC1,mag,max,2022-12-02 05:07:02,0.5136,False,1.7009391309776052,-0.20142876259160492,0.15639811250268476,3.3329276109091386,False,-2.5903251982729527,False
ingv,EEC1,mag,max,2022-11-25 19:33:54,0.5154,False,4.718118344874147,3.95968294259999,0.11780341459254405,3.2755315851998708,False,-2.610731203223576,False
ingv,EEC1,mag,stack,2022-12-10 20:39:18,0.3527,True,1.6724495911180202,-0.7619894668693625,0.08962762308814134,3.1181975128050774,False,-2.6116962268827475,False
ingv,EEC1,mag,stack,2023-01-15 03:34:27,0.3691,True,1.8518423346829764,1.0802903199885616,0.2853114238759285,1.0464181749462904,False,-2.6165128781433094,False
ingv,EEC1,mag,stack,2022-11-19 20:38:31,0.343,True,3.329963544429465,-0.08035281072135847,0.21688920551276974,2.810420903553492,False,-2.6486861547598304,False
ingv,ECPN,mag,stack,2023-01-05 20:31:11,0.3829,True,2.064711864409365,-0.11305496187177644,0.3705709282310665,1.3229004095755563,False,-2.71607765672918,False
ingv,ECPN,mag,stack,2023-01-03 09:22:24,0.3739,True,2.7267053600052034,0.9359069060821184,0.2618432592112032,1.8834237852658613,False,-2.722182150728611,False
ingv,EEC1,mag,max,2022-12-10 01:37:00,0.5294,False,2.483020117668876,0.878285380320249,0.09028197906428977,3.8873305580007065,False,-2.7226970588387243,False
ingv,EEC1,mag,stack,2023-01-14 16:47:22,0.3203,False,2.343824983955477,1.1479087942296804,0.27763934589972367,1.1611733323379574,False,-2.764632677452006,False
ingv,ECPN,mag,stack,2022-12-18 10:57:13,0.3698,False,1.4463825742208178,-0.5241940382274293,0.15966636047651597,2.684726627458789,False,-2.8932636309520876,False
ingv,EEC1,mag,stack,2022-12-17 16:30:18,0.3191,False,2.8263696511084615,0.009920314850736744,0.1736701733644013,2.8604976733253475,False,-2.9677260946792567,False
ingv,EEC1,mag,stack,2022-12-10 01:40:19,0.3716,True,2.148133601964708,0.7168611886870009,0.21034625754727926,2.241372415396518,False,-3.0566559750500577,False
ingv,EEC1,mag,max,2022-12-30 19:53:26,0.5194,False,2.3339425924076016,1.2130743438649123,0.2392816833063609,2.779609406779413,False,-3.0594589977236266,False
ingv,EEC1,mag,max,2023-01-16 19:50:09,0.5232,False,2.2054920798228053,2.452603318248533,0.05234630245741787,3.4189370356383004,False,-3.0745420584658723,False
ingv,EEC1,mag,stack,2023-02-10 08:57:26,0.3478,True,4.144219303838654,-0.8490095419902199,0.20641726587906817,4.0665902522548185,False,-3.085240224499259,False
ingv,ECPN,mag,stack,2022-12-23 02:53:45,0.3818,True,1.8549522823682802,0.6554966271313178,0.18294567495074934,2.4624762499528687,False,-3.2089080008048505,False
ingv,EEC1,mag,stack,2022-12-26 04:15:06,0.3181,False,2.164679882594449,0.790532716725088,0.08613378180219865,2.913467599988672,False,-3.27749370670175,False
ingv,EEC1,mag,stack,2023-01-31 10:38:28,0.3268,False,2.847403118120384,2.1450427360280715,0.04904039772387949,2.958889706126559,False,-3.3077671955158445,False
ingv,EEC1,mag,max,2022-12-09 23:50:31,0.543,True,5.194102250112234,4.01551826461492,0.42231152755998974,2.0698609253867533,False,-3.319177347117978,False
ingv,EEC1,mag,stack,2022-11-20 16:43:52,0.334,True,3.8861436666881866,0.4166897316411706,0.38695702416515093,2.1683843257774176,False,-3.388958685078546,False
ingv,EEC1,mag,stack,2022-12-25 21:54:21,0.3301,False,2.364263297686277,1.2774453061501285,0.39062108789249944,0.8263839595703988,False,-3.394587465827469,True
ingv,EEC1,mag,stack,2023-01-04 04:15:15,0.371,True,1.3346226913999977,-0.5604044636208734,0.16943301956534942,2.9333820894133615,False,-3.397449612975751,False
ingv,EEC1,mag,stack,2022-12-09 11:34:46,0.3293,False,2.907473324964864,0.6148774466552926,0.13993097090875783,3.2384643071441004,False,-3.4481679883121252,False
ingv,EEC1,mag,max,2023-01-25 17:58:42,0.5165,False,3.0766749395158506,3.5565562356807723,0.45534934143815703,0.8392258140066359,False,-3.5123498054389484,False
ingv,EEC1,mag,stack,2023-01-22 23:51:14,0.3193,False,5.425613662024496,6.1524167052163055,0.061732292528833436,2.4894491521048114,False,-3.573821112153914,False
ingv,EEC1,mag,stack,2022-11-28 17:05:18,0.3337,True,1.7240887045619873,-0.21858102426547577,0.2922669212602607,2.0673297363641385,False,-3.6183953040730996,False
ingv,EEC1,mag,max,2022-11-30 12:57:40,0.5445,True,2.671988523436935,-0.014847832470440192,0.3362051534776995,3.4625896550519624,False,-3.629939683776268,False
ingv,EEC1,mag,max,2023-01-31 23:26:06,0.5369,True,3.5916426771179366,3.5544553756949657,0.46357223493972044,1.297737125050619,False,-3.653465768523063,False
ingv,ECPN,mag,stack,2023-02-16 23:32:12,0.388,True,2.074183635637712,0.6322520331057593,0.3589788249475971,1.7500895225858644,False,-3.6849531107396345,False
ingv,ECPN,mag,stack,2022-12-31 16:03:46,0.3653,False,3.2462457188584772,1.5075603890799094,0.4061344374777705,1.521785304851177,False,-3.6858079858797836,False
ingv,EEC1,mag,stack,2022-12-28 22:39:15,0.3321,True,1.5142608203128243,-0.23738709989924667,0.12818628430935666,3.2309088308663516,False,-3.824662720876562,False
ingv,EEC1,mag,stack,2023-01-23 07:27:30,0.3565,True,2.429075214651588,2.2105427345203177,0.060210458962971614,3.1708850307063052,False,-3.8537099524232468,False
ingv,ECPN,mag,stack,2023-02-18 17:11:02,0.3966,True,2.07875885248178,1.3864135314976922,0.35096846886960203,1.7063098760642732,False,-4.000995957688993,False
ingv,EEC1,mag,max,2022-12-22 17:47:31,0.5287,False,1.9602336766117414,-0.6092286849756627,0.11818340833868574,5.06611544556426,False,-4.049157290525904,False
ingv,ECPN,mag,stack,2023-02-13 06:19:11,0.4082,True,1.6466704544834536,0.45306062935874136,0.3730325104331271,1.9501171641012869,False,-4.156840515093449,False
ingv,EEC1,mag,stack,2023-02-12 00:33:45,0.3197,False,1.4534435858528922,0.03356668473039148,0.22591288777675497,2.55653971591776,False,-4.175276063720908,False
ingv,EEC1,mag,stack,2022-12-30 02:33:09,0.3207,False,1.7663861851329699,0.05852310950839268,0.3399641456556891,1.9694828025286322,False,-4.2206990462319816,False
ingv,EEC1,mag,max,2023-01-07 18:53:50,0.5454,True,8.795890842215599,14.25835557831709,0.07677277680026463,2.140505306102634,False,-4.3200516814299865,False
experiment,ECOR,mag,max,2023-07-29 13:57:56,0.6027,False,3.1179796710458136,2.9289551601050796,0.39358350566382916,2.745162814942618,False,-4.405890784490944,False
ingv,ECPN,mag,max,2023-01-13 19:44:56,0.6918,True,2.560052977321777,3.0189410635487466,0.49274859655524395,2.2379152155235675,False,-4.426644287796817,False
ingv,EEC1,mag,stack,2023-01-13 05:29:29,0.3275,False,2.1674154413524382,0.5306851592443529,0.2164405976791208,3.037931476294127,False,-4.472634207298997,False
ingv,EEC1,mag,stack,2023-01-04 19:02:10,0.3456,True,1.9107455294524653,2.374806625876741,0.38502708651492756,1.0731487468228371,False,-4.702880131399512,False
ingv,EEC1,mag,stack,2023-02-12 06:17:11,0.3556,True,1.2687744143716446,-0.5651521973481888,0.21118134263620958,3.6100425938257987,False,-4.949590093036076,False
ingv,EEC1,mag,stack,2023-01-15 07:36:23,0.3527,True,2.805123419393267,4.809651780622759,0.14075021825439962,2.373024248928455,False,-5.07958461420479,False
ingv,EEC1,mag,stack,2022-12-12 07:56:52,0.3191,False,1.8405468797678919,-0.7148962374036052,0.18774269051718703,4.210810494591565,False,-5.310393486402818,False
ingv,EEC1,mag,max,2023-01-03 08:32:14,0.5523,True,4.36492997850895,6.508044401342538,0.5617337557457687,0.9390547302877342,False,-5.443342706039509,False
ingv,EEC1,mag,stack,2023-02-04 00:42:44,0.3273,False,3.2417592228236285,2.824650634087712,0.5850628744764533,1.0339622620928428,False,-6.011488883489655,False
experiment,ECOR,mag,max,2023-07-31 13:32:45,0.5821,False,8.314656617338981,10.353431130088737,0.6907476046578349,1.2934836415897542,False,-6.484303746355559,False
ingv,ECPN,mag,stack,2023-01-13 19:44:58,0.4323,True,2.560052977321777,3.0148839827358493,0.49329235046309633,2.2909310483386314,False,-6.69372691920919,False
ingv,EEC1,mag,stack,2022-12-23 01:30:16,0.3252,False,1.6583615127943838,-0.2639023096040658,0.1439335285685693,5.723096735266872,False,-7.441592661271921,False
ingv,EEC1,mag,stack,2023-01-26 07:12:13,0.3285,False,2.6641797719136004,3.6081811392783196,0.5484700535367069,2.9771505919690147,False,-9.422732943098483,False
ingv,EEC1,mag,stack,2023-01-01 02:11:54,0.3447,True,4.107603694845255,6.566456928125273,0.5483297056642428,2.4668988659200224,False,-9.482325531829098,False
