dataset,station,sim,template,floor_detect,floor_signif,n_detect,n_signif,n_between,max_r,mean_r
ingv,ECPN,sim1,template1,0.4922,0.5194,23,11,12,0.587,0.523
ingv,ECPN,sim1,template2,0.5013,0.5489,18,3,15,0.6,0.522
ingv,ECPN,sim1,template3,0.5231,0.5543,33,12,21,0.656,0.553
ingv,ECPN,sim1,template4,0.2792,0.3098,36,8,28,0.341,0.299
ingv,ECPN,sim2,template1,0.5292,0.5651,43,20,23,0.642,0.562
ingv,ECPN,sim2,template2,0.5356,0.5725,34,6,28,0.639,0.557
ingv,ECPN,sim2,template3,0.5024,0.5294,63,32,31,0.603,0.537
ingv,ECPN,sim2,template4,0.3052,0.3473,70,8,62,0.398,0.327
ingv,ECPN,sim3,template1,0.5653,0.6138,15,4,11,0.669,0.602
ingv,ECPN,sim3,template2,0.6133,0.6708,11,1,10,0.715,0.647
ingv,ECPN,sim3,template3,0.6148,0.6765,13,2,11,0.737,0.643
ingv,ECPN,sim3,template4,0.4125,0.4439,5,2,3,0.458,0.436
ingv,ECPN,sim4,template1,0.5622,0.6094,39,9,30,0.633,0.593
ingv,ECPN,sim4,template2,0.6195,0.6661,4,1,3,0.706,0.649
ingv,ECPN,sim4,template3,0.5282,0.5801,106,32,74,0.706,0.568
ingv,ECPN,sim4,template4,0.3762,0.3914,14,9,5,0.443,0.403
ingv,EEC1,sim1,template1,0.4314,0.4651,61,16,45,0.538,0.457
ingv,EEC1,sim1,template2,0.4591,0.4881,43,12,31,0.571,0.483
ingv,EEC1,sim1,template3,0.4826,0.5108,42,13,29,0.588,0.506
ingv,EEC1,sim1,template4,0.2728,0.295,51,20,31,0.386,0.297
ingv,EEC1,sim2,template1,0.4889,0.5378,88,47,41,0.69,0.552
ingv,EEC1,sim2,template2,0.4921,0.5402,18,3,15,0.563,0.514
ingv,EEC1,sim2,template3,0.4685,0.4923,15,9,6,0.537,0.501
ingv,EEC1,sim2,template4,0.2792,0.3007,52,15,37,0.369,0.297
ingv,EEC1,sim3,template1,0.497,0.5446,49,12,37,0.605,0.527
ingv,EEC1,sim3,template2,0.411,0.4526,179,68,111,0.585,0.453
ingv,EEC1,sim3,template3,0.4151,0.4487,199,104,95,0.617,0.463
ingv,EEC1,sim3,template4,0.274,0.3067,106,32,74,0.387,0.299
ingv,EEC1,sim4,template1,0.4725,0.5122,99,60,39,0.677,0.542
ingv,EEC1,sim4,template2,0.4249,0.4416,176,123,53,0.599,0.469
ingv,EEC1,sim4,template3,0.4303,0.4587,134,68,66,0.583,0.469
ingv,EEC1,sim4,template4,0.2459,0.2652,223,135,88,0.395,0.283
experiment,EC1,sim1,template1,0.4772,0.506,1,0,1,0.488,0.488
experiment,EC1,sim1,template2,0.4768,0.5151,3,1,2,0.56,0.523
experiment,EC1,sim1,template3,0.4898,0.5361,4,0,4,0.524,0.512
experiment,EC1,sim1,template4,0.282,0.2977,5,2,3,0.314,0.297
experiment,EC1,sim2,template1,0.4889,0.514,14,11,3,0.642,0.539
experiment,EC1,sim2,template2,0.4812,0.5197,7,0,7,0.517,0.501
experiment,EC1,sim2,template3,0.5343,0.5732,1,0,1,0.542,0.542
experiment,EC1,sim2,template4,0.3124,0.3372,7,1,6,0.36,0.326
experiment,EC1,sim3,template1,0.5022,0.5331,6,2,4,0.567,0.528
experiment,EC1,sim3,template2,0.5048,0.5343,4,2,2,0.554,0.532
experiment,EC1,sim3,template3,0.528,0.563,1,0,1,0.544,0.544
experiment,EC1,sim3,template4,0.2879,0.3212,8,3,5,0.365,0.318
experiment,EC1,sim4,template1,0.5276,0.5515,8,5,3,0.599,0.564
experiment,EC1,sim4,template2,0.5081,0.5453,3,1,2,0.566,0.533
experiment,EC1,sim4,template3,0.5566,0.5938,1,0,1,0.572,0.572
experiment,EC1,sim4,template4,0.2857,0.311,11,7,4,0.369,0.323
experiment,EC10,sim1,template1,0.4865,0.5175,0,0,0,0.0,0.0
experiment,EC10,sim1,template2,0.4805,0.5089,6,1,5,0.514,0.497
experiment,EC10,sim1,template3,0.5041,0.5419,4,1,3,0.572,0.533
experiment,EC10,sim1,template4,0.2819,0.3081,2,0,2,0.293,0.29
experiment,EC10,sim2,template1,0.5211,0.5541,4,0,4,0.549,0.541
experiment,EC10,sim2,template2,0.4948,0.5321,3,2,1,0.568,0.547
experiment,EC10,sim2,template3,0.523,0.5543,1,1,0,0.59,0.59
experiment,EC10,sim2,template4,0.2894,0.3063,2,0,2,0.302,0.297
experiment,EC10,sim3,template1,0.5118,0.5491,1,0,1,0.527,0.527
experiment,EC10,sim3,template2,0.522,0.5505,0,0,0,0.0,0.0
experiment,EC10,sim3,template3,0.4801,0.5044,4,2,2,0.527,0.507
experiment,EC10,sim3,template4,0.2619,0.2851,3,3,0,0.352,0.335
experiment,EC10,sim4,template1,0.5489,0.5817,0,0,0,0.0,0.0
experiment,EC10,sim4,template2,0.5234,0.5507,1,0,1,0.525,0.525
experiment,EC10,sim4,template3,0.4834,0.5182,4,3,1,0.541,0.527
experiment,EC10,sim4,template4,0.3376,0.3644,0,0,0,0.0,0.0
experiment,ECIT,sim1,template1,0.4469,0.4802,8,4,4,0.548,0.493
experiment,ECIT,sim1,template2,0.443,0.4818,10,2,8,0.543,0.471
experiment,ECIT,sim1,template3,0.5054,0.544,6,3,3,0.586,0.543
experiment,ECIT,sim1,template4,0.2511,0.2878,12,5,7,0.338,0.281
experiment,ECIT,sim2,template1,0.4894,0.5614,11,3,8,0.632,0.542
experiment,ECIT,sim2,template2,0.4644,0.5014,5,2,3,0.537,0.506
experiment,ECIT,sim2,template3,0.4306,0.4474,14,9,5,0.546,0.474
experiment,ECIT,sim2,template4,0.2522,0.2758,20,5,15,0.342,0.273
experiment,ECIT,sim3,template1,0.5185,0.5507,4,4,0,0.641,0.597
experiment,ECIT,sim3,template2,0.5074,0.5556,4,0,4,0.523,0.518
experiment,ECIT,sim3,template3,0.5622,0.5991,0,0,0,0.0,0.0
experiment,ECIT,sim3,template4,0.312,0.337,5,2,3,0.383,0.342
experiment,ECIT,sim4,template1,0.5043,0.5427,5,4,1,0.674,0.595
experiment,ECIT,sim4,template2,0.5113,0.5508,3,0,3,0.522,0.519
experiment,ECIT,sim4,template3,0.5423,0.5702,0,0,0,0.0,0.0
experiment,ECIT,sim4,template4,0.3116,0.3324,4,1,3,0.379,0.333
experiment,ECOR,sim1,template1,0.4946,0.5331,1,0,1,0.517,0.517
experiment,ECOR,sim1,template2,0.4965,0.5391,1,0,1,0.51,0.51
experiment,ECOR,sim1,template3,0.5588,0.5821,3,2,1,0.615,0.591
experiment,ECOR,sim1,template4,0.2774,0.3081,1,0,1,0.288,0.288
experiment,ECOR,sim2,template1,0.637,0.6678,5,0,5,0.667,0.651
experiment,ECOR,sim2,template2,0.4461,0.5014,9,2,7,0.572,0.494
experiment,ECOR,sim2,template3,0.3942,0.4218,17,12,5,0.549,0.455
experiment,ECOR,sim2,template4,0.254,0.283,14,5,9,0.322,0.281
experiment,ECOR,sim3,template1,0.5034,0.5517,8,7,1,0.644,0.572
experiment,ECOR,sim3,template2,0.4888,0.5189,2,0,2,0.515,0.51
experiment,ECOR,sim3,template3,0.5118,0.5371,0,0,0,0.0,0.0
experiment,ECOR,sim3,template4,0.2927,0.318,1,1,0,0.334,0.334
experiment,ECOR,sim4,template1,0.496,0.5303,3,3,0,0.71,0.655
experiment,ECOR,sim4,template2,0.4846,0.5389,1,0,1,0.513,0.513
experiment,ECOR,sim4,template3,0.5183,0.5601,1,1,0,0.571,0.571
experiment,ECOR,sim4,template4,0.2861,0.3065,2,1,1,0.314,0.301
experiment,EMAS,sim2,template1,0.5526,0.5944,11,3,8,0.628,0.584
experiment,EMAS,sim2,template2,0.4811,0.5298,3,2,1,0.557,0.542
experiment,EMAS,sim2,template3,0.4743,0.5126,3,1,2,0.517,0.496
experiment,EMAS,sim2,template4,0.2689,0.2838,13,10,3,0.345,0.3
experiment,EMAS,sim3,template1,0.5413,0.5686,7,5,2,0.621,0.585
experiment,EMAS,sim3,template2,0.5379,0.5972,5,1,4,0.637,0.576
experiment,EMAS,sim3,template3,0.5789,0.613,2,2,0,0.707,0.673
experiment,EMAS,sim3,template4,0.3158,0.3484,10,7,3,0.44,0.382
experiment,EMAS,sim4,template1,0.5512,0.6048,10,6,4,0.675,0.611
experiment,EMAS,sim4,template2,0.5268,0.5774,6,1,5,0.602,0.556
experiment,EMAS,sim4,template3,0.602,0.6466,3,0,3,0.626,0.619
experiment,EMAS,sim4,template4,0.3143,0.3486,16,10,6,0.397,0.358
